od,origin,destination,original_origin,original_destination,demand,pi_w,protected_demand,unprotected_demand,z_value,covered,u_w,service_capacity_ratio,path_length,shortest_length,detour_cap,model_uncovered_length,uncovered_cap_if_required,reference_path_used
1->14,1,14,392,406,3.0,0.37898177,1.13694531,1.86305469,0.0,False,1.0,0.0,2627.58688841157,2265.516877593976,2718.620253112771,1535.5382140515628,453.10337551879525,True
1->15,1,15,392,407,2.0,0.43688532,0.87377064,1.12622936,0.0,False,1.0,0.0,2116.1348513390312,1954.721992141428,2345.6663905697137,922.4808513390312,390.94439842828564,True
1->16,1,16,392,408,1.0,0.51051601,0.51051601,0.48948399,0.0,False,1.0,0.0,1828.267624468033,1828.267624468033,2193.9211493616394,1275.488738859488,365.65352489360663,True
1->17,1,17,392,409,2.0,0.44227883,0.88455766,1.11544234,0.0,False,1.0,0.0,1535.7983315602833,1455.26214344357,1746.314572132284,856.9013315602832,291.05242868871403,True
1->18,1,18,392,410,1.0,0.50871097,0.50871097,0.49128903,0.0,False,1.0,0.0,1578.701208904545,1578.701208904545,1894.441450685454,847.658956543402,315.740241780909,True
1->19,1,19,392,412,1.0,0.47921654,0.47921654,0.52078346,0.0,False,1.0,0.0,1328.730208904545,1328.730208904545,1594.4762506854538,847.6589565434019,265.746041780909,True
1->2,1,2,392,393,2.0,0.45981818,0.91963636,1.0803636399999998,0.0,False,1.0,0.0,529.818049236598,529.818049236598,635.7816590839176,529.818049236598,105.9636098473196,True
1->20,1,20,392,413,1.0,0.46893949,0.46893949,0.53106051,0.0,False,1.0,0.0,1178.9685175363309,1061.69118002923,1274.029416035076,613.532265175188,212.33823600584603,True
1->24,1,24,392,417,1.0,0.53660787,0.53660787,0.46339213,0.0,False,1.0,0.0,2193.680344943607,2032.375680183543,2438.8508162202515,1275.549320824355,406.4751360367086,True
1->26,1,26,392,419,2.0,0.72270434,1.44540868,0.5545913200000001,0.0,False,1.0,0.0,1975.2890410545444,1730.0705855462556,2076.0847026555066,1214.1451593640825,346.0141171092512,True
1->28,1,28,392,421,2.0,0.4566979,0.9133958,1.0866042,0.0,False,1.0,0.0,1508.4274970976558,1257.1445213119498,1508.5734255743398,1228.0335822360607,251.42890426238998,True
1->29,1,29,392,423,1.0,0.537345,0.537345,0.46265500000000004,0.0,False,1.0,0.0,1013.905,1013.905,1216.686,1013.905,202.781,True
1->3,1,3,392,394,8.0,0.49071069,3.92568552,4.07431448,0.0,False,1.0,0.0,909.4529329092419,909.4529329092419,1091.3435194910903,909.4529329092419,181.8905865818484,True
1->4,1,4,392,395,3.0,0.50406748,1.51220244,1.48779756,0.0,False,1.0,0.0,762.944912262152,762.944912262152,915.5338947145824,712.349912262152,152.5889824524304,True
1->5,1,5,392,396,1.0,0.60153979,0.60153979,0.39846021,0.0,False,1.0,0.0,1107.098178691521,934.76214344357,1121.714572132284,710.841178691521,186.952428688714,True
1->6,1,6,392,397,4.0,0.53765383,2.15061532,1.84938468,0.0,False,1.0,0.0,1554.5310078821221,1296.204187629811,1555.4450251557732,774.2523106425431,259.2408375259622,True
1->7,1,7,392,398,3.0,0.66039576,1.9811872799999999,1.0188127200000001,0.0,False,1.0,0.0,1289.4488208016157,1289.4488208016157,1547.3385849619387,787.5629329092417,257.8897641603232,True
1->8,1,8,392,399,1.0,0.6292769,0.6292769,0.37072309999999997,0.0,False,1.0,0.0,2124.8716387685236,2124.8716387685236,2549.845966522228,926.9561434435695,424.97432775370476,True
1->9,1,9,392,401,1.0,0.39506199,0.39506199,0.60493801,0.0,False,1.0,0.0,2424.025978667184,2235.8443638059935,2683.013236567192,756.6127259942295,447.1688727611987,True
10->11,10,11,402,403,35.0,0.24569016,8.5991556,26.4008444,1.0,True,0.14855023082380156,0.8514497691761984,572.298,572.298,686.7576,85.01499999999999,114.45960000000001,False
10->12,10,12,402,404,23.0,0.22045179,5.070391170000001,17.92960883,1.0,True,2.144848531560928e-16,0.9999999999999998,1065.0748518274672,1060.0919929658592,1272.1103915590309,2.2737367544323206e-13,212.01839859317184,False
10->13,10,13,402,405,14.0,0.42060832,5.88851648,8.11148352,1.0,True,0.09183054641733003,0.90816945358267,1427.495767821081,1403.1169913161282,1683.7403895793539,128.84900000000016,280.6233982632256,False
10->14,10,14,402,406,18.0,0.12903768,2.3226782399999997,15.677321760000002,1.0,True,0.19899183953937485,0.8010081604606252,647.5089646804561,647.5089646804561,777.0107576165473,128.84900000000005,129.50179293609122,False
10->15,10,15,402,407,3.0,0.25540113,0.7662033899999999,2.23379661,0.0,False,1.0,0.0,946.1311045456491,850.2211831777349,1020.2654198132818,272.453439047395,170.044236635547,True
10->16,10,16,402,408,4.0,0.23514626,0.94058504,3.05941496,0.0,False,1.0,0.0,919.781986292009,918.144403038417,1101.7732836461003,330.05032683027,183.6288806076834,True
10->17,10,17,402,409,1.0,0.24331398,0.24331398,0.75668602,0.0,False,1.0,0.0,1464.9273812410179,1294.5541079517059,1553.464929542047,318.47472298620687,258.9108215903412,True
10->18,10,18,402,410,4.0,0.32786046,1.31144184,2.68855816,1.0,True,0.1606044896738622,0.8393955103261378,1427.0741385579963,1229.299031875593,1475.1588382507116,197.4309436709525,245.85980637511864,False
10->19,10,19,402,412,3.0,0.31413553,0.94240659,2.05759341,1.0,True,0.13841407121990434,0.8615859287800957,1426.3791385579962,1426.3791385579962,1711.6549662695954,197.43094367095227,285.2758277115992,False
10->2,10,2,402,393,2.0,0.22282034,0.44564068,1.55435932,1.0,True,0.19592090879871177,0.8040790912012883,2207.134250549871,2207.134250549871,2648.561100659845,432.4237482084943,441.4268501099742,False
10->20,10,20,402,413,5.0,0.22382062,1.1191031,3.8808968999999998,1.0,True,0.11200083513912024,0.8879991648608798,1762.763138557996,1762.763138557996,2115.315766269595,197.43094367095227,352.5526277115992,False
10->21,10,21,402,414,2.0,0.27632836,0.55265672,1.4473432800000001,1.0,True,0.1519149130606587,0.8480850869393413,1582.625064512358,1582.625064512358,1899.1500774148294,240.42434908301425,316.52501290247164,False
10->22,10,22,402,415,4.0,0.51669846,2.06679384,1.9332061600000001,1.0,True,0.13151214747669118,0.8684878525233088,1189.791232233757,1189.791232233757,1427.7494786805084,156.47199999999998,237.95824644675142,False
10->23,10,23,402,416,1.0,0.26241823,0.26241823,0.73758177,0.0,False,1.0,0.0,1909.0184311116059,1886.2684818670791,2263.5221782404947,706.5681274115279,377.25369637341583,True
10->25,10,25,402,418,1.0,0.30555363,0.30555363,0.69444637,0.0,False,1.0,0.0,1994.689045359915,1994.689045359915,2393.626854431898,589.8100000000004,398.93780907198305,True
10->26,10,26,402,419,7.0,0.50107438,3.5075206600000004,3.4924793399999996,0.0,False,1.0,0.0,2239.4470053990913,2239.4470053990913,2687.3364064789093,621.5778317060524,447.8894010798183,True
10->27,10,27,402,420,3.0,0.41405089,1.24215267,1.7578473300000002,0.0,False,1.0,0.0,3441.708047122246,3044.0533723149547,3652.8640467779455,1357.2942114654993,608.810674462991,True
10->28,10,28,402,421,2.0,0.17683763,0.35367526,1.64632474,0.0,False,1.0,0.0,2473.93935285795,2221.977640278163,2666.3731683337955,724.455676692934,444.39552805563267,True
10->3,10,3,402,394,2.0,0.24675781,0.49351562,1.50648438,0.0,False,1.0,0.0,2799.429549767183,2799.429549767183,3359.3154597206194,1603.128589632699,559.8859099534366,True
10->4,10,4,402,395,2.0,0.28211048,0.56422096,1.43577904,1.0,True,0.17082925480398614,0.8291707451960139,1956.670414937656,1956.670414937656,2348.004497925187,334.2565488808061,391.33408298753125,False
10->5,10,5,402,396,3.0,0.28974923,0.8692476900000001,2.13075231,1.0,True,0.1867021862645924,0.8132978137354077,1790.3194149376561,1790.3194149376561,2148.3832979251874,334.25654888080635,358.06388298753126,False
10->6,10,6,402,397,7.0,0.23045765,1.61320355,5.38679645,1.0,True,0.14705066188654056,0.8529493381134594,1423.0235090152898,1423.0235090152898,1707.6282108183477,209.2565488808059,284.604701803058,False
10->7,10,7,402,398,3.0,0.43319393,1.29958179,1.7004182099999998,0.0,False,1.0,0.0,2223.102843356902,2223.102843356902,2667.7234120282824,1065.9502916686724,444.62056867138045,True
10->8,10,8,402,399,35.0,0.39580316,13.853110599999999,21.1468894,1.0,True,0.14815622096530986,0.8518437790346901,1667.2199006603719,1667.2199006603719,2000.6638807924462,247.00900000000001,333.4439801320744,False
10->9,10,9,402,401,8.0,0.18605352,1.48842816,6.51157184,1.0,True,0.11999316400308827,0.8800068359969118,477.37719457523195,477.37719457523195,572.8526334902783,57.28199999999998,95.4754389150464,False
11->10,11,10,403,402,37.0,0.25451902,9.41720374,27.58279626,1.0,True,0.14855023082380156,0.8514497691761984,572.298,572.298,686.7576,85.01499999999999,114.45960000000001,False
11->12,11,12,403,404,39.0,0.2585493,10.0834227,28.9165773,1.0,True,0.11342833516468329,0.8865716648353167,636.304851827467,636.304851827467,763.5658221929604,72.17500000000007,127.2609703654934,False
11->13,11,13,403,405,23.0,0.42798114,9.84356622,13.15643378,1.0,True,0.07364807352689946,0.9263519264731005,979.998478488898,979.998478488898,1175.9981741866775,72.17499999999995,195.9996956977796,False
11->14,11,14,403,406,24.0,0.17627792,4.23067008,19.76932992,1.0,True,0.18913311889371606,0.8108668811062839,1388.301164090058,1216.3398028868721,1459.6077634642465,230.05014055456195,243.26796057737442,False
11->15,11,15,403,407,2.0,0.17515333,0.35030666,1.64969334,1.0,True,0.199001844723275,0.800998155276725,1636.2089695124478,1419.31319311995,1703.17583174394,282.4459436709519,283.86263862399,False
11->16,11,16,403,408,3.0,0.2405061,0.7215183000000001,2.2784817000000004,1.0,True,0.14811488870804546,0.8518851112919545,1494.5006146481098,1490.442403038417,1788.5308836461004,220.756710651787,298.08848060768344,False
11->17,11,17,403,409,3.0,0.25724256,0.77172768,2.22827232,1.0,True,0.17596195772516898,0.824038042274831,2046.2600907375877,1866.852107951706,2240.222529542047,328.4949516985407,373.37042159034127,False
11->18,11,18,403,410,4.0,0.24041459,0.96165836,3.03834164,1.0,True,0.1570547990416237,0.8429452009583763,1999.3721385579959,1798.3910418178082,2158.0692501813696,282.44594367095215,359.6782083635617,False
11->19,11,19,403,412,3.0,0.24486646,0.73459938,2.26540062,1.0,True,0.14131644287217446,0.8586835571278255,1998.677138557996,1998.677138557996,2398.412566269595,282.44594367095215,399.7354277115992,False
11->2,11,2,403,393,3.0,0.20017171,0.60051513,2.39948487,1.0,True,0.18616706635181574,0.8138329336481842,2779.4322505498712,2779.4322505498712,3335.3187006598455,517.4387482084944,555.8864501099742,False
11->20,11,20,403,413,5.0,0.268428,1.34214,3.65786,1.0,True,0.12095869311814916,0.8790413068818508,2335.061138557996,2335.061138557996,2802.073366269595,282.4459436709526,467.0122277115992,False
11->21,11,21,403,414,3.0,0.3382996,1.0148987999999999,1.9851012,0.0,False,1.0,0.0,2151.455902718774,2151.455902718774,2581.7470832625286,762.593822308424,430.29118054375476,True
11->22,11,22,403,415,5.0,0.51834963,2.59174815,2.40825185,0.0,False,1.0,0.0,1838.6489182260439,1758.622070440173,2110.3464845282074,606.4398097867218,351.7244140880346,True
11->23,11,23,403,416,2.0,0.21787196,0.43574392,1.56425608,0.0,False,1.0,0.0,1480.248431111606,1463.149969039849,1755.779962847819,778.7431274115279,292.6299938079698,True
11->26,11,26,403,419,4.0,0.47239445,1.8895778,2.1104222,0.0,False,1.0,0.0,2812.0103107892282,2766.89593614156,3320.275123369872,926.3400885843776,553.379187228312,True
11->27,11,27,403,420,1.0,0.36002044,0.36002044,0.63997956,0.0,False,1.0,0.0,4138.157930736562,3571.502303057423,4285.802763668908,1607.3819011183618,714.3004606114846,True
11->28,11,28,403,421,1.0,0.1990138,0.1990138,0.8009862,1.0,True,0.14669574825157153,0.8533042517484285,2884.889286935123,2791.0696502203787,3349.2835802644545,409.4380507613305,558.2139300440757,False
11->3,11,3,403,394,2.0,0.24544921,0.49089842,1.50910158,0.0,False,1.0,0.0,3371.727549767183,3371.727549767183,4046.0730597206193,1688.143589632699,674.3455099534367,True
11->4,11,4,403,395,3.0,0.24294915,0.72884745,2.27115255,1.0,True,0.16578757820948983,0.8342124217905101,2528.9684149376562,2528.9684149376562,3034.7620979251874,419.2715488808062,505.79368298753127,False
11->5,11,5,403,396,1.0,0.27028348,0.27028348,0.72971652,1.0,True,0.17746061898552018,0.8225393810144799,2362.617414937656,2362.617414937656,2835.1408979251873,419.271548880806,472.5234829875312,False
11->6,11,6,403,397,12.0,0.28339137,3.40069644,8.599303560000001,1.0,True,0.1474807681625364,0.8525192318374636,1995.3215090152896,1995.3215090152896,2394.3858108183476,294.2715488808062,399.06430180305796,False
11->8,11,8,403,399,36.0,0.39094052,14.07385872,21.92614128,1.0,True,0.1482569082846335,0.8517430917153666,2239.5179006603717,2239.5179006603717,2687.421480792446,332.02399999999966,447.90358013207435,False
11->9,11,9,403,401,9.0,0.15894164,1.43047476,7.56952524,1.0,True,0.13556288720110501,0.864437112798895,1049.6751945752321,1049.6751945752321,1259.6102334902785,142.29700000000014,209.93503891504645,False
12->10,12,10,404,402,27.0,0.23492839,6.34306653,20.656933470000002,1.0,True,0.18990091108753104,0.810099088912469,1078.759184621779,1060.091992965859,1272.1103915590306,201.31243530081315,212.0183985931718,False
12->11,12,11,404,403,50.0,0.26723616,13.361808,36.638192000000004,1.0,True,0.11342833516468329,0.8865716648353167,636.304851827467,636.304851827467,763.5658221929604,72.17500000000007,127.2609703654934,False
12->13,12,13,404,405,31.0,0.39301023,12.18331713,18.81668287,1.0,True,0.0,1.0,692.1219239092029,692.1219239092029,830.5463086910435,0.0,138.4243847818406,False
12->14,12,14,404,406,25.0,0.15825603,3.95640075,21.04359925,1.0,True,0.0,1.0,1067.8876570367659,1067.8876570367659,1281.465188444119,0.0,213.57753140735318,False
12->15,12,15,404,407,5.0,0.16807217,0.8403608499999999,4.15963915,1.0,True,0.10211380677973383,0.8978861932202662,1496.139796901959,1406.31755465898,1687.581065590776,143.60443904739486,281.263510931796,False
12->16,12,16,404,408,1.0,0.24955364,0.24955364,0.75044636,0.0,False,1.0,0.0,1535.673188039312,1535.673188039312,1842.8078256471742,1234.963779609614,307.13463760786243,True
12->17,12,17,404,409,5.0,0.23817955,1.19089775,3.80910225,1.0,True,0.1494848091190874,0.8505151908809125,1757.2685361578929,1757.2685361578929,2108.7222433894713,262.6849516985408,351.4537072315786,False
12->18,12,18,404,410,4.0,0.27945551,1.11782204,2.88217796,1.0,True,0.08400708210798764,0.9159929178920123,1631.5285361578929,1631.5285361578929,1957.8342433894713,137.059951698541,326.3057072315786,False
12->19,12,19,404,412,6.0,0.26473018,1.58838108,4.41161892,1.0,True,0.07284612569101326,0.9271538743089868,1881.4995361578929,1881.4995361578929,2257.7994433894714,137.059951698541,376.2999072315786,False
12->2,12,2,404,393,5.0,0.19398554,0.9699277000000001,4.0300723,1.0,True,0.16971305554059238,0.8302869444594076,2680.411695825839,2680.411695825839,3216.494034991007,454.90085900534405,536.0823391651678,False
12->20,12,20,404,413,3.0,0.18354968,0.5506490399999999,2.44935096,1.0,True,0.06179763250146775,0.9382023674985323,2217.883536157893,2217.883536157893,2661.4602433894715,137.05995169854123,443.57670723157867,False
12->21,12,21,404,414,2.0,0.32049979,0.64099958,1.35900042,1.0,True,0.059577645702808914,0.9404223542971911,1872.7720400296619,1872.7720400296619,2247.3264480355942,111.57534908301386,374.5544080059324,False
12->22,12,22,404,415,2.0,0.54001456,1.08002912,0.9199708799999999,1.0,True,0.018664968479985524,0.9813350315200144,1479.9382077510609,1479.9382077510609,1775.925849301273,27.62299999999982,295.9876415502122,False
12->23,12,23,404,416,6.0,0.28392042,1.70352252,4.29647748,0.0,False,1.0,0.0,1183.5843203776972,1175.273414460154,1410.3280973521848,697.7805712573141,235.05468289203083,True
12->24,12,24,404,417,1.0,0.21560585,0.21560585,0.78439415,0.0,False,1.0,0.0,2006.013372530951,1949.678130406484,2339.6137564877804,863.928956516585,389.9356260812968,True
12->26,12,26,404,419,9.0,0.48323363,4.349102670000001,4.65089733,1.0,True,0.19478573851110728,0.8052142614888927,2529.5939809163947,2529.5939809163947,3035.5127770996737,492.7288317060518,505.91879618327897,False
12->27,12,27,404,420,1.0,0.39139029,0.39139029,0.6086097100000001,0.0,False,1.0,0.0,3882.4380061673437,3334.2003478322586,4001.04041739871,1162.5879189960083,666.8400695664518,True
12->28,12,28,404,421,1.0,0.2053455,0.2053455,0.7946545,1.0,True,0.11514796720335271,0.8848520327966473,2624.207144560463,2624.207144560463,3149.0485734725553,302.17211821665205,524.8414289120926,False
12->4,12,4,404,395,3.0,0.25951742,0.77855226,2.22144774,0.0,False,1.0,0.0,2452.242536157893,2452.242536157893,2942.6910433894714,823.884951698541,490.4485072315786,True
12->5,12,5,404,396,3.0,0.28690583,0.8607174899999999,2.13928251,1.0,True,0.16616867240889655,0.8338313275911035,2292.471536157893,2292.471536157893,2750.9658433894715,380.9369516985407,458.4943072315786,False
12->6,12,6,404,397,9.0,0.23837982,2.1454183799999997,6.854581619999999,0.0,False,1.0,0.0,2366.345975345569,2075.641167725491,2490.7694012705892,1054.379599569004,415.1282335450982,True
12->7,12,7,404,398,2.0,0.39807287,0.79614574,1.20385426,1.0,True,0.1707638660318761,0.8292361339681239,3076.331459578481,3014.109772032156,3616.931726438587,514.7010373166677,602.8219544064312,False
12->8,12,8,404,399,16.0,0.39906969,6.38511504,9.614884960000001,1.0,True,0.19984559855024686,0.8001544014497531,3104.909421784382,2611.8761727208057,3134.251407264967,521.9719570765174,522.3752345441611,False
12->9,12,9,404,401,4.0,0.14300367,0.57201468,3.42798532,1.0,True,0.14978781361477955,0.8502121863852204,1558.1156774540027,1533.4865525220966,1840.1838630265158,229.69759790995067,306.69731050441936,False
13->10,13,10,405,402,13.0,0.34781718,4.52162334,8.478376659999999,1.0,True,0.09183054641732973,0.9081694535826703,1427.4957678210806,1403.1169913161277,1683.7403895793532,128.8489999999997,280.62339826322557,False
13->11,13,11,405,403,26.0,0.41507432,10.79193232,15.20806768,1.0,True,0.07364807352689946,0.9263519264731005,979.998478488898,979.998478488898,1175.9981741866775,72.17499999999995,195.9996956977796,False
13->12,13,12,405,404,32.0,0.34513746,11.04439872,20.95560128,1.0,True,0.0,1.0,692.121923909203,692.121923909203,830.5463086910436,0.0,138.42438478184062,False
13->14,13,14,405,406,29.0,0.26862634,7.790163860000001,21.20983614,1.0,True,1.2625818006244787e-16,0.9999999999999999,900.431462463549,900.431462463549,1080.5177549562588,1.1368683772161603e-13,180.08629249270982,False
13->15,13,15,405,407,18.0,0.35882751,6.458895180000001,11.54110482,1.0,True,0.15392872441659985,0.8460712755834001,1352.2201902825338,1318.6739587800348,1582.4087505360417,202.98180039639874,263.734791756007,False
13->16,13,16,405,408,11.0,0.41226181,4.53487991,6.465120090000001,1.0,True,0.07721569500622565,0.9227843049937744,1647.7867613539108,1647.7867613539108,1977.344113624693,127.2349999999999,329.5573522707822,False
13->17,13,17,405,409,7.0,0.39714457,2.7800119899999998,4.21998801,1.0,True,0.08621140251177309,0.9137885974882269,1591.796341584676,1589.812341584676,1907.7748099016112,137.059951698541,317.9624683169352,False
13->18,13,18,405,410,26.0,0.38015553,9.88404378,16.11595622,1.0,True,0.09361555969986458,0.9063844403001354,1464.072341584676,1464.072341584676,1756.886809901611,137.05995169854077,292.81446831693523,False
13->19,13,19,405,412,8.0,0.37506271,3.00050168,4.99949832,1.0,True,0.07996294397773245,0.9200370560222676,1714.043341584676,1714.043341584676,2056.852009901611,137.05995169854077,342.8086683169352,False
13->2,13,2,405,393,1.0,0.31281305,0.31281305,0.6871869500000001,1.0,True,0.18102225000744837,0.8189777499925517,2512.9555012526225,2512.9555012526225,3015.546601503147,454.90085900534496,502.5911002505245,False
13->20,13,20,405,413,5.0,0.3533425,1.7667125000000001,3.2332875,1.0,True,0.06684457864896311,0.9331554213510369,2050.427341584676,2050.427341584676,2460.512809901611,137.05995169854123,410.08546831693525,False
13->21,13,21,405,414,4.0,0.40038212,1.60152848,2.39847152,1.0,True,0.1479212673939291,0.8520787326060709,1789.652371114516,1703.1125345171101,2043.735041420532,251.92656462025775,340.62250690342205,False
13->22,13,22,405,415,6.0,0.66507441,3.9904464600000003,2.0095535399999997,1.0,True,0.021081774398689437,0.9789182256013106,1312.482013177844,1310.2787022385091,1572.3344426862109,27.62299999999982,262.05574044770185,False
13->23,13,23,405,416,12.0,0.35802183,4.29626196,7.70373804,0.0,False,1.0,0.0,904.0987460461341,783.3528978359741,940.0234774031688,697.7805712573141,156.67057956719484,True
13->24,13,24,405,417,1.0,0.36545712,0.36545712,0.6345428799999999,0.0,False,1.0,0.0,1913.664995972764,1678.503461992464,2014.2041543909568,628.8059827949198,335.70069239849283,True
13->25,13,25,405,418,1.0,0.47993944,0.47993944,0.52006056,0.0,False,1.0,0.0,2144.7758263040023,1991.4825613734492,2389.779073648139,556.251,398.29651227468986,True
13->26,13,26,405,419,4.0,0.60724082,2.42896328,1.57103672,1.0,True,0.11785674920817682,0.8821432507918232,2365.8702535268985,2336.069993519432,2803.2839922233184,275.32161535896694,467.21399870388643,False
13->27,13,27,405,420,1.0,0.50410141,0.50410141,0.49589859000000003,0.0,False,1.0,0.0,3323.5375641380106,2958.9837875858066,3550.7805451029676,1397.4029387220903,591.7967575171614,True
13->28,13,28,405,421,1.0,0.37198906,0.37198906,0.62801094,1.0,True,0.12299664246317711,0.8770033575368229,2456.7509499872463,2456.7509499872463,2948.1011399846952,302.17211821665205,491.35018999744926,False
13->3,13,3,405,394,1.0,0.37624228,0.37624228,0.62375772,0.0,False,1.0,0.0,3248.38084406385,3166.92997589666,3800.315971075992,1149.7567899046267,633.385995179332,True
13->4,13,4,405,395,3.0,0.39746089,1.19238267,1.8076173299999998,0.0,False,1.0,0.0,2500.2106410689094,2284.786341584676,2741.743609901611,640.0665638641076,456.9572683169352,True
13->5,13,5,405,396,18.0,0.42476522,7.64577396,10.354226039999999,1.0,True,0.1792631536553836,0.8207368463446164,2125.0153415846758,2125.0153415846758,2550.018409901611,380.9369516985412,425.0030683169352,False
13->6,13,6,405,397,22.0,0.34052967,7.49165274,14.50834726,1.0,True,0.09193306554297824,0.9080669344570218,2187.75474104009,2187.75474104009,2625.3056892481077,201.12699999999995,437.550948208018,False
13->7,13,7,405,398,4.0,0.54464003,2.17856012,1.8214398799999998,1.0,True,0.18729990446607436,0.8127000955339256,2904.9242650052643,2904.9242650052643,3485.909118006317,544.0920373166673,580.9848530010529,False
13->8,13,8,405,399,15.0,0.4919729,7.3795934999999995,7.620406500000001,1.0,True,0.08037173358406428,0.9196282664159358,2933.780192178803,2933.780192178803,3520.536230614564,235.79299999999967,586.7560384357606,False
13->9,13,9,405,401,2.0,0.26900722,0.53801444,1.46198556,1.0,True,0.030525791313871647,0.9694742086861283,1886.1456730641296,1876.5115508723657,2251.8138610468386,57.28199999999947,375.3023101744732,False
14->1,14,1,406,392,2.0,0.37161776,0.74323552,1.25676448,0.0,False,1.0,0.0,2317.86729578308,2265.5168775939756,2718.6202531127706,1247.283677136225,453.10337551879513,True
14->10,14,10,406,402,23.0,0.1588764,3.6541572,19.3458428,1.0,True,0.19899183953937485,0.8010081604606252,647.5089646804561,647.5089646804561,777.0107576165473,128.84900000000005,129.50179293609122,False
14->11,14,11,406,403,24.0,0.13297083,3.1912999200000005,20.80870008,1.0,True,0.19915758208353737,0.8008424179164626,1400.4943176704119,1216.3398028868721,1459.6077634642465,242.2432941349159,243.26796057737442,False
14->12,14,12,406,404,22.0,0.16601891,3.65241602,18.34758398,1.0,True,2.1291909682162743e-16,0.9999999999999998,1067.887657036766,1067.887657036766,1281.4651884441193,2.2737367544323206e-13,213.57753140735323,False
14->13,14,13,406,405,40.0,0.33133021,13.2532084,26.7467916,1.0,True,1.2625818006244787e-16,0.9999999999999999,900.431462463549,900.431462463549,1080.5177549562588,1.1368683772161603e-13,180.08629249270982,False
14->15,14,15,406,407,6.0,0.14465364,0.8679218399999999,5.13207816,1.0,True,0.11884178991095934,0.8811582100890407,482.837643567216,418.24249631648604,501.89099557978324,49.70468687907902,83.64849926329721,False
14->16,14,16,406,408,5.0,0.14041279,0.7020639500000001,4.29793605,1.0,True,0.14082626307932536,0.8591737369206747,803.5222563732699,747.355298890362,896.8263586684343,105.24725393526194,149.4710597780724,False
14->17,14,17,406,409,3.0,0.15330078,0.45990233999999997,2.54009766,1.0,True,0.154583472089406,0.845416527910594,812.6677341504061,812.6677341504061,975.2012809804872,125.62500000000011,162.53354683008124,False
14->18,14,18,406,410,12.0,0.1753775,2.10453,9.89547,1.0,True,1.6550043340763377e-16,0.9999999999999999,686.9277341504061,686.9277341504061,824.3132809804873,1.1368683772161603e-13,137.3855468300812,False
14->19,14,19,406,412,9.0,0.18636591,1.6772931899999999,7.32270681,1.0,True,0.0,1.0,936.898734150406,936.898734150406,1124.278480980487,0.0,187.37974683008122,False
14->2,14,2,406,393,3.0,0.15867813,0.47603439000000003,2.5239656100000003,1.0,True,0.18310802659363032,0.8168919734063697,1735.810893818353,1735.810893818353,2082.9730725820236,317.8409073068042,347.1621787636706,False
14->20,14,20,406,413,9.0,0.13071381,1.1764242900000002,7.82357571,1.0,True,0.0,1.0,1273.2827341504058,1273.2827341504058,1527.939280980487,0.0,254.65654683008117,False
14->21,14,21,406,414,7.0,0.15827226,1.10790582,5.892094180000001,0.0,False,1.0,0.0,1125.144491324081,980.465498919024,1176.5585987028287,355.182410264056,196.0930997838048,True
14->22,14,22,406,415,17.0,0.46429027,7.89293459,9.10706541,1.0,True,0.0416808173619888,0.9583191826380112,662.7269268762251,662.7269268762251,795.2723122514701,27.623000000000047,132.54538537524502,False
14->23,14,23,406,416,4.0,0.17491922,0.69967688,3.30032312,0.0,False,1.0,0.0,1383.5829530145002,1383.5829530145002,1660.2995436174,745.4843552189442,276.71659060290006,True
14->24,14,24,406,417,3.0,0.20221394,0.60664182,2.39335818,0.0,False,1.0,0.0,1187.4600916561149,1187.4600916561149,1424.9521099873377,649.4429565165849,237.492018331223,True
14->25,14,25,406,418,3.0,0.21610531,0.64831593,2.35168407,0.0,False,1.0,0.0,1647.0973968587268,1392.529479766581,1671.0353757198973,661.861822607252,278.5058959533162,True
14->26,14,26,406,419,15.0,0.33897893,5.0846839500000005,9.91531605,1.0,True,0.19927373284049696,0.800726267159503,1725.7680789186968,1637.287439805757,1964.7449277669084,326.2683798629537,327.4574879611514,False
14->27,14,27,406,420,4.0,0.23177743,0.92710972,3.07289028,1.0,True,0.15407000869207968,0.8459299913079203,2906.889588620059,2441.8938067216204,2930.2725680659446,376.22260002673556,488.3787613443241,False
14->28,14,28,406,421,6.0,0.154651,0.9279060000000001,5.072094,1.0,True,0.09830408610337994,0.9016959138966201,1679.606342552976,1679.606342552976,2015.5276110635712,165.11216651811083,335.9212685105952,False
14->29,14,29,406,423,1.0,0.15577384,0.15577384,0.8442261600000001,1.0,True,0.17335241434268675,0.8266475856573132,1745.2942941308038,1745.2942941308038,2094.3531529569645,302.5509796260901,349.05885882616076,False
14->3,14,3,406,394,1.0,0.19625352,0.19625352,0.80374648,0.0,False,1.0,0.0,2565.1803908799425,2389.78536846239,2867.742442154868,1446.6056593610824,477.95707369247805,True
14->30,14,30,406,424,1.0,0.19184806,0.19184806,0.80815194,0.0,False,1.0,0.0,1992.1957341504058,1992.1957341504058,2390.6348809804867,828.6569999999997,398.4391468300812,True
14->4,14,4,406,395,5.0,0.17632053,0.88160265,4.1183973499999995,0.0,False,1.0,0.0,1557.141117091559,1507.6417341504061,1809.1700809804872,417.1824984447039,301.52834683008126,True
14->5,14,5,406,396,10.0,0.23455953,2.3455953,7.654404700000001,1.0,True,0.18093500646686378,0.8190649935331362,1347.8707341504062,1347.8707341504062,1617.4448809804874,243.87700000000018,269.57414683008125,False
14->6,14,6,406,397,24.0,0.20217501,4.85220024,19.14779976,1.0,True,0.15623659056518902,0.843763409434811,1287.3232785765406,1287.3232785765406,1544.7879342918486,201.12699999999973,257.46465571530814,False
14->7,14,7,406,398,8.0,0.2884085,2.307268,5.6927319999999995,1.0,True,0.1912942837712727,0.8087057162287273,2127.7796575709954,2127.7796575709954,2553.3355890851944,407.03208561812744,425.5559315141991,False
14->8,14,8,406,399,27.0,0.26436565,7.13787255,19.86212745,1.0,True,0.11596289242181292,0.8840371075781871,2033.3487297152535,2033.3487297152535,2440.018475658304,235.7929999999999,406.6697459430507,False
14->9,14,9,406,401,4.0,0.05675077,0.22700308,3.77299692,1.0,True,0.18577423100375684,0.8142257689962431,1124.8861592556882,1001.9204439405601,1202.304532728672,186.1310000000002,200.38408878811202,False
15->1,15,1,407,392,1.0,0.4720976,0.4720976,0.5279024,0.0,False,1.0,0.0,1981.9118833822783,1954.7219921414278,2345.6663905697133,787.0316310211354,390.9443984282856,True
15->10,15,10,407,402,5.0,0.25457497,1.27287485,3.72712515,0.0,False,1.0,0.0,939.476462367253,863.834921722973,1036.6019060675676,461.10251677700205,172.76698434459462,True
15->11,15,11,407,403,4.0,0.16354966,0.65419864,3.34580136,1.0,True,0.19711119766778698,0.802888802332213,1618.6229695124482,1432.926931665188,1719.5123179982256,282.4459436709524,286.5853863330376,False
15->12,15,12,407,404,4.0,0.24103524,0.96414096,3.03585904,1.0,True,0.17420514038100463,0.8257948596189953,1496.6987006635802,1419.9312932042178,1703.9175518450613,247.35933026402222,283.9862586408436,False
15->13,15,13,407,405,26.0,0.31963565,8.3105269,17.6894731,1.0,True,0.09352062812841679,0.9064793718715832,1388.127570257395,1325.109503966308,1590.1314047595695,123.92507314986392,265.02190079326164,False
15->14,15,14,407,406,12.0,0.15090071,1.81080852,10.189191480000002,1.0,True,0.12299226936368134,0.8770077306363186,485.36507276148495,424.678041502759,509.6136498033108,52.23211607334798,84.9356083005518,False
15->16,15,16,407,408,2.0,0.22844904,0.45689808,1.54310192,1.0,True,0.08828302516660366,0.9117169748333963,377.601151540438,377.601151540438,453.12138184852563,33.335771964383014,75.5202303080876,False
15->17,15,17,407,409,1.0,0.1824084,0.1824084,0.8175916,1.0,True,2.268293536340445e-16,0.9999999999999998,517.84985200039,501.199848697858,601.4398184374296,1.1368683772161603e-13,100.2399697395716,False
15->18,15,18,407,410,3.0,0.22850635,0.68551905,2.31448095,1.0,True,0.17390055611083907,0.8260994438891609,379.07784869785803,379.07784869785803,454.8934184374296,65.92184869785802,75.81556973957161,False
15->19,15,19,407,412,7.0,0.23215562,1.6250893400000002,5.37491066,1.0,True,0.0,1.0,642.80785200039,627.026848697858,752.4322184374296,0.0,125.4053697395716,False
15->20,15,20,407,413,4.0,0.16789235,0.6715694,3.3284306,1.0,True,1.180045230705827e-16,0.9999999999999999,979.19185200039,963.410848697858,1156.0930184374295,1.1368683772161603e-13,192.6821697395716,False
15->21,15,21,407,414,1.0,0.29659608,0.29659608,0.70340392,1.0,True,0.13529000941581146,0.8647099905841885,974.6288486978581,972.568848697858,1167.0826184374296,131.57884869785812,194.51376973957161,False
15->22,15,22,407,415,1.0,0.53461297,0.53461297,0.46538703000000003,0.0,False,1.0,0.0,1089.206935470678,1004.835344613042,1205.8024135356504,203.28937318750604,200.9670689226084,True
15->23,15,23,407,416,1.0,0.20164738,0.20164738,0.79835262,0.0,False,1.0,0.0,1828.9335549514499,1808.260994517259,2169.9131934207107,850.1725664589229,361.6521989034518,True
15->24,15,24,407,417,2.0,0.17907537,0.35815074,1.6418492599999999,0.0,False,1.0,0.0,1613.940100250568,1532.9970295386422,1839.5964354463706,825.1093297040911,306.59940590772845,True
15->26,15,26,407,419,5.0,0.43570623,2.17853115,2.8214688499999996,1.0,True,0.16241359688843146,0.8375864031115685,1689.3977168590498,1632.6264815522898,1959.1517778627476,265.16073924421175,326.525296310458,False
15->27,15,27,407,420,1.0,0.36406713,0.36406713,0.63593287,0.0,False,1.0,0.0,2574.1466562997566,2574.1466562997566,3088.975987559708,671.8864665549863,514.8293312599513,True
15->28,15,28,407,421,3.0,0.21484089,0.64452267,2.35547733,1.0,True,0.0,1.0,1529.452656123947,1371.756457100428,1646.1077485205135,0.0,274.3512914200856,False
15->3,15,3,407,394,1.0,0.18334317,0.18334317,0.81665683,0.0,False,1.0,0.0,2168.381813813695,2078.9904830098417,2494.78857961181,660.4560873528708,415.7980966019684,True
15->4,15,4,407,395,3.0,0.22562148,0.67686444,2.32313556,0.0,False,1.0,0.0,1220.42785200039,1196.846848697858,1436.2162184374295,312.56899999999996,239.3693697395716,True
15->5,15,5,407,396,4.0,0.31361484,1.25445936,2.7455406399999998,1.0,True,0.06367489851327011,0.9363251014867299,1042.6298486978578,1035.287848697858,1242.3454184374295,65.92184869785785,207.0575697395716,False
15->6,15,6,407,397,11.0,0.203137,2.2345070000000002,8.765493,1.0,True,0.12086745652316885,0.8791325434768311,917.5691312266171,887.1517201475049,1064.5820641770058,107.22777196438301,177.430344029501,False
15->7,15,7,407,398,5.0,0.34949657,1.74748285,3.25251715,1.0,True,0.03650287900624592,0.9634971209937541,1829.3167923370931,1805.9355999448217,2167.122719933786,65.92184869785797,361.18711998896435,False
15->8,15,8,407,399,5.0,0.3733445,1.8667225,3.1332775,1.0,True,0.08529348043598202,0.9147065195640179,1663.5945823653299,1663.5945823653299,1996.3134988383958,141.89377196438295,332.718916473066,False
15->9,15,9,407,401,2.0,0.09299036,0.18598072,1.8140192800000001,0.0,False,1.0,0.0,711.6497749372161,695.055786692546,834.0669440310552,140.14894367095212,139.0111573385092,True
16->10,16,10,408,402,3.0,0.22343776,0.67031328,2.3296867199999998,0.0,False,1.0,0.0,902.195986292009,900.558403038417,1080.6700836461005,330.05032683027,180.1116806076834,True
16->11,16,11,408,403,2.0,0.27521135,0.5504227,1.4495773,0.0,False,1.0,0.0,1496.546751912298,1472.856403038417,1767.4276836461004,493.21070590883005,294.57128060768343,True
16->12,16,12,408,404,7.0,0.22864535,1.60051745,5.39948255,0.0,False,1.0,0.0,1571.8874039121758,1549.2869265845497,1859.1443119014596,1093.82362060152,309.85738531691,True
16->13,16,13,408,405,16.0,0.38151651,6.10426416,9.89573584,1.0,True,0.07728909209792979,0.9227109079020702,1646.221951200904,1646.221951200904,1975.4663414410848,127.23500000000035,329.2443902401808,False
16->14,16,14,408,406,9.0,0.21528959,1.93760631,7.0623936899999995,1.0,True,0.1706042138126655,0.8293957861873344,745.790488737355,745.790488737355,894.9485864848259,127.23500000000001,149.158097747471,False
16->15,16,15,408,407,1.0,0.17955444,0.17955444,0.82044556,1.0,True,0.08828302516660366,0.9117169748333963,377.601151540438,377.601151540438,453.12138184852563,33.335771964383014,75.5202303080876,False
16->17,16,17,408,409,2.0,0.21258711,0.42517422,1.57482578,0.0,False,1.0,0.0,376.40970491328903,376.40970491328903,451.6916458959468,376.40970491328903,75.28194098265782,True
16->18,16,18,408,410,4.0,0.29312534,1.17250136,2.82749864,1.0,True,0.13411844986548044,0.8658815501345196,756.679000238296,740.0743205859859,888.089184703183,99.25762066224104,148.0148641171972,False
16->19,16,19,408,412,5.0,0.24598037,1.22990185,3.77009815,1.0,True,0.04504412091827794,0.9549558790817221,740.069320585986,740.069320585986,888.0831847031832,33.33577196438296,148.01386411719722,False
16->2,16,2,408,393,1.0,0.17050078,0.17050078,0.82949922,0.0,False,1.0,0.0,1538.981480253933,1301.787785453535,1562.1453425442419,351.17667927118714,260.357557090707,True
16->20,16,20,408,413,5.0,0.20625131,1.03125655,3.9687434500000003,1.0,True,0.03096815377580521,0.9690318462241948,1076.453320585986,1076.453320585986,1291.743984703183,33.33577196438296,215.2906641171972,False
16->21,16,21,408,414,2.0,0.27676483,0.55352966,1.4464703399999999,0.0,False,1.0,0.0,1333.565320585986,1333.565320585986,1600.278384703183,413.910771964383,266.71306411719723,True
16->26,16,26,408,419,4.0,0.51816547,2.07266188,1.92733812,1.0,True,0.17062895039249867,0.8293710496075013,1992.844953440418,1992.844953440418,2391.4139441285015,340.0370427005264,398.56899068808366,False
16->27,16,27,408,420,1.0,0.39514115,0.39514115,0.6048588500000001,0.0,False,1.0,0.0,2973.3879610402237,2808.4777125037117,3370.173255004454,631.123706597306,561.6955425007424,True
16->28,16,28,408,421,2.0,0.22499902,0.44999804,1.55000196,1.0,True,0.12308174868239571,0.8769182513176043,1733.442928988556,1612.32628400963,1934.791540811556,198.44793848249424,322.465256801926,False
16->29,16,29,408,423,1.0,0.24814527,0.24814527,0.75185473,0.0,False,1.0,0.0,1565.562603501908,1321.606541691887,1585.9278500302644,364.24021264525504,264.32130833837743,True
16->3,16,3,408,394,1.0,0.22040555,0.22040555,0.77959445,0.0,False,1.0,0.0,2034.705225253093,1915.6412758109109,2298.769530973093,1031.726530040854,383.1282551621822,True
16->4,16,4,408,395,3.0,0.20154077,0.60462231,2.39537769,0.0,False,1.0,0.0,1078.588704913289,1071.614625785588,1285.9375509427057,376.4097049132889,214.32292515711762,True
16->5,16,5,408,396,1.0,0.30326406,0.30326406,0.6967359399999999,0.0,False,1.0,0.0,981.6670433067491,905.365481024463,1086.4385772293556,241.36400000000003,181.0730962048926,True
16->6,16,6,408,397,6.0,0.27313979,1.63883874,4.36116126,1.0,True,0.13684515152721627,0.8631548484727838,539.967979686179,539.967979686179,647.9615756234148,73.892,107.9935959372358,False
16->7,16,7,408,398,1.0,0.46890478,0.46890478,0.53109522,0.0,False,1.0,0.0,1692.075582361902,1478.4365839928437,1774.1239007914123,321.39459541591805,295.68731679856876,True
16->8,16,8,408,399,9.0,0.3652759,3.2874830999999998,5.7125169,1.0,True,0.08441567227164291,0.9155843277283571,1285.993430824892,1285.993430824892,1543.1921169898703,108.55799999999977,257.19868616497837,False
16->9,16,9,408,401,4.0,0.20649357,0.82597428,3.17402572,0.0,False,1.0,0.0,440.767208463185,440.767208463185,528.9206501558219,380.489208463185,88.153441692637,True
17->10,17,10,409,402,2.0,0.27021247,0.54042494,1.4595750600000001,1.0,True,0.1546091421089888,0.8453908578910112,1283.8351385579958,1276.9681079517059,1532.361729542047,197.43094367095182,255.39362159034118,False
17->11,17,11,409,403,2.0,0.25146188,0.50292376,1.49707624,1.0,True,0.1197383677377587,0.8802616322622413,2059.322244317942,1849.2661079517059,2219.119329542047,221.42810527889515,369.8532215903412,False
17->12,17,12,409,404,3.0,0.20551148,0.61653444,2.3834655600000003,1.0,True,0.15534560983886422,0.8446543901611357,1769.4616897382473,1769.4616897382473,2123.3540276858967,274.8781052788952,353.8923379476495,False
17->13,17,13,409,405,16.0,0.35167624,5.62681984,10.37318016,1.0,True,0.09316641280529435,0.9068335871947056,1603.9894951650301,1602.0054951650302,1922.4065941980361,149.2531052788952,320.40109903300606,False
17->14,17,14,409,406,10.0,0.12516822,1.2516821999999999,8.7483178,1.0,True,0.15458347208940587,0.8454165279105941,812.667734150406,812.667734150406,975.2012809804871,125.625,162.5335468300812,False
17->15,17,15,409,407,1.0,0.24282646,0.24282646,0.75717354,1.0,True,2.268293536340445e-16,0.9999999999999998,517.84985200039,501.199848697858,601.4398184374296,1.1368683772161603e-13,100.2399697395716,False
17->16,17,16,409,408,4.0,0.29546529,1.18186116,2.81813884,0.0,False,1.0,0.0,376.409704913289,376.409704913289,451.69164589594675,376.409704913289,75.2819409826578,True
17->18,17,18,409,410,4.0,0.28546296,1.14185184,2.85814816,1.0,True,0.0,1.0,372.895,372.75199999999995,447.3023999999999,0.0,74.5504,False
17->19,17,19,409,412,10.0,0.289094,2.89094,7.10906,1.0,True,0.0,1.0,372.2,372.2,446.64,0.0,74.44,False
17->2,17,2,409,393,3.0,0.22981827,0.68945481,2.31054519,0.0,False,1.0,0.0,978.4457713468452,927.560159667947,1113.0721916015364,299.5487713468451,185.5120319335894,True
17->20,17,20,409,413,5.0,0.22363429,1.1181714500000002,3.88182855,1.0,True,0.0,1.0,708.584,708.584,850.3007999999999,0.0,141.7168,False
17->21,17,21,409,414,1.0,0.30174669,0.30174669,0.69825331,0.0,False,1.0,0.0,969.28,966.2429999999999,1159.4915999999998,312.818,193.2486,True
17->22,17,22,409,415,2.0,0.55577313,1.11154626,0.8884537400000001,0.0,False,1.0,0.0,1216.819447247792,1033.289082983144,1239.9468995797727,479.9431872109699,206.6578165966288,True
17->26,17,26,409,419,5.0,0.44285296,2.2142648,2.7857352000000004,1.0,True,0.18874207374875623,0.8112579262512438,1624.9756328544318,1624.9756328544318,1949.970759425318,306.701270736143,324.9951265708864,False
17->27,17,27,409,420,1.0,0.35337653,0.35337653,0.64662347,0.0,False,1.0,0.0,2616.789974250659,2432.068007590424,2918.4816091085086,921.384339696508,486.41360151808476,True
17->28,17,28,409,421,1.0,0.2545689,0.2545689,0.7454311,1.0,True,0.0,1.0,1258.844804123557,1235.916579096341,1483.099894915609,0.0,247.1833158192682,False
17->29,17,29,409,423,1.0,0.25391142,0.25391142,0.74608858,0.0,False,1.0,0.0,945.196836778598,945.196836778598,1134.2362041343176,945.196836778598,189.0393673557196,True
17->3,17,3,409,394,2.0,0.26064083,0.52128166,1.47871834,1.0,True,0.07716849382480817,0.9228315061751918,1619.9388213628329,1579.5306343119837,1895.4367611743803,121.88999999999965,315.9061268623968,False
17->4,17,4,409,395,3.0,0.25072143,0.7521642900000001,2.24783571,1.0,True,1.630182921700806e-16,0.9999999999999999,702.1790000000001,697.3870000000002,836.8644000000002,1.1368683772161603e-13,139.47740000000005,False
17->5,17,5,409,396,5.0,0.29251691,1.46258455,3.53741545,1.0,True,0.0,1.0,535.828,535.828,642.9935999999999,0.0,107.1656,False
17->6,17,6,409,397,9.0,0.29265701,2.63391309,6.36608691,1.0,True,0.0,1.0,841.956044186241,834.793847882601,1001.7526174591211,0.0,166.9587695765202,False
17->7,17,7,409,398,4.0,0.43537834,1.74151336,2.25848664,1.0,True,0.0,1.0,1322.514943639235,1315.736923420589,1578.8843081047066,0.0,263.1473846841178,False
17->8,17,8,409,399,7.0,0.35733745,2.50136215,4.498637850000001,1.0,True,0.020907573383978764,0.9790924266160212,1670.6234953249539,1658.059467894256,1989.671361473107,34.66599999999994,331.6118935788512,False
17->9,17,9,409,401,2.0,0.12025254,0.24050508,1.75949492,1.0,True,0.1715037972522667,0.8284962027477333,949.1599439827639,817.176913376474,980.6122960517687,140.1489436709519,163.43538267529482,False
18->1,18,1,410,392,1.0,0.49962908,0.49962908,0.5003709199999999,0.0,False,1.0,0.0,1578.7012089045447,1578.7012089045447,1894.4414506854537,847.6589565434018,315.74024178090895,True
18->10,18,10,410,402,5.0,0.3265612,1.632806,3.367194,1.0,True,0.15884537384236946,0.8411546261576306,1409.4881385579959,1242.912770420831,1491.4953245049971,197.43094367095205,248.58255408416622,False
18->11,18,11,410,403,8.0,0.25664282,2.05314256,5.9468574400000005,1.0,True,0.15587483362729454,0.8441251663727054,1981.7861385579959,1812.004780363046,2174.405736435655,282.44594367095215,362.40095607260923,False
18->12,18,12,410,404,6.0,0.31350297,1.8810178199999998,4.11898218,1.0,True,0.09080193210972526,0.9091980678902747,1643.721689738247,1643.721689738247,1972.4660276858963,149.2531052788952,328.74433794764946,False
18->13,18,13,410,405,33.0,0.40881751,13.49097783,19.50902217,1.0,True,0.10110180436223629,0.8988981956377637,1476.26549516503,1476.26549516503,1771.518594198036,149.25310527889474,295.253099033006,False
18->14,18,14,410,406,18.0,0.22874188,4.11735384,13.882646159999998,1.0,True,0.0,1.0,686.927734150406,686.927734150406,824.3132809804871,0.0,137.3855468300812,False
18->15,18,15,410,407,2.0,0.21457089,0.42914178,1.57085822,1.0,True,0.17390055611083907,0.8260994438891609,379.07784869785803,379.07784869785803,454.8934184374296,65.92184869785802,75.81556973957161,False
18->16,18,16,410,408,4.0,0.25039526,1.00158104,2.99841896,1.0,True,0.17243009001579937,0.8275699099842007,773.7767231738201,740.074320585986,888.0891847031832,127.61108171702313,148.01486411719722,False
18->17,18,17,410,409,4.0,0.28125068,1.12500272,2.87499728,1.0,True,0.0,1.0,372.895,372.752,447.3024,0.0,74.55040000000001,False
18->19,18,19,410,412,13.0,0.30635281,3.98258653,9.017413470000001,1.0,True,0.0,1.0,249.971,249.971,299.9652,0.0,49.994200000000006,False
18->2,18,2,410,393,3.0,0.2620383,0.7861149000000001,2.2138851,1.0,True,0.16634255750853932,0.8336574424914607,1056.1981596679468,1048.8831596679468,1258.659791601536,174.47390730680388,209.77663193358936,False
18->20,18,20,410,413,15.0,0.21941398,3.2912097,11.7087903,1.0,True,0.0,1.0,586.355,586.355,703.626,0.0,117.27100000000002,False
18->21,18,21,410,414,5.0,0.3357247,1.6786235,3.3213765,1.0,True,0.11062846782849264,0.8893715321715073,595.5509999999999,593.491,712.1891999999999,65.65699999999993,118.6982,False
18->22,18,22,410,415,5.0,0.56666198,2.8333099,2.1666901,0.0,False,1.0,0.0,720.68502852516,685.094269743252,822.1131236919024,541.6785658002519,137.0188539486504,True
18->23,18,23,410,416,1.0,0.28167861,0.28167861,0.7183213900000001,0.0,False,1.0,0.0,1741.1210751698402,1544.8432979987242,1853.811957598469,1333.3520751698402,308.96865959974485,True
18->25,18,25,410,418,3.0,0.40782573,1.22347719,1.77652281,0.0,False,1.0,0.0,1308.2604172072668,1258.738888771963,1510.4866665263555,495.8375355734107,251.74777775439262,True
18->26,18,26,410,419,14.0,0.47543057,6.65602798,7.34397202,1.0,True,0.14327647337022245,0.8567235266297776,1309.0201556465709,1253.5486328544318,1504.258359425318,179.60402731344675,250.70972657088637,False
18->27,18,27,410,420,3.0,0.35579243,1.06737729,1.9326227100000002,0.0,False,1.0,0.0,2195.068807601898,2195.068807601898,2634.082569122277,605.9646178571279,439.0137615203796,True
18->28,18,28,410,421,4.0,0.21119511,0.84478044,3.15521956,1.0,True,0.0,1.0,1136.615804123557,992.6786084025699,1191.214330083084,0.0,198.535721680514,False
18->29,18,29,410,423,9.0,0.26463035,2.38167315,6.61832685,1.0,True,0.16583264290606603,0.834167357093934,1131.9107790954279,1058.366559980398,1270.0398719764776,175.51172380495086,211.67331199607963,False
18->3,18,3,410,394,2.0,0.29257674,0.58515348,1.41484652,1.0,True,0.14519967001951642,0.8548003299804836,1992.6908213628328,1704.6526343119838,2045.5831611743804,247.51499999999942,340.9305268623968,False
18->4,18,4,410,395,4.0,0.23063753,0.92255012,3.07744988,0.0,False,1.0,0.0,823.8329999999999,822.509,987.0108,499.69599999999986,164.5018,True
18->5,18,5,410,396,7.0,0.29850774,2.0895541800000004,4.91044582,1.0,True,0.0,1.0,908.723,774.25,929.0999999999999,0.0,154.85000000000002,False
18->6,18,6,410,397,18.0,0.31435356,5.658364079999999,12.34163592,1.0,True,0.0,1.0,1214.851044186241,1207.545847882601,1449.0550174591212,0.0,241.5091695765202,False
18->7,18,7,410,398,6.0,0.42429358,2.54576148,3.4542385199999996,1.0,True,0.07522245971743229,0.9247775402825678,1695.266943639235,1670.046425919881,2004.055711103857,125.625,334.0092851839762,False
18->8,18,8,410,399,15.0,0.44003374,6.6005061000000005,8.3994939,1.0,True,0.13122501544148304,0.868774984558517,2026.0677514108777,2026.0677514108777,2431.281301693053,265.87077196438327,405.21355028217556,False
18->9,18,9,410,401,3.0,0.18472438,0.55417314,2.44582686,0.0,False,1.0,0.0,1074.1229439827641,1074.1229439827641,1288.9475327793168,264.1259436709522,214.82458879655283,True
19->1,19,1,412,392,2.0,0.50514771,1.01029542,0.98970458,0.0,False,1.0,0.0,1328.730208904545,1328.730208904545,1594.4762506854538,847.6589565434019,265.746041780909,True
19->10,19,10,412,402,7.0,0.32711596,2.28981172,4.710188280000001,1.0,True,0.14014189753439404,0.859858102465606,1408.793138557996,1408.793138557996,1690.551766269595,197.43094367095205,281.7586277115992,False
19->11,19,11,412,403,4.0,0.23987008,0.95948032,3.04051968,1.0,True,0.1425708985183488,0.8574291014816512,1981.091138557996,1981.091138557996,2377.309366269595,282.44594367095215,396.2182277115992,False
19->12,19,12,412,404,7.0,0.22403787,1.56826509,5.43173491,1.0,True,0.07881590613286123,0.9211840938671387,1893.692689738247,1893.692689738247,2272.4312276858964,149.2531052788952,378.73853794764943,False
19->13,19,13,412,405,11.0,0.43104071,4.74144781,6.25855219,1.0,True,0.08646156288372642,0.9135384371162736,1726.23649516503,1726.23649516503,2071.483794198036,149.25310527889474,345.247299033006,False
19->14,19,14,412,406,18.0,0.15658925,2.8186065000000005,15.1813935,1.0,True,0.0,1.0,936.8987341504059,936.8987341504059,1124.278480980487,0.0,187.3797468300812,False
19->15,19,15,412,407,3.0,0.25315614,0.7594684199999999,2.24053158,1.0,True,0.0,1.0,642.80785200039,627.026848697858,752.4322184374296,0.0,125.4053697395716,False
19->16,19,16,412,408,5.0,0.3027831,1.5139155000000002,3.4860844999999996,1.0,True,0.04504412091827794,0.9549558790817221,740.069320585986,740.069320585986,888.0831847031832,33.33577196438296,148.01386411719722,False
19->17,19,17,412,409,7.0,0.23151404,1.62059828,5.379401720000001,1.0,True,0.0,1.0,372.2,372.2,446.64,0.0,74.44,False
19->18,19,18,412,410,11.0,0.32164428,3.53808708,7.46191292,1.0,True,0.0,1.0,249.971,249.971,299.9652,0.0,49.994200000000006,False
19->2,19,2,412,393,6.0,0.1834165,1.1004990000000001,4.899501,1.0,True,0.087403735769683,0.912596264230317,803.2721596679471,798.9121596679471,958.6945916015364,69.82790730680404,159.78243193358944,False
19->20,19,20,412,413,15.0,0.2525755,3.7886325000000003,11.2113675,1.0,True,0.0,1.0,336.38400000000007,336.38400000000007,403.66080000000005,0.0,67.27680000000002,False
19->21,19,21,412,414,12.0,0.33478647,4.01743764,7.982562359999999,1.0,True,0.06562037161707271,0.9343796283829273,599.3349999999999,594.16,712.992,38.98899999999992,118.832,False
19->22,19,22,412,415,3.0,0.61499646,1.84498938,1.15501062,0.0,False,1.0,0.0,844.6194472477919,721.3540285251601,865.624834230192,479.9431872109699,144.27080570503202,True
19->23,19,23,412,416,1.0,0.29608061,0.29608061,0.70391939,0.0,False,1.0,0.0,1846.432152928321,1614.4558087558732,1937.346970507048,1384.6691011548041,322.89116175117465,True
19->24,19,24,412,417,3.0,0.2943813,0.8831439000000001,2.1168561,0.0,False,1.0,0.0,1475.96586127945,1249.5157134507601,1499.418856140912,834.057828300807,249.90314269015204,True
19->25,19,25,412,418,3.0,0.40024954,1.2007486200000002,1.7992513799999998,0.0,False,1.0,0.0,1310.301,1281.629008305802,1537.9548099669623,363.4229999999999,256.3258016611604,True
19->26,19,26,412,419,27.0,0.49978218,13.49411886,13.505881140000001,1.0,True,0.14336487923557506,0.8566351207644249,1309.689155646571,1252.775632854432,1503.3307594253183,179.60402731344675,250.5551265708864,False
19->27,19,27,412,420,3.0,0.41881605,1.25644815,1.74355185,1.0,True,0.18067094728578412,0.8193290527142159,2220.630854469652,2082.3635768712093,2498.836292245451,376.2226000267351,416.4727153742419,False
19->28,19,28,412,421,11.0,0.24283238,2.6711561799999997,8.328843820000001,1.0,True,1.282839982839376e-16,0.9999999999999999,886.6448041235572,886.212148377127,1063.4545780525525,1.1368683772161603e-13,177.24242967542543,False
19->29,19,29,412,423,5.0,0.34906084,1.7453041999999999,3.2546958000000004,1.0,True,0.060019647702851786,0.9399803522971482,879.8504348418581,808.3955599803982,970.0746719764777,48.51961671457309,161.67911199607966,False
19->3,19,3,412,394,7.0,0.23324007,1.63268049,5.36731951,0.0,False,1.0,0.0,1786.739734273208,1513.931976059271,1816.718371271125,1053.2954819120648,302.7863952118542,True
19->30,19,30,412,424,2.0,0.34426508,0.68853016,1.31146984,0.0,False,1.0,0.0,1084.7152145077418,1055.2969999999998,1266.3563999999997,702.9452145077419,211.05939999999998,True
19->4,19,4,412,395,8.0,0.298115,2.38492,5.61508,0.0,False,1.0,0.0,593.5991685794829,593.5991685794829,712.3190022953795,518.818168579483,118.71983371589658,True
19->5,19,5,412,396,7.0,0.36519017,2.55633119,4.44366881,1.0,True,0.0,1.0,908.028,773.385,928.0619999999999,0.0,154.67700000000002,False
19->6,19,6,412,397,13.0,0.27950387,3.63355031,9.36644969,1.0,True,0.17491085569521095,0.8250891443047891,1206.993847882601,1206.993847882601,1448.392617459121,211.116326752001,241.39876957652018,False
19->7,19,7,412,398,4.0,0.47824359,1.91297436,2.0870256400000002,1.0,True,0.14807317896183164,0.8519268210381683,1695.574943639235,1669.181425919881,2003.017711103857,247.16099999999983,333.8362851839762,False
19->8,19,8,412,399,20.0,0.36845761,7.3691522,12.6308478,1.0,True,0.07003424344363146,0.9299657565563686,2026.0627514108776,2026.0627514108776,2431.275301693053,141.89377196438318,405.2125502821755,False
19->9,19,9,412,401,4.0,0.19941279,0.79765116,3.20234884,1.0,True,0.13047816997758024,0.8695218300224198,1074.1179439827642,1074.1179439827642,1288.941532779317,140.14894367095212,214.82358879655285,False
2->1,2,1,393,392,3.0,0.40589734,1.2176920199999999,1.7823079800000001,0.0,False,1.0,0.0,529.8180492365981,529.8180492365981,635.7816590839177,529.8180492365981,105.96360984731962,True
2->10,2,10,393,402,2.0,0.22966759,0.45933518,1.54066482,1.0,True,0.1974945051336037,0.8025054948663963,2189.548250549871,2189.548250549871,2627.4579006598456,432.42374820849454,437.9096501099743,False
2->11,2,11,393,403,1.0,0.19980637,0.19980637,0.80019363,1.0,True,0.18735248137200786,0.8126475186279921,2761.846250549871,2761.846250549871,3314.215500659845,517.4387482084944,552.3692501099742,False
2->12,2,12,393,404,3.0,0.17857378,0.5357213399999999,2.4642786599999997,1.0,True,0.17347291515452318,0.8265270848454769,2692.6048494061934,2692.6048494061934,3231.125819287432,467.09401258569824,538.5209698812387,False
2->13,2,13,393,405,5.0,0.34762609,1.7381304499999999,3.26186955,1.0,True,0.18497683757814035,0.8150231624218597,2525.1486548329767,2525.1486548329767,3030.178385799572,467.09401258569915,505.02973096659537,False
2->14,2,14,393,406,3.0,0.13387533,0.40162599,2.59837401,1.0,True,0.18310802659363043,0.8168919734063695,1735.8108938183532,1735.8108938183532,2082.9730725820236,317.8409073068044,347.1621787636707,False
2->16,2,16,393,408,1.0,0.25344064,0.25344064,0.74655936,0.0,False,1.0,0.0,1322.180316636678,1301.787785453535,1562.1453425442419,419.56179474360613,260.357557090707,True
2->17,2,17,393,409,2.0,0.16392046,0.32784092,1.6721590800000001,1.0,True,0.10583378156607158,0.8941662184339284,952.642835612215,927.5601596679469,1113.0721916015361,98.16719932768797,185.51203193358938,False
2->18,2,18,393,410,2.0,0.22168525,0.4433705,1.5566295,0.0,False,1.0,0.0,1048.883159667947,1048.883159667947,1258.6597916015364,317.84090730680407,209.7766319335894,True
2->19,2,19,393,412,8.0,0.22273089,1.78184712,6.21815288,1.0,True,0.08740373576968286,0.9125962642303171,803.272159667947,798.912159667947,958.6945916015363,69.82790730680392,159.7824319335894,False
2->20,2,20,393,413,9.0,0.20263447,1.82371023,7.17628977,1.0,True,0.10991948191017598,0.890080518089824,635.264159667947,635.264159667947,762.3169916015363,69.82790730680404,127.0528319335894,False
2->21,2,21,393,414,1.0,0.23219631,0.23219631,0.76780369,1.0,True,0.1211479300204992,0.8788520699795008,898.215159667947,898.215159667947,1077.8581916015364,108.81690730680396,179.6430319335894,False
2->22,2,22,393,415,1.0,0.54487224,0.54487224,0.45512776,1.0,True,0.14880354654370237,0.8511964534562977,1290.2776216902062,1290.2776216902062,1548.3331460282473,191.9978861334762,258.05552433804127,False
2->26,2,26,393,419,8.0,0.41847748,3.34781984,4.65218016,1.0,True,0.143144906461786,0.856855093538214,1611.6843153145176,1556.2127925223788,1867.4553510268545,222.76393462025067,311.24255850447577,False
2->27,2,27,393,420,1.0,0.37193587,0.37193587,0.62806413,0.0,False,1.0,0.0,2592.050232092076,2263.139103852999,2715.7669246235987,1040.3388185007261,452.62782077059984,True
2->28,2,28,393,421,1.0,0.21729521,0.21729521,0.78270479,1.0,True,0.17402647022657972,0.8259735297734203,1185.0923080450739,1130.977454986735,1357.172945984082,196.82001439718192,226.195490997347,False
2->29,2,29,393,423,1.0,0.2092267,0.2092267,0.7907733,0.0,False,1.0,0.0,869.118996446545,840.257712668992,1008.3092552027904,511.75974408540196,168.0515425337984,True
2->3,2,3,393,394,5.0,0.19079125,0.95395625,4.04604375,0.0,False,1.0,0.0,983.4675746052609,983.4675746052609,1180.161089526313,983.4675746052609,196.69351492105218,True
2->4,2,4,393,395,5.0,0.19084743,0.9542371500000001,4.04576285,0.0,False,1.0,0.0,277.639771346845,277.639771346845,333.167725616214,277.639771346845,55.527954269369005,True
2->5,2,5,393,396,5.0,0.23562318,1.1781158999999999,3.8218841,1.0,True,0.17242413968574566,0.8275758603142543,595.966835612215,569.335590170867,683.2027082050404,98.16719932768802,113.86711803417342,False
2->6,2,6,393,397,11.0,0.2067514,2.2742654,8.7257346,1.0,True,0.1054679396067489,0.8945320603932511,1030.742532851794,930.777634357108,1116.9331612285296,98.16719932768808,186.1555268714216,False
2->7,2,7,393,398,7.0,0.38940328,2.7258229600000004,4.27417704,0.0,False,1.0,0.0,1533.2863006072912,1355.3041695768218,1626.3650034921861,589.9626417303701,271.06083391536436,True
2->8,2,8,393,399,8.0,0.3919521,3.1356168,4.8643832,1.0,True,0.14654233965763652,0.8534576603423635,1856.5681926732937,1759.4450854958209,2111.334102594985,257.8331993276879,351.8890170991642,False
2->9,2,9,393,401,5.0,0.13099913,0.6549956499999999,4.34500435,0.0,False,1.0,0.0,1729.7570559746391,1729.7570559746391,2075.708467169567,375.1417482084944,345.95141119492786,True
20->1,20,1,413,392,1.0,0.44949442,0.44949442,0.55050558,0.0,False,1.0,0.0,1193.010208904545,1061.6911800292298,1274.0294160350757,599.6459565434019,212.33823600584597,True
20->10,20,10,413,402,6.0,0.20954348,1.25726088,4.7427391199999995,1.0,True,0.11134756725792104,0.888652432742079,1773.1051385579956,1773.1051385579956,2127.7261662695946,197.43094367095182,354.62102771159914,False
20->11,20,11,413,403,8.0,0.20978762,1.67830096,6.32169904,1.0,True,0.12042532860453406,0.879574671395466,2345.4031385579956,2345.4031385579956,2814.4837662695945,282.44594367095215,469.08062771159916,False
20->12,20,12,413,404,8.0,0.25577143,2.04617144,5.95382856,1.0,True,0.0660995550439697,0.9339004449560303,2258.0046897382467,2258.0046897382467,2709.605627685896,149.25310527889496,451.60093794764936,False
20->13,20,13,413,405,5.0,0.36685224,1.8342612,3.1657387999999997,1.0,True,0.07139423248208993,0.92860576751791,2090.54849516503,2090.54849516503,2508.658194198036,149.25310527889542,418.10969903300605,False
20->14,20,14,413,406,16.0,0.14962216,2.39395456,13.606045439999999,1.0,True,1.7474008588754086e-16,0.9999999999999998,1301.210734150406,1301.210734150406,1561.4528809804872,2.2737367544323206e-13,260.24214683008125,False
20->15,20,15,413,407,2.0,0.15634123,0.31268246,1.68731754,1.0,True,0.0,1.0,1007.11985200039,991.338848697858,1189.6066184374295,0.0,198.2677697395716,False
20->16,20,16,413,408,5.0,0.28790983,1.43954915,3.5604508499999996,1.0,True,0.030185019741818146,0.9698149802581818,1104.381320585986,1104.381320585986,1325.2575847031833,33.335771964383184,220.87626411719722,False
20->17,20,17,413,409,8.0,0.19304234,1.54433872,6.45566128,1.0,True,0.0,1.0,736.5120000000001,736.5120000000001,883.8144000000001,0.0,147.3024,False
20->18,20,18,413,410,15.0,0.30327466,4.5491199,10.4508801,1.0,True,0.0,1.0,614.283,614.283,737.1396,0.0,122.85660000000001,False
20->19,20,19,413,412,16.0,0.25929961,4.14879376,11.85120624,1.0,True,0.0,1.0,364.312,364.312,437.1744,0.0,72.86240000000001,False
20->2,20,2,413,393,9.0,0.15132413,1.36191717,7.63808283,1.0,True,0.10529061040433,0.89470938959567,663.1921596679471,663.1921596679471,795.8305916015364,69.82790730680404,132.63843193358943,False
20->21,20,21,413,414,7.0,0.25491249,1.78438743,5.21561257,1.0,True,0.08489619056950938,0.9151038094304906,459.255,459.255,551.106,38.98900000000003,91.851,False
20->22,20,22,413,415,6.0,0.49359203,2.96155218,3.0384478199999996,1.0,True,0.1435069574826573,0.8564930425173427,851.3174620222591,851.3174620222591,1021.5809544267108,122.16997882667204,170.26349240445182,False
20->23,20,23,413,416,7.0,0.23267414,1.62871898,5.3712810200000005,0.0,False,1.0,0.0,1853.1301677027882,1719.1260796220042,2062.951295546405,1026.8958927705062,343.8252159244009,True
20->24,20,24,413,417,1.0,0.26148169,0.26148169,0.73851831,0.0,False,1.0,0.0,1250.0389750206032,1114.188945396201,1337.0267344754411,748.2109420419602,222.83778907924022,True
20->25,20,25,413,418,9.0,0.32981561,2.9683404899999997,6.03165951,0.0,False,1.0,0.0,1174.060883626639,1030.047,1236.0564,429.62490416268895,206.00940000000003,True
20->26,20,26,413,419,41.0,0.44274504,18.15254664,22.847453360000003,1.0,True,0.07647286166059093,0.923527138339409,1004.802516771744,926.444632854432,1111.7335594253184,70.84787224447393,185.28892657088642,False
20->27,20,27,413,420,10.0,0.31830592,3.1830592,6.816940799999999,1.0,True,0.19087590177680858,0.8091240982231914,1772.696376314262,1745.979576871209,2095.1754922454506,333.2654262191827,349.19591537424185,False
20->28,20,28,413,421,14.0,0.20918816,2.92863424,11.071365759999999,1.0,True,0.0,1.0,550.260804123557,549.828148377127,659.7937780525524,0.0,109.96562967542542,False
20->29,20,29,413,423,13.0,0.27642127,3.59347651,9.406523490000001,1.0,True,0.10279328056412006,0.8972067194358799,543.466434841858,472.011559980398,566.4138719764776,48.51961671457303,94.4023119960796,False
20->3,20,3,413,394,15.0,0.2039713,3.0595695,11.9404305,0.0,False,1.0,0.0,1839.5133742551845,1638.8635659221359,1966.636279106563,1168.6963742551845,327.7727131844272,True
20->30,20,30,413,424,3.0,0.35206708,1.05620124,1.94379876,0.0,False,1.0,0.0,737.819559980398,737.819559980398,885.3834719764776,568.35897962609,147.5639119960796,True
20->4,20,4,413,395,10.0,0.20129295,2.0129295,7.9870705,1.0,True,0.15770871406855788,0.8422912859314421,936.7839999999999,936.7839999999999,1124.1408,147.73899999999992,187.3568,False
20->5,20,5,413,396,10.0,0.24939421,2.4939421,7.5060579,1.0,True,0.19128713468393,0.80871286531607,1127.551,1127.551,1353.0611999999999,215.68599999999992,225.5102,False
20->6,20,6,413,397,16.0,0.25500425,4.080068,11.919932,1.0,True,0.06863338644461513,0.9313666135553849,1644.3493002721648,1562.326697239579,1874.7920366874948,107.22777196438324,312.4653394479158,False
20->7,20,7,413,398,11.0,0.44562813,4.90190943,6.09809057,0.0,False,1.0,0.0,2096.0262996768242,2018.3845202909627,2422.061424349155,700.2313560375894,403.6769040581926,True
20->8,20,8,413,399,24.0,0.35831402,8.599536480000001,15.400463519999999,1.0,True,0.1571725517805396,0.8428274482194604,2388.152357061079,2388.152357061079,2865.7828284732946,375.3520000000001,477.6304714122158,False
20->9,20,9,413,401,3.0,0.10441229,0.31323687,2.68676313,1.0,True,0.09743188693841003,0.90256811306159,1438.429943982764,1438.429943982764,1726.1159327793166,140.14894367095212,287.6859887965528,False
21->10,21,10,414,402,4.0,0.33968245,1.3587298,2.6412702,1.0,True,0.1515013554647268,0.8484986445352732,1581.8536942560156,1581.8536942560156,1898.2244331072186,239.65297882667187,316.37073885120316,False
21->11,21,11,414,403,1.0,0.30289722,0.30289722,0.69710278,0.0,False,1.0,0.0,2575.869138557995,2150.684532462432,2580.821438954918,445.3619436709514,430.1369064924864,True
21->12,21,12,414,404,3.0,0.32123567,0.9637070099999999,2.03629299,1.0,True,0.059190138452295316,0.9408098615477047,1872.0006697733204,1872.0006697733204,2246.4008037279846,110.80397882667239,374.4001339546641,False
21->13,21,13,414,405,3.0,0.43112262,1.29336786,1.70663214,1.0,True,0.065005038260245,0.934994961739755,1704.5444752001033,1704.5444752001033,2045.4533702401238,110.80397882667194,340.9088950400207,False
21->14,21,14,414,406,8.0,0.1961154,1.5689232,6.4310768,1.0,True,0.10977569576044839,0.8902243042395516,1054.789388898484,1009.3671286626819,1211.2405543952182,110.80397882667194,201.8734257325364,False
21->15,21,15,414,407,2.0,0.25226477,0.50452954,1.49547046,1.0,True,0.13529000941581124,0.8647099905841887,974.6288486978578,972.5688486978579,1167.0826184374293,131.5788486978579,194.5137697395716,False
21->16,21,16,414,408,1.0,0.28799546,0.28799546,0.71200454,0.0,False,1.0,0.0,1333.5653205859858,1333.5653205859858,1600.2783847031828,413.9107719643828,266.7130641171972,True
21->17,21,17,414,409,2.0,0.24427759,0.48855518,1.51144482,0.0,False,1.0,0.0,971.6639999999999,966.2429999999999,1159.4915999999998,193.7979999999999,193.2486,True
21->18,21,18,414,410,3.0,0.33891062,1.01673186,1.9832681399999998,1.0,True,0.11062846782849264,0.8893715321715073,595.5509999999999,593.491,712.1891999999999,65.65699999999993,118.6982,False
21->19,21,19,414,412,7.0,0.30231481,2.11620367,4.883796330000001,1.0,True,0.0656203716170727,0.9343796283829273,599.3349999999999,594.1600000000001,712.9920000000001,38.98899999999992,118.83200000000002,False
21->2,21,2,414,393,1.0,0.2117461,0.2117461,0.7882539,1.0,True,0.12114793002049909,0.8788520699795009,898.2151596679469,898.2151596679469,1077.8581916015362,108.81690730680384,179.64303193358938,False
21->20,21,20,414,413,7.0,0.29349394,2.0544575800000002,4.94554242,1.0,True,0.09039313560245482,0.9096068643975452,431.327,431.327,517.5924,38.98900000000003,86.2654,False
21->22,21,22,414,415,4.0,0.56376405,2.2550562,1.7449438000000002,0.0,False,1.0,0.0,392.06246202225896,392.06246202225896,470.4749544267107,83.18097882667195,78.4124924044518,True
21->23,21,23,414,416,1.0,0.32136192,0.32136192,0.67863808,0.0,False,1.0,0.0,1393.8751677027878,1353.76644448499,1624.5197333819879,987.9068927705058,270.753288896998,True
21->25,21,25,414,418,2.0,0.41044958,0.82089916,1.17910084,0.0,False,1.0,0.0,727.047679829409,695.8699913378471,835.0439896054164,201.233669862429,139.17399826756943,True
21->26,21,26,414,419,15.0,0.4750375,7.1255625,7.8744375,1.0,True,0.15999059415604636,0.8400094058439537,713.469155646571,712.2107891061961,854.6529469274353,113.94702731344694,142.44215782123922,False
21->27,21,27,414,420,5.0,0.41239626,2.0619813000000002,2.9380187,0.0,False,1.0,0.0,1829.8659742506582,1742.552228675893,2091.0626744110714,740.2993396965071,348.5104457351786,True
21->28,21,28,414,421,8.0,0.21109019,1.68872152,6.31127848,1.0,True,0.04696915972708604,0.953030840272914,981.5878041235571,830.0978818132011,996.1174581758412,38.98900000000003,166.01957636264024,False
21->29,21,29,414,423,2.0,0.31209751,0.62419502,1.3758049799999998,1.0,True,0.18838958800472191,0.8116104119952781,975.761938256616,903.338559980398,1084.0062719764776,170.17957914348597,180.66771199607962,False
21->3,21,3,414,394,1.0,0.3136924,0.3136924,0.6863076,0.0,False,1.0,0.0,1881.6827342732076,1881.6827342732076,2258.019281127849,1092.2844819120646,376.33654685464154,True
21->30,21,30,414,424,1.0,0.32866251,0.32866251,0.67133749,0.0,False,1.0,0.0,1154.5999999999997,1154.5999999999997,1385.5199999999995,619.6329999999997,230.91999999999996,True
21->4,21,4,414,395,4.0,0.30554168,1.22216672,2.7778332800000003,1.0,True,0.15935047324346063,0.8406495267565394,1171.8069999999998,1171.8069999999998,1406.1683999999998,186.72799999999984,234.36139999999997,False
21->5,21,5,414,396,1.0,0.38759491,0.38759491,0.61240509,1.0,True,0.1422293394707372,0.8577706605292628,1507.4920000000002,1362.5739999999996,1635.0887999999995,193.79800000000023,272.5147999999999,False
21->6,21,6,414,397,2.0,0.3210741,0.6421482,1.3578518000000002,1.0,True,0.1416947410908056,0.8583052589091944,1797.3496972395787,1797.3496972395787,2156.8196366874945,254.67499999999995,359.46993944791575,False
21->7,21,7,414,398,1.0,0.47021474,0.47021474,0.5297852599999999,0.0,False,1.0,0.0,2289.7749436392355,2253.407520290963,2704.0890243491554,506.5290000000002,450.6815040581926,True
21->8,21,8,414,399,6.0,0.43569548,2.61417288,3.38582712,1.0,True,0.19944915214556067,0.8005508478544393,2619.5587514108774,2619.5587514108774,3143.470501693053,522.468771964383,523.9117502821755,False
22->1,22,1,415,392,1.0,0.81479195,0.81479195,0.18520804999999996,0.0,False,1.0,0.0,1820.8670411831458,1820.8670411831458,2185.040449419775,722.5873056264159,364.1734082366292,True
22->10,22,10,415,402,4.0,0.58622282,2.34489128,1.6551087199999999,1.0,True,0.13151214747669102,0.868487852523309,1189.7912322337568,1189.7912322337568,1427.749478680508,156.47199999999975,237.95824644675136,False
22->11,22,11,415,403,4.0,0.54543447,2.18173788,1.81826212,0.0,False,1.0,0.0,1758.622070440173,1758.622070440173,2110.3464845282074,678.64147322541,351.7244140880346,True
22->12,22,12,415,404,3.0,0.53086131,1.59258393,1.40741607,1.0,True,0.018664968479985677,0.9813350315200143,1479.938207751061,1479.938207751061,1775.9258493012733,27.623000000000047,295.98764155021223,False
22->13,22,13,415,405,7.0,0.70172818,4.91209726,2.0879027399999996,1.0,True,0.0210463836629027,0.9789536163370973,1312.482013177844,1312.482013177844,1574.9784158134128,27.62299999999982,262.4964026355688,False
22->14,22,14,415,406,18.0,0.44103733,7.93867194,10.06132806,1.0,True,0.04168081736198864,0.9583191826380113,662.726926876225,662.726926876225,795.27231225147,27.622999999999934,132.545385375245,False
22->15,22,15,415,407,1.0,0.52820825,0.52820825,0.47179174999999995,1.0,True,0.16812750877417365,0.8318724912258264,1090.9790667414181,1018.4379718454352,1222.1255662145222,171.22743904739502,203.68759436908704,False
22->16,22,16,415,408,1.0,0.54544003,0.54544003,0.45455997000000004,0.0,False,1.0,0.0,1458.570574733149,1357.185602000645,1628.6227224007741,305.76336948008293,271.437120400129,True
22->17,22,17,415,409,1.0,0.51829813,0.51829813,0.48170187,0.0,False,1.0,0.0,1114.467952962701,1049.59410292148,1259.512923505776,609.497161226006,209.91882058429601,True
22->18,22,18,415,410,2.0,0.55860572,1.11721144,0.88278856,0.0,False,1.0,0.0,792.450175791585,684.222056434661,821.0664677215932,564.07138405489,136.8444112869322,True
22->19,22,19,415,412,5.0,0.53772469,2.68862345,2.31137655,0.0,False,1.0,0.0,844.6194472477919,721.35402852516,865.6248342301919,479.9431872109699,144.270805705032,True
22->20,22,20,415,413,5.0,0.54130409,2.70652045,2.29347955,1.0,True,0.14917155034304594,0.850828449656954,824.160832278601,824.160832278601,988.9929987343212,122.94134908301396,164.8321664557202,False
22->21,22,21,415,414,3.0,0.55203397,1.6561019099999998,1.3438980900000002,0.0,False,1.0,0.0,392.833832278601,392.833832278601,471.4005987343212,83.95234908301398,78.5667664557202,True
22->23,22,23,415,416,2.0,0.56869168,1.13738336,0.8626166399999999,0.0,False,1.0,0.0,1001.812705680529,1001.812705680529,1202.1752468166349,904.725913943834,200.36254113610582,True
22->24,22,24,415,417,1.0,0.55728997,0.55728997,0.44271003,0.0,False,1.0,0.0,649.86855868917,601.18298279492,721.4195793539039,346.2027455630119,120.236596558984,True
22->25,22,25,415,418,3.0,0.6597406,1.9792218,1.0207782,0.0,False,1.0,0.0,849.976469982502,804.8978131261581,965.8773757513896,431.95082260725195,160.97956262523164,True
22->26,22,26,415,419,16.0,0.75197202,12.03155232,3.9684476800000006,1.0,True,0.1939440101329211,0.8060559898670789,1169.5510309325377,1049.655773165334,1259.586927798401,203.57444990685667,209.93115463306682,False
22->27,22,27,415,420,7.0,0.65057692,4.55403844,2.4459615599999998,0.0,False,1.0,0.0,2173.0965816562366,1854.262140081197,2225.1145680974364,546.8178337931179,370.8524280162394,True
22->28,22,28,415,421,9.0,0.51676632,4.65089688,4.34910312,0.0,False,1.0,0.0,1379.770980655728,1214.17733305606,1457.012799667272,344.93845617339207,242.835466611212,True
22->29,22,29,415,423,2.0,0.56109809,1.12219618,0.87780382,0.0,False,1.0,0.0,1368.151770535217,1292.1799507559451,1550.615940907134,385.86492822650007,258.43599015118906,True
22->3,22,3,415,394,2.0,0.53095973,1.06191946,0.9380805400000001,0.0,False,1.0,0.0,2274.516566551809,2235.2860045844304,2682.3432055013163,1176.236830995079,447.05720091688613,True
22->4,22,4,415,395,2.0,0.57358258,1.14716516,0.8528348400000001,0.0,False,1.0,0.0,1568.6887632933929,1314.9531971046429,1577.9438365255714,470.4090277366629,262.9906394209286,True
22->5,22,5,415,396,1.0,0.58861768,0.58861768,0.41138231999999997,0.0,False,1.0,0.0,1703.76202852516,1458.472056434661,1750.166467721593,584.150565800252,291.6944112869322,True
22->6,22,6,415,397,2.0,0.54316497,1.08632994,0.9136700600000001,0.0,False,1.0,0.0,1952.5487194007667,1863.7655623352532,2236.518674802304,659.3446196472819,372.75311246705064,True
22->7,22,7,415,398,1.0,0.76001343,0.76001343,0.23998657,0.0,False,1.0,0.0,2710.220738376242,2354.2684823545424,2825.1221788254506,864.1390591802772,470.8536964709085,True
22->8,22,8,415,399,4.0,0.72374424,2.89497696,1.1050230399999998,0.0,False,1.0,0.0,2643.1790328255365,2643.1790328255365,3171.8148393906436,785.4404590322299,528.6358065651074,True
23->10,23,10,416,402,2.0,0.26446091,0.52892182,1.4710781800000001,0.0,False,1.0,0.0,1939.550708911641,1886.2684818670787,2263.522178240494,932.4814052115631,377.2536963734158,True
23->11,23,11,416,403,2.0,0.26644995,0.5328999,1.4671001000000001,0.0,False,1.0,0.0,1500.5326583308638,1463.1499690398489,1755.7799628478185,799.0273546307858,292.6299938079698,True
23->12,23,12,416,404,9.0,0.27289442,2.4560497800000003,6.543950219999999,0.0,False,1.0,0.0,1208.595383249213,1175.273414460154,1410.3280973521848,722.79163412883,235.05468289203083,True
23->13,23,13,416,405,11.0,0.36738325,4.04121575,6.958784249999999,0.0,False,1.0,0.0,929.10980891765,780.495437005102,936.5945244061223,722.79163412883,156.0990874010204,True
23->14,23,14,416,406,5.0,0.11172198,0.5586099,4.4413901,0.0,False,1.0,0.0,1383.5829530145,1383.5829530145,1660.2995436173999,745.484355218944,276.7165906029,True
23->19,23,19,416,412,1.0,0.32030003,0.32030003,0.6796999699999999,0.0,False,1.0,0.0,1931.817553392104,1610.4681687602583,1932.56180251231,1418.393520413461,322.0936337520517,True
23->20,23,20,416,413,6.0,0.23006265,1.3803759,4.619624099999999,0.0,False,1.0,0.0,2043.1453274200887,1714.942328368159,2057.9307940417907,1244.8390524878066,342.9884656736318,True
23->21,23,21,416,414,2.0,0.29755947,0.59511894,1.4048810600000001,0.0,False,1.0,0.0,1390.658897963515,1337.039553392104,1604.4474640705246,984.690623031233,267.4079106784208,True
23->22,23,22,416,415,3.0,0.52169088,1.56507264,1.43492736,0.0,False,1.0,0.0,997.8250656849141,997.8250656849141,1197.3900788218969,900.7382739482191,199.56501313698283,True
23->24,23,24,416,417,4.0,0.28454841,1.13819364,2.86180636,0.0,False,1.0,0.0,1089.4216083023218,1089.4216083023218,1307.3059299627862,1089.4216083023218,217.88432166046437,True
23->25,23,25,416,418,1.0,0.37692748,0.37692748,0.62307252,0.0,False,1.0,0.0,1212.4606635374753,1212.4606635374753,1454.9527962449704,1212.4606635374753,242.49213270749507,True
23->26,23,26,416,419,5.0,0.43643253,2.18216265,2.8178373499999996,0.0,False,1.0,0.0,1703.7947011973451,1618.260948630025,1941.91313835603,1316.3028195634893,323.652189726005,True
23->6,23,6,416,397,1.0,0.23352911,0.23352911,0.76647089,0.0,False,1.0,0.0,2670.9062315910423,2670.9062315910423,3205.0874779092505,946.6113552189458,534.1812463182085,True
23->8,23,8,416,399,1.0,0.41514063,0.41514063,0.58485937,0.0,False,1.0,0.0,3416.931682729756,3416.931682729756,4100.318019275707,981.2773552189465,683.3863365459513,True
24->10,24,10,417,402,1.0,0.21105163,0.21105163,0.78894837,0.0,False,1.0,0.0,1714.7205082718765,1714.7205082718765,2057.6646099262516,778.4880677748143,342.94410165437534,True
24->12,24,12,417,404,1.0,0.2140275,0.2140275,0.7859725,0.0,False,1.0,0.0,2105.07116708876,1949.8742416647144,2339.8490899976573,1016.4786463704859,389.9748483329429,True
24->13,24,13,417,405,3.0,0.36990885,1.10972655,1.8902734499999998,0.0,False,1.0,0.0,1913.664995972764,1703.7106361222104,2044.4527633466523,628.8059827949198,340.74212722444213,True
24->14,24,14,417,406,3.0,0.14854378,0.44563133999999993,2.5543686599999997,0.0,False,1.0,0.0,1263.909909671145,1187.656202914345,1425.187443497214,628.8059827949199,237.531240582869,True
24->15,24,15,417,407,2.0,0.18359809,0.36719618,1.63280382,0.0,False,1.0,0.0,1705.784891623165,1546.599656771035,1855.9195881252417,716.1210038923199,309.31993135420703,True
24->19,24,19,417,412,3.0,0.23385149,0.70155447,2.2984455300000004,0.0,False,1.0,0.0,1396.129945396201,1243.4093297865788,1492.0911957438946,817.6642066167351,248.68186595731578,True
24->20,24,20,417,413,1.0,0.18417067,0.18417067,0.81582933,0.0,False,1.0,0.0,1299.1421370867038,1114.188945396201,1337.0267344754411,667.8349139279388,222.83778907924022,True
24->21,24,21,417,414,1.0,0.3128544,0.3128544,0.6871456,0.0,False,1.0,0.0,839.778091643538,736.2861704201459,883.5434045041751,526.106944454108,147.2572340840292,True
24->22,24,22,417,415,1.0,0.5763132,0.5763132,0.42368680000000003,0.0,False,1.0,0.0,649.86855868917,601.18298279492,721.4195793539039,346.2027455630119,120.236596558984,True
24->23,24,23,417,416,2.0,0.22529588,0.45059176,1.54940824,0.0,False,1.0,0.0,1093.6053595561668,1093.6053595561668,1312.3264314674002,1093.6053595561668,218.72107191123337,True
24->25,24,25,417,418,1.0,0.32151951,0.32151951,0.67848049,0.0,False,1.0,0.0,584.1520518473441,584.1520518473441,700.9824622168129,584.1520518473441,116.83041036946882,True
24->26,24,26,417,419,5.0,0.4577427,2.2887135,2.7112865,0.0,False,1.0,0.0,1072.653247290109,989.952336939894,1187.9428043278729,640.053971767555,197.9904673879788,True
24->27,24,27,417,420,1.0,0.33009544,0.33009544,0.66990456,0.0,False,1.0,0.0,1551.653278059701,1551.653278059701,1861.9839336716411,1214.0434789477831,310.33065561194024,True
24->28,24,28,417,421,1.0,0.24027523,0.24027523,0.75972477,0.0,False,1.0,0.0,1423.2521521414892,1289.6760624836581,1547.6112749803897,861.9709714775643,257.93521249673165,True
24->29,24,29,417,423,1.0,0.26704247,0.26704247,0.73295753,0.0,False,1.0,0.0,1531.657534623345,1367.6786801835433,1641.214416220252,1002.0480901243421,273.53573603670867,True
24->8,24,8,417,399,1.0,0.341429,0.341429,0.658571,0.0,False,1.0,0.0,3171.340717751138,3171.340717751138,3805.6088613013653,1180.3590535934036,634.2681435502277,True
25->10,25,10,418,402,1.0,0.36763583,0.36763583,0.63236417,0.0,False,1.0,0.0,1994.6890453599146,1994.6890453599146,2393.6268544318973,589.81,398.93780907198294,True
25->13,25,13,418,405,1.0,0.47313909,0.47313909,0.52686091,0.0,False,1.0,0.0,2131.612588184258,1988.6251005425775,2386.3501206510928,475.19376188025603,397.72502010851554,True
25->14,25,14,418,406,1.0,0.2262028,0.2262028,0.7737972,0.0,False,1.0,0.0,1495.020740002383,1422.2024797665813,1706.6429757198975,556.2510000000002,284.44049595331626,True
25->19,25,19,418,412,1.0,0.39314323,0.39314323,0.60685677,0.0,False,1.0,0.0,1398.1624172072668,1274.8939546667548,1529.8727456001056,511.19253557341074,254.97879093335098,True
25->2,25,2,418,393,1.0,0.27864447,0.27864447,0.7213555300000001,0.0,False,1.0,0.0,1663.6185768752136,1578.9491143347016,1894.7389372016419,486.0154428802148,315.7898228669403,True
25->20,25,20,418,413,2.0,0.28853383,0.57706766,1.42293234,0.0,False,1.0,0.0,1177.855710457312,1030.047,1236.0564,433.31115063905395,206.00940000000003,True
25->21,25,21,418,414,1.0,0.39979435,0.39979435,0.6002056499999999,0.0,False,1.0,0.0,727.047679829409,680.7339546667549,816.8807456001059,201.233669862429,136.14679093335099,True
25->22,25,22,418,415,1.0,0.59221502,0.59221502,0.40778497999999996,0.0,False,1.0,0.0,849.976469982502,804.897813126158,965.8773757513895,431.95082260725195,160.9795626252316,True
25->23,25,23,418,416,1.0,0.35424661,0.35424661,0.64575339,0.0,False,1.0,0.0,1212.460663537475,1212.460663537475,1454.95279624497,1212.460663537475,242.49213270749502,True
25->24,25,24,418,417,2.0,0.3731496,0.7462992,1.2537007999999998,0.0,False,1.0,0.0,584.152051847344,584.152051847344,700.9824622168127,584.152051847344,116.8304103694688,True
25->26,25,26,418,419,13.0,0.52137306,6.77784978,6.22215022,1.0,True,0.18384707416835017,0.8161529258316498,474.77852418283805,474.77852418283805,569.7342290194057,87.28664254898206,94.95570483656762,False
25->27,25,27,418,420,3.0,0.41222813,1.2366843900000002,1.7633156099999998,0.0,False,1.0,0.0,1186.433386738773,1186.433386738773,1423.7200640865274,848.8235876268549,237.2866773477546,True
25->28,25,28,418,421,3.0,0.27480977,0.82442931,2.17557069,1.0,True,0.1554353256127163,0.8445646743872837,1017.3653522460211,1017.3653522460211,1220.8384226952253,158.1345147934561,203.47307044920422,False
25->3,25,3,418,394,5.0,0.31742544,1.5871272,3.4128727999999997,0.0,False,1.0,0.0,2562.4166889399626,2562.4166889399626,3074.900026727955,1623.5624036001766,512.4833377879926,True
25->4,25,4,418,395,1.0,0.36097583,0.36097583,0.63902417,0.0,False,1.0,0.0,1852.5409546667547,1852.5409546667547,2223.0491456001055,718.0059216881116,370.508190933351,True
25->8,25,8,418,399,1.0,0.44656368,0.44656368,0.55343632,0.0,False,1.0,0.0,3607.5874547919575,3253.7134110603693,3904.456093272443,1440.9270208843895,650.7426822120739,True
26->1,26,1,419,392,2.0,0.70257301,1.40514602,0.5948539799999999,0.0,False,1.0,0.0,1975.245793410549,1730.0705855462559,2076.084702655507,1214.145159364082,346.0141171092512,True
26->10,26,10,419,402,6.0,0.44148775,2.6489265,3.3510734999999996,0.0,False,1.0,0.0,2239.447005399091,2239.447005399091,2687.336406478909,621.5778317060519,447.8894010798182,True
26->11,26,11,419,403,3.0,0.46379314,1.39137942,1.6086205800000002,0.0,False,1.0,0.0,2814.568389844224,2767.0920473997908,3320.5104568797487,928.8981676393732,553.4184094799582,True
26->12,26,12,419,404,8.0,0.42728888,3.41831104,4.58168896,1.0,True,0.19478573851110728,0.8052142614888927,2529.5939809163947,2529.5939809163947,3035.5127770996737,492.7288317060518,505.91879618327897,False
26->13,26,13,419,405,3.0,0.59512584,1.78537752,1.21462248,1.0,True,0.13384098900216126,0.8661590109978388,2365.29045678375,2361.2771676491775,2833.532601179013,316.03567142638803,472.2554335298355,False
26->14,26,14,419,406,9.0,0.41317246,3.7185521400000003,5.28144786,1.0,True,0.1666984337350818,0.8333015662649181,1718.673246280276,1666.9604398057572,2000.3525277669087,277.87969441396285,333.39208796115145,False
26->15,26,15,419,407,1.0,0.45283274,0.45283274,0.5471672599999999,1.0,True,0.16866326899964715,0.8313367310003529,1632.6264815522902,1632.6264815522902,1959.151777862748,275.3641194340014,326.5252963104581,False
26->16,26,16,419,408,1.0,0.44140248,0.44140248,0.55859752,1.0,True,0.17062895039249848,0.8293710496075015,1992.8449534404176,1992.8449534404176,2391.413944128501,340.03704270052594,398.56899068808355,False
26->17,26,17,419,409,3.0,0.47439576,1.42318728,1.5768127200000002,1.0,True,0.18874207374875634,0.8112579262512436,1624.975632854432,1624.975632854432,1949.9707594253182,306.7012707361432,324.99512657088644,False
26->18,26,18,419,410,7.0,0.5201923,3.6413461000000003,3.3586538999999997,1.0,True,0.1589398969648835,0.8410601030351165,1310.319868161192,1253.548632854432,1504.2583594253185,199.238890546354,250.70972657088643,False
26->19,26,19,419,412,15.0,0.46808731,7.02130965,7.978690349999999,1.0,True,0.056552722120758125,0.9434472778792419,1369.0712691277488,1252.775632854432,1503.3307594253183,70.84787224447359,250.5551265708864,False
26->2,26,2,419,393,8.0,0.40148226,3.21185808,4.78814192,1.0,True,0.14314490646178626,0.8568550935382138,1611.684315314518,1556.2127925223788,1867.4553510268545,222.76393462025112,311.24255850447577,False
26->20,26,20,419,413,30.0,0.50231175,15.069352499999999,14.930647500000001,1.0,True,0.07647286166059093,0.923527138339409,1004.7592691277489,926.4446328544319,1111.7335594253182,70.84787224447393,185.2889265708864,False
26->21,26,21,419,414,15.0,0.49852777,7.47791655,7.522083450000001,1.0,True,0.15999059415604636,0.8400094058439537,713.469155646571,712.2107891061961,854.6529469274353,113.94702731344694,142.44215782123922,False
26->22,26,22,419,415,10.0,0.75344398,7.5344398,2.4655601999999996,1.0,True,0.18780252648509838,0.8121974735149016,1105.5316176688302,1049.655773165334,1259.586927798401,197.12800614011906,209.93115463306682,False
26->23,26,23,419,416,3.0,0.47880776,1.43642328,1.56357672,0.0,False,1.0,0.0,1703.209107457105,1618.2609486300248,1941.9131383560298,1315.717225823249,323.65218972600496,True
26->24,26,24,419,417,5.0,0.48289964,2.4144982,2.5855017999999994,0.0,False,1.0,0.0,1135.901290297475,989.952336939894,1187.9428043278729,645.7290452779511,197.9904673879788,True
26->25,26,25,419,418,9.0,0.52552238,4.72970142,4.27029858,1.0,True,0.18384707416835017,0.8161529258316498,474.77852418283805,474.77852418283805,569.7342290194057,87.28664254898206,94.95570483656762,False
26->27,26,27,419,420,34.0,0.6222542,21.1566428,12.8433572,1.0,True,0.11391078286535394,0.8860892171346461,1112.629972154745,1030.341439569697,1236.4097274836365,117.36699999999996,206.06828791393943,False
26->28,26,28,419,421,20.0,0.42602349,8.5204698,11.479530200000001,1.0,True,0.13057425757527588,0.8694257424247241,542.586828063183,542.586828063183,651.1041936758196,70.84787224447399,108.51736561263661,False
26->29,26,29,419,423,3.0,0.51711312,1.55133936,1.44866064,1.0,True,0.15214416504997913,0.8478558349500209,784.56830020287,784.56830020287,941.481960243444,119.36748895904702,156.913660040574,False
26->3,26,3,419,394,6.0,0.49719307,2.98315842,3.01684158,0.0,False,1.0,0.0,2788.0055299017563,2466.314489961695,2959.577387954034,1321.6324015686325,493.26289799233905,True
26->30,26,30,419,424,1.0,0.51595011,0.51595011,0.48404989,0.0,False,1.0,0.0,1495.4880639454898,1331.1815855462557,1597.4179026555069,830.2872527016668,266.23631710925116,True
26->4,26,4,419,395,5.0,0.42078015,2.10390075,2.89609925,1.0,True,0.18062762810943037,0.8193723718905697,1829.804632854432,1829.804632854432,2195.7655594253183,330.5132707361431,365.9609265708864,False
26->5,26,5,419,396,3.0,0.50247107,1.5074132100000002,1.4925867899999998,1.0,True,0.19720175432397022,0.8027982456760298,2020.5716328544318,2020.5716328544318,2424.685959425318,398.460270736143,404.11432657088636,False
26->6,26,6,419,397,6.0,0.43205268,2.5923160800000002,3.40768392,1.0,True,0.1622826497304096,0.8377173502695904,2455.347330094011,2455.347330094011,2946.416796112813,398.4602707361428,491.0694660188022,False
26->7,26,7,419,398,2.0,0.61507116,1.23014232,0.7698576800000001,0.0,False,1.0,0.0,2984.3554343650335,2846.3103778540694,3415.5724534248834,1232.6967853187482,569.2620755708139,True
26->8,26,8,419,399,12.0,0.64950438,7.79405256,4.20594744,1.0,True,0.1368152345822446,0.8631847654177554,3278.838384265311,3278.838384265311,3934.606061118373,448.5950427005264,655.7676768530623,False
26->9,26,9,419,401,1.0,0.39659364,0.39659364,0.6034063599999999,1.0,True,0.19203723748056903,0.807962762519431,2326.893576837196,2326.893576837196,2792.2722922046355,446.85021440709534,465.37871536743927,False
27->10,27,10,420,402,1.0,0.42235974,0.42235974,0.57764026,0.0,False,1.0,0.0,3044.0533723149547,3044.0533723149547,3652.8640467779455,1369.4585278431218,608.810674462991,True
27->11,27,11,420,403,1.0,0.4121846,0.4121846,0.5878154,0.0,False,1.0,0.0,4135.965057258675,3571.6984143156533,4286.038097178784,1467.4655124476626,714.3396828631307,True
27->12,27,12,420,404,1.0,0.38735665,0.38735665,0.6126433499999999,0.0,False,1.0,0.0,3334.2003478322576,3334.2003478322576,4001.040417398709,1240.6095278431208,666.8400695664516,True
27->13,27,13,420,405,2.0,0.48377382,0.96754764,1.03245236,0.0,False,1.0,0.0,3331.6465421756498,2956.126326754933,3547.3515921059193,1405.5119167597295,591.2252653509867,True
27->14,27,14,420,406,4.0,0.25358597,1.01434388,2.98565612,0.0,False,1.0,0.0,2891.7951742896685,2471.5668067216197,2965.8801680659435,825.4413113338492,494.313361344324,True
27->16,27,16,420,408,1.0,0.41770358,0.41770358,0.58229642,0.0,False,1.0,0.0,2902.516519110172,2809.5907684822278,3371.5089221786734,1353.353383401408,561.9181536964455,True
27->17,27,17,420,409,1.0,0.36214935,0.36214935,0.6378506500000001,0.0,False,1.0,0.0,2615.1519742506584,2433.181063568938,2919.8172762827257,1144.3723396965077,486.63621271378764,True
27->18,27,18,420,410,3.0,0.38672882,1.1601864599999998,1.8398135400000002,0.0,False,1.0,0.0,2195.068807601898,2195.068807601898,2634.082569122277,605.9646178571279,439.0137615203796,True
27->19,27,19,420,412,3.0,0.44656909,1.33970727,1.66029273,0.0,False,1.0,0.0,2256.6668526897583,2110.248329227214,2532.2979950726567,543.6495982468416,422.04966584544286,True
27->2,27,2,420,393,3.0,0.35235203,1.05705609,1.9429439099999999,0.0,False,1.0,0.0,2627.6735189762535,2263.139103852999,2715.7669246235987,1048.0341053849038,452.62782077059984,True
27->20,27,20,420,413,11.0,0.32025343,3.52278773,7.477212270000001,0.0,False,1.0,0.0,1981.239319877788,1745.936329227214,2095.123595072657,638.1735364792198,349.1872658454428,True
27->21,27,21,420,414,6.0,0.46075856,2.76455136,3.2354486400000004,1.0,True,0.13369993472082597,0.866300065279174,1826.0991278013157,1730.0982816217936,2076.1179379461523,231.314027313447,346.0196563243587,False
27->22,27,22,420,415,4.0,0.69450066,2.77800264,1.22199736,0.0,False,1.0,0.0,2198.2801783955547,1854.262140081197,2225.1145680974364,852.220817870864,370.8524280162394,True
27->25,27,25,420,418,2.0,0.4592928,0.9185856,1.0814143999999999,0.0,False,1.0,0.0,1186.433386738773,1186.433386738773,1423.7200640865274,848.8235876268549,237.2866773477546,True
27->26,27,26,420,419,35.0,0.59837444,20.943105399999997,14.056894600000001,1.0,True,0.11306632704697,0.8869336729530299,1112.629972154745,1038.036726453875,1245.6440717446499,117.36699999999996,207.60734529077502,False
27->28,27,28,420,421,10.0,0.31241548,3.1241548000000003,6.875845199999999,1.0,True,0.17369877514866056,0.8263012248513395,1313.0797631393602,1202.4370061743462,1442.9244074092153,208.8618351659063,240.48740123486925,False
27->29,27,29,420,423,2.0,0.35939763,0.71879526,1.28120474,1.0,True,0.1686444498439529,0.8313555501560471,1555.0612352790472,1526.1780160487651,1831.413619258518,257.3814518804795,305.23560320975304,False
27->3,27,3,420,394,1.0,0.38502359,0.38502359,0.6149764099999999,0.0,False,1.0,0.0,2875.4215414585815,2875.4215414585815,3450.505849750298,2188.5532358907726,575.0843082917163,True
27->4,27,4,420,395,6.0,0.31637225,1.8982335000000001,4.1017665,0.0,False,1.0,0.0,2885.8535278877903,2496.265966878553,2995.5191602542636,1428.6873666575834,499.2531933757107,True
27->5,27,5,420,396,1.0,0.42994686,0.42994686,0.57005314,0.0,False,1.0,0.0,3053.656273801662,2693.1756413341927,3231.810769601031,1458.0640781686582,538.6351282668386,True
27->6,27,6,420,397,4.0,0.39442985,1.5777194,2.4222805999999997,0.0,False,1.0,0.0,3312.4223377938556,3054.617685520434,3665.5412226245207,1272.3498518705649,610.9235371040868,True
27->8,27,8,420,399,2.0,0.47819491,0.95638982,1.04361018,0.0,False,1.0,0.0,4353.775204875186,3883.2851366591476,4659.942163990977,1860.6947258130613,776.6570273318296,True
28->1,28,1,421,392,3.0,0.42085376,1.2625612800000001,1.73743872,0.0,False,1.0,0.0,1492.214046130365,1251.339150614321,1501.606980737185,1111.457070005111,250.2678301228642,True
28->10,28,10,421,402,1.0,0.22990082,0.22990082,0.77009918,0.0,False,1.0,0.0,2420.183653484505,2235.591378823401,2682.7096545880813,824.5932992452665,447.1182757646802,True
28->11,28,11,421,403,1.0,0.23699679,0.23699679,0.7630032099999999,1.0,True,0.14598369726913452,0.8540163027308655,2895.1880392911276,2804.683388765616,3365.6200665187393,409.43805076133003,560.9366777531233,False
28->12,28,12,421,404,4.0,0.20569794,0.82279176,3.17720824,1.0,True,0.11924034146813557,0.8807596585318644,2636.400298140816,2636.400298140816,3163.6803577689793,314.36527179700533,527.2800596281633,False
28->13,28,13,421,405,2.0,0.31975938,0.63951876,1.36048124,1.0,True,0.12732782056213854,0.8726721794378615,2468.9441035675995,2468.9441035675995,2962.7329242811193,314.36527179700533,493.78882071351995,False
28->14,28,14,421,406,7.0,0.13338386,0.9336870199999999,6.06631298,1.0,True,0.09830408610337994,0.9016959138966201,1679.606342552976,1679.606342552976,2015.5276110635712,165.11216651811083,335.9212685105952,False
28->15,28,15,421,407,1.0,0.12003754,0.12003754,0.87996246,1.0,True,0.0,1.0,1557.337408479952,1371.756457100428,1646.1077485205135,0.0,274.3512914200856,False
28->16,28,16,421,408,1.0,0.26670511,0.26670511,0.73329489,1.0,True,0.19983703786772844,0.8001629621322716,1732.7529289885558,1613.4393399881446,1936.1272079857736,322.42493848249364,322.6878679976289,False
28->17,28,17,421,409,2.0,0.20973203,0.41946406,1.5805359399999999,1.0,True,0.10265890443497216,0.8973410955650278,1286.2969007331321,1237.0296350748558,1484.435562089827,126.99210709037811,247.40592701497118,False
28->18,28,18,421,410,6.0,0.26431128,1.5858676799999998,4.41413232,1.0,True,0.0,1.0,1167.022556479562,992.6786084025699,1191.214330083084,0.0,198.535721680514,False
28->19,28,19,421,412,10.0,0.20611177,2.0611177,7.9388822999999995,1.0,True,0.0,1.0,914.529556479562,914.096900733132,1096.9162808797582,0.0,182.8193801466264,False
28->2,28,2,421,393,3.0,0.21643751,0.64931253,2.35068747,1.0,True,0.06168049871495408,0.9383195012850459,1213.4097161475088,1132.09051096525,1358.5086131582998,69.82790730680381,226.41810219305,False
28->20,28,20,421,413,17.0,0.22363285,3.80175845,13.19824155,1.0,True,0.0,1.0,550.217556479562,549.784900733132,659.7418808797584,0.0,109.95698014662639,False
28->21,28,21,421,414,6.0,0.30080223,1.8048133800000001,4.19518662,1.0,True,0.12252020766355315,0.8774797923364468,836.9442067452879,830.097881813201,996.1174581758411,101.70376486082898,166.0195763626402,False
28->22,28,22,421,415,5.0,0.52769746,2.6384872999999995,2.3615127000000005,1.0,True,0.1522716152360955,0.8477283847639046,1229.006668767547,1214.1773330560602,1457.0127996672722,184.884743687501,242.83546661121204,False
28->23,28,23,421,416,1.0,0.18908951,0.18908951,0.81091049,0.0,False,1.0,0.0,2291.3846099784632,1992.661247964605,2391.193497557526,1432.1537725258981,398.53224959292106,True
28->24,28,24,421,417,1.0,0.23340874,0.23340874,0.76659126,0.0,False,1.0,0.0,1506.8504400576182,1289.6760624836581,1547.6112749803897,945.5692593936933,257.93521249673165,True
28->25,28,25,421,418,3.0,0.25970944,0.7791283200000001,2.22087168,1.0,True,0.1554353256127163,0.8445646743872837,1017.3653522460211,1017.3653522460211,1220.8384226952253,158.1345147934561,203.47307044920422,False
28->26,28,26,421,419,22.0,0.48029983,10.566596259999999,11.433403740000001,1.0,True,0.13057425757527588,0.8694257424247241,542.586828063183,542.586828063183,651.1041936758196,70.84787224447399,108.51736561263661,False
28->27,28,27,421,420,9.0,0.31713881,2.85424929,6.14575071,1.0,True,0.15652784410161794,0.8434721558983821,1292.4328002179282,1202.437006174346,1442.924407409215,188.21487224447424,240.4874012348692,False
28->29,28,29,421,423,7.0,0.2713608,1.8995256,5.1004743999999995,1.0,True,0.147017296618666,0.852982703381334,330.026587554683,330.026587554683,396.0319050656196,48.519616714572976,66.00531751093659,False
28->3,28,3,421,394,10.0,0.2031521,2.031521,7.968478999999999,0.0,False,1.0,0.0,2312.234342675778,2041.9817027116965,2450.3780432540357,1286.744648430176,408.3963405423393,True
28->30,28,30,421,424,1.0,0.25279294,0.25279294,0.74720706,0.0,False,1.0,0.0,906.848798296258,906.848798296258,1088.2185579555096,625.3418274561479,181.3697596592516,True
28->4,28,4,421,395,3.0,0.15900195,0.47700585,2.52299415,0.0,False,1.0,0.0,1616.679373544877,1405.682351297303,1686.8188215567636,746.3529316604182,281.1364702594606,True
28->5,28,5,421,396,3.0,0.31498405,0.94495215,2.05504785,1.0,True,0.18211487027875511,0.8178851297212448,1901.2586084025702,1596.4493512973029,1915.7392215567634,290.73716651811105,319.2898702594606,False
28->6,28,6,421,397,6.0,0.21931078,1.31586468,4.684135319999999,0.0,False,1.0,0.0,2213.2092509315294,2031.225048536882,2437.4700582442583,669.3747648608291,406.2450097073764,True
28->7,28,7,421,398,5.0,0.41325382,2.0662691,2.9337309,0.0,False,1.0,0.0,2757.0970274586125,2421.9775906040704,2906.3731087248843,1396.7205629817595,484.39551812081413,True
28->8,28,8,421,399,6.0,0.36460452,2.18762712,3.81237288,0.0,False,1.0,0.0,3034.939772555458,2857.0507083583825,3428.4608500300587,714.4411231719232,571.4101416716766,True
29->1,29,1,423,392,1.0,0.55070186,0.55070186,0.44929814,0.0,False,1.0,0.0,1013.9050000000001,1013.9050000000001,1216.6860000000001,1013.9050000000001,202.78100000000003,True
29->10,29,10,423,402,2.0,0.29717254,0.59434508,1.40565492,0.0,False,1.0,0.0,2258.1239753365935,2222.164944730304,2666.5979336763644,637.0637804495498,444.4329889460608,True
29->14,29,14,423,406,1.0,0.16729145,0.16729145,0.83270855,0.0,False,1.0,0.0,2024.797296943221,1750.5555709290043,2100.666685114805,600.7895670925939,350.1111141858009,True
29->17,29,17,423,409,2.0,0.27740861,0.55481722,1.4451827800000001,0.0,False,1.0,0.0,945.196836778598,945.196836778598,1134.2362041343176,945.196836778598,189.0393673557196,True
29->18,29,18,423,410,5.0,0.3508268,1.754134,3.245866,1.0,True,0.1650123452358321,0.8349876547641679,1158.6824754729182,1063.627836778598,1276.3534041343175,175.51172380495132,212.72556735571962,False
29->19,29,19,423,412,6.0,0.31341439,1.88048634,4.119513660000001,1.0,True,0.05963154799592206,0.9403684520040779,906.622131219348,813.6568367785981,976.3882041343177,48.51961671457309,162.7313673557196,False
29->2,29,2,423,393,2.0,0.27371476,0.54742952,1.4525704799999999,0.0,False,1.0,0.0,869.118996446545,840.257712668992,1008.3092552027904,511.75974408540196,168.0515425337984,True
29->20,29,20,423,413,12.0,0.29573898,3.54886776,8.45113224,1.0,True,0.10279328056412004,0.8972067194358799,542.310131219348,472.01155998039803,566.4138719764776,48.51961671457303,94.40231199607962,False
29->21,29,21,423,414,2.0,0.35968499,0.71936998,1.28063002,1.0,True,0.09636446270153382,0.9036355372984661,1001.565131219348,908.1004995130861,1089.7205994157032,87.50861671457301,181.62009990261723,False
29->26,29,26,423,419,4.0,0.50446003,2.01784012,1.9821598800000002,1.0,True,0.15236031648141501,0.847639683518585,783.455244224355,783.455244224355,940.146293069226,119.36748895904702,156.69104884487103,False
29->27,29,27,423,420,1.0,0.44457453,0.44457453,0.55542547,0.0,False,1.0,0.0,1712.383637770458,1525.0649600702498,1830.0779520842996,547.4197405643054,305.01299201405,True
29->28,29,28,423,421,6.0,0.25821686,1.54930116,4.45069884,1.0,True,0.14751480877683826,0.8524851912231617,328.913531576168,328.913531576168,394.6962378914016,48.519616714572976,65.7827063152336,False
29->3,29,3,423,394,3.0,0.23699812,0.71099436,2.28900564,0.0,False,1.0,0.0,1988.087490023104,1750.1489044154387,2100.1786852985265,1630.728237661961,350.02978088308777,True
29->30,29,30,423,424,2.0,0.34207451,0.68414902,1.31585098,0.0,False,1.0,0.0,615.0160000000001,615.0160000000001,738.0192000000001,615.0160000000001,123.00320000000002,True
29->4,29,4,423,395,6.0,0.26433664,1.58601984,4.4139801599999995,0.0,False,1.0,0.0,1113.8495530010448,1113.8495530010448,1336.6194636012538,787.2285530010448,222.76991060020896,True
29->5,29,5,423,396,3.0,0.31839973,0.95519919,2.04480081,0.0,False,1.0,0.0,1304.6165530010448,1304.6165530010448,1565.5398636012537,855.1755530010448,260.923310600209,True
29->6,29,6,423,397,6.0,0.24925682,1.4955409199999998,4.50445908,0.0,False,1.0,0.0,1770.813594146446,1739.392250240624,2087.2707002887487,693.1756596355369,347.8784500481248,True
29->7,29,7,423,398,5.0,0.43170481,2.15852405,2.8414759499999995,0.0,False,1.0,0.0,2324.0878169243147,2130.1447923078126,2556.173750769375,1028.7188732850796,426.0289584615625,True
29->8,29,8,423,399,4.0,0.36952057,1.47808228,2.5219177200000003,0.0,False,1.0,0.0,2565.2179100621242,2565.2179100621242,3078.261492074549,1014.8415530010454,513.0435820124248,True
3->1,3,1,394,392,8.0,0.50066818,4.00534544,3.99465456,0.0,False,1.0,0.0,917.88310650713,917.88310650713,1101.459727808556,917.88310650713,183.57662130142603,True
3->10,3,10,394,402,2.0,0.26431513,0.52863026,1.47136974,0.0,False,1.0,0.0,3116.84438303043,2781.8435497671826,3338.212259720619,1449.7116841995685,556.3687099534366,True
3->11,3,11,394,403,1.0,0.24253278,0.24253278,0.75746722,0.0,False,1.0,0.0,3354.1415497671824,3354.1415497671824,4024.969859720619,1688.1435896326984,670.8283099534365,True
3->12,3,12,394,404,1.0,0.24862256,0.24862256,0.75137744,0.0,False,1.0,0.0,3346.5793240502303,3346.5793240502303,4015.895188860276,1646.4817395908785,669.3158648100462,True
3->13,3,13,394,405,2.0,0.38376721,0.76753442,1.23246558,0.0,False,1.0,0.0,3248.3808440638504,3179.1231294770137,3814.9477553724164,1149.756789904627,635.8246258954027,True
3->16,3,16,394,408,1.0,0.24068977,0.24068977,0.75931023,0.0,False,1.0,0.0,2013.618183985222,1915.641275810911,2298.7695309730934,728.1463626223888,383.12825516218226,True
3->17,3,17,394,409,2.0,0.21469595,0.4293919,1.5706081,1.0,True,0.07716849382480846,0.9228315061751915,1619.9388213628333,1579.5306343119837,1895.4367611743803,121.8900000000001,315.9061268623968,False
3->18,3,18,394,410,1.0,0.24848488,0.24848488,0.75151512,0.0,False,1.0,0.0,1988.9482143551534,1704.6526343119835,2045.5831611743802,649.6833026839201,340.93052686239673,True
3->19,3,19,394,412,4.0,0.26987999,1.07951996,2.92048004,0.0,False,1.0,0.0,1837.150641088774,1546.8578527790503,1856.2294233348603,1103.7063887276308,309.3715705558101,True
3->2,3,2,394,393,8.0,0.18957284,1.51658272,6.48341728,0.0,False,1.0,0.0,1033.878481420827,1033.878481420827,1240.6541777049924,1033.878481420827,206.7756962841654,True
3->20,3,20,394,413,7.0,0.27600209,1.9320146299999998,5.067985370000001,0.0,False,1.0,0.0,1669.1426410887739,1669.1426410887739,2002.9711693065285,1103.7063887276308,333.8285282177548,True
3->21,3,21,394,414,1.0,0.2960691,0.2960691,0.7039309,0.0,False,1.0,0.0,1932.093641088774,1932.093641088774,2318.5123693065284,1142.6953887276309,386.4187282177548,True
3->25,3,25,394,418,3.0,0.28189768,0.84569304,2.1543069600000004,0.0,False,1.0,0.0,2627.9636324266207,2627.9636324266207,3153.5563589119447,1689.1093470868348,525.5927264853242,True
3->26,3,26,394,419,5.0,0.47486265,2.37431325,2.6256867500000003,0.0,False,1.0,0.0,2789.9901222375156,2516.725396777261,3020.070476132713,1573.4129939043917,503.3450793554522,True
3->27,3,27,394,420,1.0,0.38064264,0.38064264,0.61935736,0.0,False,1.0,0.0,3352.7183059177605,2883.8517150564694,3460.622058067763,1959.0954520725538,576.7703430112939,True
3->28,3,28,394,421,5.0,0.18954636,0.9477318,4.0522682,0.0,False,1.0,0.0,2171.393383406517,2079.48362781908,2495.380353382896,1760.059216183779,415.89672556381606,True
3->29,3,29,394,423,1.0,0.28637951,0.28637951,0.71362049,0.0,False,1.0,0.0,2046.932934193825,1800.559811231005,2160.671773477206,1689.573681832682,360.111962246201,True
3->4,3,4,394,395,12.0,0.19028143,2.28337716,9.71662284,0.0,False,1.0,0.0,953.2586841995671,953.2586841995671,1143.9104210394805,820.5756841995671,190.65173683991344,True
3->5,3,5,394,396,3.0,0.34083273,1.0224981899999999,1.97750181,1.0,True,0.1552004207194445,0.8447995792805555,1224.3688213628332,1059.030634311984,1270.8367611743806,164.36200000000008,211.8061268623968,False
3->6,3,6,394,397,21.0,0.28808712,6.049829519999999,14.950170480000002,0.0,False,1.0,0.0,1461.931868999257,1382.2586812744853,1658.7104175293823,589.191047636424,276.45173625489707,True
3->7,3,7,394,398,24.0,0.4674141,11.2179384,12.782061599999999,1.0,True,0.19540671957013972,0.8045932804298603,623.775887892374,623.775887892374,748.5310654708488,121.89000000000004,124.75517757847481,False
3->8,3,8,394,399,12.0,0.40004713,4.80056556,7.199434440000001,1.0,True,0.1972858185193295,0.8027141814806705,1654.0968313928433,1654.0968313928433,1984.916197671412,326.32984729156647,330.8193662785687,False
3->9,3,9,394,401,2.0,0.19463631,0.38927262,1.61072738,0.0,False,1.0,0.0,2519.1055115488157,2322.0523551919505,2786.4628262303404,1131.2111483069355,464.41047103839014,True
30->14,30,14,424,406,2.0,0.23220162,0.46440324,1.53559676,0.0,False,1.0,0.0,1992.1957341504062,1992.1957341504062,2390.634880980487,828.6570000000002,398.43914683008126,True
30->19,30,19,424,412,1.0,0.36348163,0.36348163,0.63651837,0.0,False,1.0,0.0,1102.131559980398,1055.297,1266.3564,568.3589796260899,211.0594,True
30->20,30,20,424,413,2.0,0.33014596,0.66029192,1.3397080799999999,0.0,False,1.0,0.0,737.8195599803979,737.8195599803979,885.3834719764775,568.3589796260899,147.56391199607958,True
30->26,30,26,424,419,2.0,0.55698638,1.11397276,0.88602724,0.0,False,1.0,0.0,1360.2774549659302,1331.181585546256,1597.417902655507,696.1896997006222,266.2363171092512,True
30->29,30,29,424,423,2.0,0.39424809,0.78849618,1.21150382,0.0,False,1.0,0.0,615.016,615.016,738.0192,615.016,123.00319999999999,True
30->4,30,4,424,395,1.0,0.29400933,0.29400933,0.70599067,0.0,False,1.0,0.0,1060.7703439058218,938.7878523328649,1126.5454227994378,737.3401066344918,187.757570466573,True
30->5,30,5,424,396,1.0,0.36648854,0.36648854,0.63351146,0.0,False,1.0,0.0,1193.46,1135.6975267885036,1362.8370321462044,670.898,227.13950535770073,True
30->6,30,6,424,397,2.0,0.33775948,0.67551896,1.32448104,0.0,False,1.0,0.0,1645.301041145401,1497.1395709747446,1796.5674851696936,691.1541066344921,299.4279141949489,True
30->8,30,8,424,399,1.0,0.43833798,0.43833798,0.56166202,0.0,False,1.0,0.0,2484.82100620807,2325.807022113457,2790.9684265361484,978.3676555152979,465.1614044226915,True
4->1,4,1,395,392,2.0,0.52761776,1.05523552,0.9447644799999999,0.0,False,1.0,0.0,762.9449122621521,762.9449122621521,915.5338947145825,712.3499122621521,152.58898245243043,True
4->10,4,10,395,402,4.0,0.23756756,0.95027024,3.04972976,1.0,True,0.17237854438201583,0.8276214556179842,1939.0844149376558,1939.0844149376558,2326.901297925187,334.2565488808059,387.8168829875312,False
4->11,4,11,395,403,2.0,0.25906383,0.51812766,1.48187234,1.0,True,0.1669485086727479,0.8330514913272521,2511.3824149376555,2511.3824149376555,3013.6588979251865,419.27154888080577,502.27648298753115,False
4->12,4,12,395,404,3.0,0.18856533,0.56569599,2.43430401,0.0,False,1.0,0.0,2464.4356897382463,2464.4356897382463,2957.3228276858954,836.0781052788943,492.8871379476493,True
4->13,4,13,395,405,5.0,0.3771615,1.8858074999999999,3.1141925000000006,1.0,True,0.1601242300699941,0.8398757699300059,2605.547422257785,2296.9794951650297,2756.3753941980353,367.8020731498641,459.39589903300595,False
4->14,4,14,395,406,8.0,0.14370543,1.14964344,6.85035656,0.0,False,1.0,0.0,1563.374690343832,1507.6417341504061,1809.1700809804872,669.9020716969771,301.52834683008126,True
4->15,4,15,395,407,3.0,0.19767751,0.59303253,2.40696747,0.0,False,1.0,0.0,1250.5988347526581,1196.846848697858,1436.2162184374295,538.5660873528711,239.3693697395716,True
4->16,4,16,395,408,2.0,0.23726135,0.4745227,1.5254773,0.0,False,1.0,0.0,1075.422996441722,1071.614625785588,1285.9375509427057,407.3620167555431,214.32292515711762,True
4->17,4,17,395,409,5.0,0.2088544,1.0442719999999999,3.955728,1.0,True,0.0,1.0,702.179,697.387,836.8643999999999,0.0,139.4774,False
4->18,4,18,395,410,6.0,0.28493881,1.70963286,4.29036714,0.0,False,1.0,0.0,823.8330000000001,822.509,987.0108,499.6960000000001,164.5018,True
4->19,4,19,395,412,8.0,0.2174662,1.7397296,6.2602704,0.0,False,1.0,0.0,593.599168579483,593.599168579483,712.3190022953796,518.818168579483,118.71983371589661,True
4->2,4,2,395,393,4.0,0.20162396,0.80649584,3.19350416,0.0,False,1.0,0.0,277.63977134684495,277.63977134684495,333.16772561621394,277.63977134684495,55.52795426936899,True
4->20,4,20,395,413,8.0,0.2629906,2.1039248,5.8960752,1.0,True,0.16255490418724203,0.837445095812758,908.856,908.856,1090.6272,147.73900000000003,181.77120000000002,False
4->21,4,21,395,414,2.0,0.28498518,0.56997036,1.4300296399999999,1.0,True,0.1593504732434608,0.8406495267565393,1171.807,1171.807,1406.1684,186.72800000000007,234.3614,False
4->22,4,22,395,415,1.0,0.54091359,0.54091359,0.45908640999999994,0.0,False,1.0,0.0,1569.494462022259,1314.953197104643,1577.9438365255717,401.81397882667216,262.99063942092863,True
4->23,4,23,395,416,1.0,0.27319267,0.27319267,0.72680733,0.0,False,1.0,0.0,2208.054977335356,2208.054977335356,2649.665972802427,1965.222648323569,441.61099546707123,True
4->24,4,24,395,417,1.0,0.2169391,0.2169391,0.7830609,0.0,False,1.0,0.0,1970.9628764109927,1843.114882030243,2211.7378584362914,1008.7648852703837,368.6229764060486,True
4->26,4,26,395,419,5.0,0.50748345,2.53741725,2.46258275,1.0,True,0.18062762810943037,0.8193723718905697,1829.804632854432,1829.804632854432,2195.7655594253183,330.5132707361431,365.9609265708864,False
4->27,4,27,395,420,3.0,0.36732805,1.10198415,1.89801585,0.0,False,1.0,0.0,2853.9798681868833,2496.2659668785536,2995.519160254264,1025.6639812715896,499.25319337571074,True
4->28,4,28,395,421,3.0,0.20829815,0.62489445,2.3751055500000002,0.0,False,1.0,0.0,1558.191305114,1404.5692953187881,1685.4831543825458,695.5749146910512,280.9138590637576,True
4->29,4,29,395,423,6.0,0.23455482,1.4073289199999999,4.59267108,0.0,False,1.0,0.0,1113.849553001045,1113.849553001045,1336.619463601254,787.228553001045,222.76991060020902,True
4->3,4,3,395,394,10.0,0.23139872,2.3139872,7.686012799999999,0.0,False,1.0,0.0,920.332807479788,920.332807479788,1104.3993689757456,787.649807479788,184.06656149595761,True
4->30,4,30,395,424,1.0,0.28481863,0.28481863,0.71518137,0.0,False,1.0,0.0,1043.7049999999997,919.65329476186,1103.583953714232,717.0839999999997,183.93065895237203,True
4->5,4,5,395,396,10.0,0.26109389,2.6109389,7.389061100000001,1.0,True,0.0,1.0,345.503,298.099674455639,357.7196093467668,0.0,59.6199348911278,False
4->6,4,6,395,397,19.0,0.18434236,3.5025048400000003,15.49749516,1.0,True,0.0,1.0,780.2786972395791,659.54171864188,791.450062370256,0.0,131.90834372837602,False
4->7,4,7,395,398,7.0,0.40408423,2.82858961,4.17141039,1.0,True,0.106630324926421,0.893369675073579,1280.346523790728,1095.818673336721,1314.9824080040653,116.84750119833416,219.16373466734422,False
4->8,4,8,395,399,14.0,0.34211705,4.789638699999999,9.2103613,1.0,True,0.16106517774714285,0.8389348222528572,1488.209169780593,1488.209169780593,1785.8510037367114,239.6986744556391,297.6418339561186,False
4->9,4,9,395,401,2.0,0.13654455,0.2730891,1.7269109,1.0,True,0.18723437995135808,0.812765620048642,1479.293220362424,1479.293220362424,1775.151864434909,276.9745488808062,295.8586440724848,False
5->10,5,10,396,402,1.0,0.36455636,0.36455636,0.63544364,1.0,True,0.18855432298181235,0.8114456770181877,1772.7334149376557,1772.7334149376557,2127.2800979251865,334.2565488808059,354.54668298753114,False
5->11,5,11,396,403,2.0,0.28053113,0.56106226,1.43893774,1.0,True,0.14528082784253568,0.8547191721574643,2594.2812443179423,2345.0314149376554,2814.0376979251864,340.68810527889536,469.0062829875311,False
5->12,5,12,396,404,3.0,0.25843113,0.7752933900000001,2.22470661,1.0,True,0.17058017464724745,0.8294198253527525,2304.6646897382466,2304.6646897382466,2765.597627685896,393.13010527889446,460.93293794764935,False
5->13,5,13,396,405,40.0,0.41726674,16.6906696,23.309330399999997,1.0,True,0.18394560295276144,0.8160543970472386,2137.20849516503,2137.20849516503,2564.650194198036,393.13010527889537,427.441699033006,False
5->14,5,14,396,406,13.0,0.18319267,2.38150471,10.61849529,1.0,True,0.18093500646686364,0.8190649935331363,1347.870734150406,1347.870734150406,1617.4448809804871,243.87699999999995,269.5741468300812,False
5->15,5,15,396,407,6.0,0.28290263,1.69741578,4.30258422,1.0,True,0.10469923783437739,0.8953007621656226,1117.009848697858,1035.287848697858,1242.3454184374295,108.39384869785795,207.0575697395716,False
5->16,5,16,396,408,4.0,0.35919396,1.43677584,2.56322416,1.0,True,0.1285271003134874,0.8714728996865126,986.3540238724199,905.365481024463,1086.4385772293556,116.36399999999992,181.0730962048926,False
5->17,5,17,396,409,4.0,0.30875153,1.23500612,2.76499388,1.0,True,0.0,1.0,535.828,535.828,642.9935999999999,0.0,107.1656,False
5->18,5,18,396,410,8.0,0.32372573,2.58980584,5.41019416,1.0,True,0.0,1.0,908.723,774.25,929.0999999999999,0.0,154.85000000000002,False
5->19,5,19,396,412,8.0,0.37027848,2.96222784,5.037772159999999,1.0,True,0.0,1.0,908.0279999999999,773.385,928.0619999999999,0.0,154.67700000000002,False
5->2,5,2,396,393,4.0,0.24008492,0.96033968,3.03966032,1.0,True,0.17242413968574566,0.8275758603142543,595.966835612215,569.335590170867,683.2027082050404,98.16719932768802,113.86711803417342,False
5->20,5,20,396,413,7.0,0.29046559,2.03325913,4.966740870000001,1.0,True,0.038624146639348204,0.9613758533606518,1318.792,1099.6229999999998,1319.5475999999996,42.47199999999998,219.92459999999997,False
5->21,5,21,396,414,2.0,0.32908035,0.6581607,1.3418393,1.0,True,0.18690727989819236,0.8130927201018077,1362.5739999999996,1362.5739999999996,1635.0887999999995,254.6749999999995,272.5147999999999,False
5->22,5,22,396,415,1.0,0.63201422,0.63201422,0.36798578000000004,0.0,False,1.0,0.0,1650.2959529627008,1459.3442697432522,1751.2131236919026,609.4971612260058,291.86885394865044,True
5->26,5,26,396,419,3.0,0.50138653,1.50415959,1.49584041,1.0,True,0.19720175432397022,0.8027982456760298,2020.5716328544318,2020.5716328544318,2424.685959425318,398.460270736143,404.11432657088636,False
5->27,5,27,396,420,1.0,0.4781611,0.4781611,0.5218389,0.0,False,1.0,0.0,2881.4858042847736,2693.175641334192,3231.81076960103,1214.2889172684338,538.6351282668384,True
5->28,5,28,396,421,2.0,0.2411112,0.4822224,1.5177776,0.0,False,1.0,0.0,1790.0193753247713,1595.3362953187875,1914.4035543825448,724.1069334403123,319.06725906375755,True
5->29,5,29,396,423,1.0,0.34268186,0.34268186,0.65731814,0.0,False,1.0,0.0,1369.3373951921621,1304.6165530010448,1565.5398636012537,726.4751579208321,260.923310600209,True
5->3,5,3,396,394,5.0,0.33486826,1.6743412999999998,3.3256587000000004,0.0,False,1.0,0.0,1243.8064613966949,1059.030634311984,1270.8367611743806,610.3546286786209,211.8061268623968,True
5->4,5,4,396,395,10.0,0.26214036,2.6214036000000003,7.378596399999999,1.0,True,0.0,1.0,345.503,298.09967445563905,357.71960934676684,0.0,59.61993489112781,False
5->6,5,6,396,397,20.0,0.33981101,6.7962202000000005,13.2037798,1.0,True,0.09514634373802205,0.904853656261978,446.38604418624095,446.38604418624095,535.6632530234891,42.47199999999998,89.2772088372482,False
5->7,5,7,396,398,15.0,0.52271495,7.84072425,7.15927575,1.0,True,4.942009317135697e-16,0.9999999999999996,1100.8709436392353,920.1669234205891,1104.200308104707,4.547473508864641e-13,184.03338468411783,False
5->8,5,8,396,399,13.0,0.49985632,6.49813216,6.50186784,1.0,True,0.060497853841294025,0.939502146158706,1275.0534953249542,1275.0534953249542,1530.064194389945,77.13800000000015,255.01069906499083,False
5->9,5,9,396,401,1.0,0.24280914,0.24280914,0.75719086,0.0,False,1.0,0.0,1312.942220362424,1312.942220362424,1575.5306644349087,276.97454888080597,262.58844407248483,True
6->1,6,1,397,392,4.0,0.50278657,2.01114628,1.9888537199999998,0.0,False,1.0,0.0,1554.531007882122,1296.2041876298113,1555.4450251557735,774.2523106425429,259.24083752596226,True
6->10,6,10,397,402,7.0,0.22060165,1.54421155,5.45578845,1.0,True,0.1488906817546232,0.8511093182453768,1405.4375090152898,1405.4375090152898,1686.5250108183477,209.2565488808059,281.087501803058,False
6->11,6,11,397,403,24.0,0.21319577,5.11669848,18.88330152,1.0,True,0.14879216535244574,0.8512078346475542,1977.7355090152898,1977.7355090152898,2373.2826108183476,294.27154888080645,395.547101803058,False
6->12,6,12,397,404,5.0,0.28827097,1.4413548500000002,3.55864515,0.0,False,1.0,0.0,2498.9768674092397,2089.254906270729,2507.1058875248746,850.2503793633787,417.85098125414584,True
6->13,6,13,397,405,39.0,0.34684901,13.52711139,25.47288861,1.0,True,0.09199886851477233,0.9080011314852277,2186.189930887083,2186.189930887083,2623.4279170644995,201.12699999999995,437.2379861774166,False
6->14,6,14,397,406,35.0,0.16509543,5.77834005,29.22165995,1.0,True,0.1564267356112395,0.8435732643887606,1285.7584684235342,1285.7584684235342,1542.910162108241,201.1270000000004,257.15169368470686,False
6->15,6,15,397,407,13.0,0.2029626,2.6385138,10.3614862,1.0,True,0.12086745652316871,0.8791325434768313,917.569131226617,887.151720147505,1064.582064177006,107.2277719643829,177.43034402950101,False
6->16,6,16,397,408,15.0,0.3093229,4.6398435000000005,10.3601565,1.0,True,0.13684515152721627,0.8631548484727838,539.967979686179,539.967979686179,647.9615756234148,73.892,107.9935959372358,False
6->17,6,17,397,409,14.0,0.249715,3.49601,10.50399,1.0,True,0.0,1.0,835.571697239579,834.793847882601,1001.7526174591211,0.0,166.9587695765202,False
6->18,6,18,397,410,23.0,0.28113605,6.46612915,16.53387085,1.0,True,0.0887980958672536,0.9112019041327464,1280.732300272165,1207.545847882601,1449.0550174591212,107.22777196438324,241.5091695765202,False
6->19,6,19,397,412,15.0,0.22468726,3.3703089,11.629691099999999,1.0,True,0.08883870630533038,0.9111612936946696,1280.0373002721649,1206.9938478826011,1448.3926174591213,107.22777196438301,241.39876957652024,False
6->2,6,2,397,393,11.0,0.21330534,2.3463587400000003,8.65364126,1.0,True,0.10546793960674866,0.8945320603932514,1030.7425328517938,930.777634357108,1116.9331612285296,98.16719932768785,186.1555268714216,False
6->20,6,20,397,413,10.0,0.20743716,2.0743716,7.9256284,1.0,True,0.14056711621824508,0.8594328837817549,1534.3986972395787,1534.3986972395787,1841.2784366874944,215.6859999999997,306.87973944791577,False
6->21,6,21,397,414,1.0,0.29407288,0.29407288,0.70592712,1.0,True,0.1416947410908056,0.8583052589091944,1797.3496972395787,1797.3496972395787,2156.8196366874945,254.67499999999995,359.46993944791575,False
6->22,6,22,397,415,3.0,0.59505595,1.7851678500000001,1.2148321499999999,1.0,True,0.19879916363101494,0.8012008363689851,1949.09937215798,1859.7244764483653,2231.669371738038,369.71167050206213,371.94489528967307,False
6->23,6,23,397,416,1.0,0.20163471,0.20163471,0.79836529,0.0,False,1.0,0.0,2669.341421438034,2669.341421438034,3203.209705725641,946.6113552189445,533.8682842876068,True
6->24,6,24,397,417,1.0,0.24371942,0.24371942,0.75628058,0.0,False,1.0,0.0,2473.83253693787,2387.886161373965,2865.463393648758,991.531627018647,477.577232274793,True
6->25,6,25,397,418,1.0,0.37300335,0.37300335,0.6269966499999999,0.0,False,1.0,0.0,2518.5034613935086,2466.284736654564,2959.5416839854765,493.91453557341197,493.2569473309128,True
6->26,6,26,397,419,5.0,0.45481003,2.27405015,2.72594985,1.0,True,0.1622826497304096,0.8377173502695904,2455.347330094011,2455.347330094011,2946.416796112813,398.4602707361428,491.0694660188022,False
6->27,6,27,397,420,2.0,0.37043298,0.74086596,1.25913404,0.0,False,1.0,0.0,3299.4655225932556,3054.617685520434,3665.5412226245207,1328.262750986962,610.9235371040868,True
6->28,6,28,397,421,4.0,0.17425397,0.69701588,3.30298412,0.0,False,1.0,0.0,2030.1119925583662,2030.1119925583662,2436.1343910700393,865.5013804571922,406.02239851167326,True
6->29,6,29,397,423,5.0,0.24829889,1.24149445,3.7585055499999998,0.0,False,1.0,0.0,1739.3922502406235,1739.3922502406235,2087.2707002887482,855.1755530010446,347.8784500481247,True
6->3,6,3,397,394,19.0,0.2530123,4.8072337,14.1927663,0.0,False,1.0,0.0,1514.6885242563208,1382.2586812744848,1658.7104175293819,552.3781407006197,276.45173625489696,True
6->30,6,30,397,424,3.0,0.27478969,0.8243690699999999,2.17563093,0.0,False,1.0,0.0,1645.3010411454006,1478.00501340374,1773.606016084488,691.1541066344917,295.60100268074797,True
6->4,6,4,397,395,26.0,0.2638289,6.859551399999999,19.1404486,1.0,True,0.0,1.0,780.2786972395788,659.5417186418799,791.4500623702559,0.0,131.908343728376,False
6->5,6,5,397,396,18.0,0.32650258,5.87704644,12.122953560000001,1.0,True,0.09514634373802205,0.904853656261978,446.38604418624095,446.38604418624095,535.6632530234891,42.47199999999998,89.2772088372482,False
6->7,6,7,397,398,37.0,0.37608546,13.915162019999999,23.08483798,1.0,True,0.0,1.0,1158.692987825476,1015.977604306665,1219.1731251679978,0.0,203.195520861333,False
6->8,6,8,397,399,55.0,0.39999026,21.9994643,33.0005357,1.0,True,0.0418334278151794,0.9581665721848206,828.667451138713,828.667451138713,994.4009413664555,34.666000000000054,165.7334902277426,False
6->9,6,9,397,401,5.0,0.17114374,0.8557186999999999,4.1442813,1.0,True,0.16070971415015156,0.8392902858498484,945.6463144400581,945.6463144400581,1134.7755773280696,151.97454888080608,189.12926288801162,False
7->1,7,1,398,392,2.0,0.67329899,1.34659798,0.6534020199999999,0.0,False,1.0,0.0,1297.878994399504,1297.878994399504,1557.4547932794048,795.99310650713,259.57579887990084,True
7->10,7,10,398,402,5.0,0.44284431,2.21422155,2.78577845,0.0,False,1.0,0.0,2205.877028655974,2205.877028655974,2647.0524343871684,1065.950291668672,441.1754057311948,True
7->11,7,11,398,403,3.0,0.42830214,1.28490642,1.71509358,0.0,False,1.0,0.0,2778.1750286559736,2778.1750286559736,3333.8100343871683,1150.9652916686719,555.6350057311947,True
7->12,7,12,398,404,2.0,0.42411597,0.84823194,1.15176806,0.0,False,1.0,0.0,3093.539500660961,3028.0836958764658,3633.7004350517586,959.5152468441324,605.6167391752932,True
7->13,7,13,398,405,7.0,0.59396133,4.15772931,2.8422706900000003,1.0,True,0.19069688019851447,0.8093031198014855,2917.1174185856185,2917.1174185856185,3500.540902302742,556.2851908970215,583.4234837171238,False
7->14,7,14,398,406,9.0,0.33224967,2.99024703,6.009752970000001,1.0,True,0.19129428377127253,0.8087057162287274,2127.779657570995,2127.779657570995,2553.335589085194,407.032085618127,425.555931514199,False
7->15,7,15,398,407,4.0,0.35570144,1.42280576,2.57719424,1.0,True,0.10586375082174015,0.8941362491782598,1827.3327923370932,1809.371453505329,2171.2457442063946,191.54684869785797,361.87429070106583,False
7->16,7,16,398,408,2.0,0.44219154,0.88438308,1.11561692,0.0,False,1.0,0.0,1698.924648552524,1478.7967692919158,1774.5561231502988,376.40970491328903,295.7593538583832,True
7->17,7,17,398,409,2.0,0.40894394,0.81788788,1.18211212,1.0,True,0.0,1.0,1322.514943639235,1315.7369234205892,1578.8843081047069,0.0,263.14738468411787,False
7->18,7,18,398,410,8.0,0.42886771,3.43094168,4.56905832,1.0,True,0.07522245971743242,0.9247775402825675,1695.2669436392353,1670.0464259198807,2004.0557111038568,125.62500000000023,334.00928518397615,False
7->19,7,19,398,412,5.0,0.41523166,2.0761583,2.9238417,1.0,True,0.0,1.0,1694.7149436392351,1669.181425919881,2003.017711103857,0.0,333.8362851839762,False
7->2,7,2,398,393,5.0,0.38752855,1.9376427500000002,3.06235725,1.0,True,0.1899844376679071,0.8100155623320929,1536.0363594029434,1355.304169576822,1626.3650034921864,257.48670052602233,271.0608339153644,False
7->20,7,20,398,413,11.0,0.42823612,4.71059732,6.28940268,1.0,True,0.05870387019619664,0.9412961298038034,2044.2235237907282,1990.456520290963,2388.5478243491557,116.84750119833393,398.09130405819263,False
7->21,7,21,398,414,1.0,0.49108386,0.49108386,0.50891614,0.0,False,1.0,0.0,2289.7749436392355,2253.407520290963,2704.0890243491554,506.5290000000002,450.6815040581926,True
7->22,7,22,398,415,1.0,0.72886473,0.72886473,0.27113527000000004,0.0,False,1.0,0.0,2573.0550565678172,2349.026006403733,2818.8312076844795,1013.3641539099613,469.8052012807466,True
7->26,7,26,398,419,3.0,0.68688656,2.06065968,0.9393403199999999,0.0,False,1.0,0.0,3004.1310992858057,2896.721284669634,3476.0655416035606,863.6480273134462,579.3442569339268,True
7->27,7,27,398,420,1.0,0.5552506,0.5552506,0.44474939999999996,0.0,False,1.0,0.0,3829.1815302223076,3263.847602948844,3916.6171235386123,1403.0103946427475,652.7695205897688,True
7->28,7,28,398,421,4.0,0.40267047,1.61068188,2.38931812,0.0,False,1.0,0.0,2568.8100920163624,2459.479515711454,2951.3754188537446,778.9871070903787,491.8959031422908,True
7->29,7,29,398,423,1.0,0.45947273,0.45947273,0.54052727,0.0,False,1.0,0.0,2319.2162245885547,2180.555699123378,2616.6668389480533,648.5162809493195,436.1111398246756,True
7->3,7,3,398,394,24.0,0.43669984,10.48079616,13.519203840000001,1.0,True,0.19540671957013972,0.8045932804298603,623.775887892374,623.775887892374,748.5310654708488,121.89000000000004,124.75517757847481,False
7->30,7,30,398,424,2.0,0.51547071,1.03094142,0.96905858,0.0,False,1.0,0.0,1687.2349308321502,1687.2349308321502,2024.6819169985802,1185.3490429397762,337.44698616643007,True
7->4,7,4,398,395,9.0,0.45831761,4.12485849,4.875141510000001,1.0,True,0.18710456341405768,0.8128954365859423,1140.100618094874,1095.8186733367208,1314.982408004065,205.03267445563904,219.1637346673442,False
7->5,7,5,398,396,16.0,0.46977378,7.51638048,8.483619520000001,1.0,True,0.04615684276295912,0.9538431572370408,926.944943639235,920.1669234205891,1104.200308104707,42.47199999999998,184.03338468411783,False
7->6,7,6,398,397,29.0,0.45099974,13.07899246,15.92100754,1.0,True,2.237186078965302e-16,0.9999999999999998,1158.6929878254762,1016.3377896057368,1219.605347526884,2.2737367544323206e-13,203.2675579211474,False
7->8,7,8,398,399,37.0,0.59172724,21.89390788,15.10609212,1.0,True,0.19842346074902714,0.8015765392509728,1030.320943500469,1030.320943500469,1236.3851322005628,204.4398472915659,206.0641887000938,False
7->9,7,9,398,401,2.0,0.35725402,0.71450804,1.2854919599999999,0.0,False,1.0,0.0,1746.0858340807417,1746.0858340807417,2095.30300089689,1008.6682916686717,349.2171668161484,True
8->1,8,1,399,392,2.0,0.62262613,1.24525226,0.75474774,0.0,False,1.0,0.0,2124.8716387685236,2124.8716387685236,2549.845966522228,926.9561434435695,424.97432775370476,True
8->10,8,10,399,402,38.0,0.42827912,16.274606560000002,21.725393439999998,1.0,True,0.1497356473464316,0.8502643526535684,1649.6339006603716,1649.6339006603716,1979.560680792446,247.0089999999998,329.9267801320743,False
8->11,8,11,399,403,29.0,0.3904187,11.3221423,17.6778577,1.0,True,0.14943032228004824,0.8505696777199517,2221.9319006603714,2221.9319006603714,2666.3182807924454,332.02399999999943,444.3863801320743,False
8->12,8,12,399,404,14.0,0.38875093,5.44251302,8.55748698,1.0,True,0.19814361116958001,0.80185638883042,2738.1096813603494,2612.2362755846193,3134.683530701543,517.5979288725107,522.4472551169239,False
8->13,8,13,399,405,14.0,0.48274041,6.75836574,7.24163426,1.0,True,0.11230554278833713,0.8876944572116628,2927.050361660925,2927.050361660925,3512.4604339931097,328.72397963512867,585.410072332185,False
8->14,8,14,399,406,21.0,0.26031992,5.46671832,15.533281680000002,1.0,True,0.16220315510001299,0.8377968448999871,2026.618899197376,2026.618899197376,2431.942679036851,328.7239796351296,405.32377983947526,False
8->15,8,15,399,407,4.0,0.38391668,1.53566672,2.46433328,1.0,True,0.14159464892573279,0.8584053510742672,1658.4295620004586,1658.4295620004586,1990.1154744005503,234.82475159951173,331.68591240009175,False
8->16,8,16,399,408,8.0,0.41663149,3.33305192,4.66694808,1.0,True,0.1573114540477457,0.8426885459522543,1280.828410460021,1280.828410460021,1536.994092552025,201.48897963512877,256.1656820920042,False
8->17,8,17,399,409,5.0,0.37691119,1.88455595,3.1154440500000002,1.0,True,0.15795300480948393,0.8420469951905161,1671.59449139835,1652.894447529385,1983.473337035262,261.0796446201782,330.578889505877,False
8->18,8,18,399,410,11.0,0.41971658,4.61688238,6.38311762,1.0,True,0.17754528512799767,0.8224547148720023,2020.902731046007,2020.902731046007,2425.083277255208,358.8017515995125,404.1805462092014,False
8->19,8,19,399,412,14.0,0.43315379,6.06415306,7.93584694,1.0,True,0.11619823605718448,0.8838017639428155,2020.8977310460068,2020.8977310460068,2425.077277255208,234.8247515995124,404.17954620920136,False
8->2,8,2,399,393,8.0,0.29889824,2.39118592,5.60881408,1.0,True,0.19936068585168162,0.8006393141483183,1851.403172308423,1759.4450854958204,2111.3341025949844,350.76417896281737,351.8890170991641,False
8->20,8,20,399,413,21.0,0.33389861,7.01187081,13.98812919,1.0,True,0.19884126583921216,0.8011587341607879,2355.059336696208,2355.059336696208,2826.0712040354497,468.2829796351293,471.01186733924163,False
8->21,8,21,399,414,4.0,0.41396553,1.65586212,2.34413788,0.0,False,1.0,0.0,2614.3937310460074,2614.3937310460074,3137.2724772552087,615.3997515995129,522.8787462092015,True
8->22,8,22,399,415,2.0,0.65741459,1.31482918,0.68517082,0.0,False,1.0,0.0,2606.776202307658,2606.776202307658,3128.1314427691896,848.6984386673585,521.3552404615316,True
8->23,8,23,399,416,1.0,0.36604423,0.36604423,0.63395577,0.0,False,1.0,0.0,3410.2018522118756,3410.2018522118756,4092.2422226542503,1074.2083348540727,682.0403704423752,True
8->24,8,24,399,417,1.0,0.40480906,0.40480906,0.59519094,0.0,False,1.0,0.0,3134.9378872332577,3134.9378872332577,3761.925464679909,1243.61703322853,626.9875774466516,True
8->25,8,25,399,418,1.0,0.46060167,0.46060167,0.53939833,0.0,False,1.0,0.0,3710.106560740689,3271.306669525855,3925.5680034310258,1349.3986147204023,654.261333905171,True
8->26,8,26,399,419,7.0,0.65797476,4.60582332,2.39417668,1.0,True,0.1654184648679946,0.8345815351320054,3273.6733639004387,3273.6733639004387,3928.4080366805265,541.5260223356545,654.7346727800877,False
8->27,8,27,399,420,4.0,0.55982121,2.23928484,1.7607151600000002,0.0,False,1.0,0.0,4271.170210377815,3883.285136659146,4659.942163990975,1289.1313501666154,776.6570273318292,True
8->28,8,28,399,421,6.0,0.38746358,2.32478148,3.6752185200000005,0.0,False,1.0,0.0,3024.0061895581266,2850.7726320149955,3420.9271584179946,1033.8472412186757,570.1545264029991,True
8->29,8,29,399,423,2.0,0.46223664,0.92447328,1.07552672,0.0,False,1.0,0.0,2905.628072404922,2560.052889697253,3072.063467636703,829.0273944803603,512.0105779394506,True
8->3,8,3,399,394,12.0,0.38774517,4.652942039999999,7.347057960000001,1.0,True,0.19732878754448435,0.8026712124555156,1653.7366460937708,1653.7366460937708,1984.4839753125248,326.3298472915658,330.7473292187542,False
8->4,8,4,399,395,12.0,0.35882379,4.30588548,7.69411452,1.0,True,0.10728733785690862,0.8927126621430914,1606.1043570610789,1488.2091697805927,1785.8510037367112,159.66599999999994,297.64183395611855,False
8->5,8,5,399,396,12.0,0.41902453,5.02829436,6.971705640000001,1.0,True,0.02718787888281122,0.9728121211171887,1442.595148378292,1275.0534953249537,1530.0641943899443,34.66599999999994,255.01069906499075,False
8->6,8,6,399,397,42.0,0.41872419,17.586415979999998,24.41358402,1.0,True,0.04183342781517927,0.9581665721848207,828.6674511387129,828.6674511387129,994.4009413664554,34.66599999999994,165.73349022774258,False
8->7,8,7,399,398,35.0,0.59876765,20.95686775,14.043132250000001,1.0,True,0.19849285097868763,0.8015071490213124,1029.960758201397,1029.960758201397,1235.9529098416765,204.43984729156602,205.99215164027942,False
8->9,8,9,399,401,25.0,0.30037147,7.509286749999999,17.49071325,1.0,True,0.15945553057533635,0.8405444694246637,1189.84270608514,1189.84270608514,1427.8112473021679,189.72699999999998,237.96854121702802,False
9->1,9,1,401,392,1.0,0.38174864,0.38174864,0.61825136,0.0,False,1.0,0.0,2512.060058237781,2235.844363805994,2683.0132365671925,1227.9600579259693,447.1688727611988,True
9->10,9,10,401,402,7.0,0.1166242,0.8163694,6.183630600000001,1.0,True,0.12458263811015076,0.8754173618898492,459.791194575232,459.791194575232,551.7494334902784,57.28200000000004,91.95823891504641,False
9->11,9,11,401,403,12.0,0.17937932,2.15255184,9.847448159999999,1.0,True,0.1378727737369285,0.8621272262630715,1032.0891945752317,1032.0891945752317,1238.507033490278,142.29699999999968,206.41783891504633,False
9->12,9,12,401,404,2.0,0.1392463,0.2784926,1.7215074000000001,1.0,True,0.1705879946217934,0.8294120053782066,1538.5503791970111,1515.9005525220969,1819.0806630265163,258.5944353008131,303.18011050441936,False
9->13,9,13,401,405,4.0,0.25689512,1.02758048,2.97241952,1.0,True,0.030814574566000417,0.9691854254339995,1868.55967306413,1858.925550872366,2230.710661046839,57.281999999999925,371.78511017447323,False
9->14,9,14,401,406,4.0,0.0316424,0.1265696,3.8734304,1.0,True,0.189093250922793,0.8109067490772071,1107.3001592556882,984.3344439405598,1181.2013327286718,186.1310000000002,196.86688878811196,False
9->15,9,15,401,407,1.0,0.07640136,0.07640136,0.92359864,0.0,False,1.0,0.0,711.649774937216,695.0557866925461,834.0669440310553,140.148943670952,139.01115733850924,True
9->16,9,16,401,408,6.0,0.15356921,0.9214152600000001,5.07858474,0.0,False,1.0,0.0,440.767208463185,440.767208463185,528.9206501558219,380.489208463185,88.153441692637,True
9->17,9,17,401,409,1.0,0.14623056,0.14623056,0.85376944,1.0,True,0.17150379725226667,0.8284962027477334,949.1599439827639,817.1769133764741,980.6122960517689,140.1489436709519,163.43538267529482,False
9->18,9,18,401,410,2.0,0.23526079,0.47052158,1.52947842,1.0,True,0.13047756260683765,0.8695224373931624,1077.899943982764,1074.1229439827641,1288.9475327793168,140.1489436709519,214.82458879655283,False
9->19,9,19,401,412,2.0,0.2207542,0.4415084,1.5584916,1.0,True,0.13047816997757988,0.8695218300224201,1074.1179439827638,1074.1179439827638,1288.9415327793165,140.14894367095167,214.82358879655277,False
9->2,9,2,401,393,4.0,0.15595109,0.62380436,3.37619564,0.0,False,1.0,0.0,1729.7570559746396,1729.7570559746396,2075.7084671695675,375.14174820849485,345.9514111949279,True
9->20,9,20,401,413,1.0,0.09945117,0.09945117,0.90054883,1.0,True,0.09936104254859807,0.900638957451402,1410.5019439827636,1410.5019439827636,1692.6023327793162,140.14894367095167,282.10038879655275,False
9->21,9,21,401,414,1.0,0.19689008,0.19689008,0.80310992,0.0,False,1.0,0.0,1667.613943982764,1667.613943982764,2001.1367327793168,520.7239436709522,333.52278879655285,True
9->26,9,26,401,419,1.0,0.39989913,0.39989913,0.60010087,1.0,True,0.19203723748056903,0.807962762519431,2326.893576837196,2326.893576837196,2792.2722922046355,446.85021440709534,465.37871536743927,False
9->28,9,28,401,421,1.0,0.08841661,0.08841661,0.91158339,1.0,True,0.13627350404019917,0.8637264959598008,1960.3300923598904,1960.3300923598904,2352.3961108318686,267.14105076132955,392.0660184719781,False
9->3,9,3,401,394,2.0,0.13726393,0.27452786,1.72547214,0.0,False,1.0,0.0,2469.5363706205285,2322.0523551919514,2786.4628262303418,1083.7681836300744,464.4104710383903,True
9->4,9,4,401,395,2.0,0.14778793,0.29557586,1.70442414,1.0,True,0.18723437995135822,0.8127656200486417,1479.2932203624243,1479.2932203624243,1775.1518644349092,276.9745488808064,295.8586440724849,False
9->6,9,6,401,397,3.0,0.13199852,0.39599556,2.6040044399999998,1.0,True,0.16070971415015167,0.8392902858498483,945.6463144400582,945.6463144400582,1134.7755773280699,151.9745488808062,189.12926288801165,False
9->7,9,7,401,398,3.0,0.37799555,1.13398665,1.8660133499999998,0.0,False,1.0,0.0,1745.7256487816699,1745.7256487816699,2094.870778538004,1008.6682916686719,349.145129756334,True
9->8,9,8,401,399,19.0,0.30582032,5.810586079999999,13.18941392,1.0,True,0.1594555305753365,0.8405444694246635,1189.8427060851402,1189.8427060851402,1427.811247302168,189.7270000000002,237.96854121702805,False
