od,origin,destination,original_origin,original_destination,demand,pi_w,protected_demand,unprotected_demand,z_value,covered,u_w,path_length,shortest_length,detour_cap,model_uncovered_length,uncovered_cap_if_required
1->14,1,14,392,406,3.0,0.37898177,1.13694531,1.86305469,1.0,True,0.11247943135361686,2265.516877593976,2265.516877593976,2718.620253112771,254.82405011379205,453.10337551879525
1->15,1,15,392,407,2.0,0.43688532,0.87377064,1.12622936,1.0,True,0.1908430209582467,1954.721992141428,1954.721992141428,2345.6663905697137,373.0450501137923,390.94439842828564
1->16,1,16,392,408,1.0,0.51051601,0.51051601,0.48948399,1.0,True,0.1732785782192779,1828.267624468033,1828.267624468033,2193.9211493616394,316.79961457215745,365.65352489360663
1->17,1,17,392,409,2.0,0.44227883,0.88455766,1.11544234,1.0,True,0.1751567930645316,1455.26214344357,1455.26214344357,1746.314572132284,254.8990501137921,291.05242868871403
1->18,1,18,392,410,1.0,0.50871097,0.50871097,0.49128903,0.0,False,1.0,1636.7328253284159,1578.701208904545,1894.441450685454,0.0,315.740241780909
1->19,1,19,392,412,1.0,0.47921654,0.47921654,0.52078346,0.0,False,1.0,1380.1205123972472,1328.730208904545,1594.4762506854538,0.0,265.746041780909
1->2,1,2,392,393,2.0,0.45981818,0.91963636,1.0803636399999998,1.0,True,0.07756670504221139,543.704357868384,529.818049236598,635.7816590839176,41.09624035117503,105.9636098473196
1->20,1,20,392,413,1.0,0.46893949,0.46893949,0.53106051,1.0,True,0.03870828082987692,1178.9685175363309,1061.69118002923,1274.029416035076,41.096240351174856,212.33823600584603
1->24,1,24,392,417,1.0,0.53660787,0.53660787,0.46339213,0.0,False,1.0,2372.356110728934,2032.375680183543,2438.8508162202515,0.0,406.4751360367086
1->26,1,26,392,419,2.0,0.72270434,1.44540868,0.5545913200000001,0.0,False,1.0,2072.2232097458427,1730.0705855462556,2076.0847026555066,0.0,346.0141171092512
1->28,1,28,392,421,2.0,0.4566979,0.9133958,1.0866042,0.0,False,1.0,1508.4274970976558,1257.1445213119498,1508.5734255743398,0.0,251.42890426238998
1->29,1,29,392,423,1.0,0.537345,0.537345,0.46265500000000004,0.0,False,1.0,1013.905,1013.905,1216.686,0.0,202.781
1->3,1,3,392,394,8.0,0.49071069,3.92568552,4.07431448,1.0,True,0.1827703160715278,917.88310650713,909.4529329092419,1091.3435194910903,166.22100000000012,181.8905865818484
1->4,1,4,392,395,3.0,0.50406748,1.51220244,1.48779756,1.0,True,0.18071792507190018,778.6436496754371,762.944912262152,915.5338947145824,137.87782148817905,152.5889824524304
1->5,1,5,392,396,1.0,0.60153979,0.60153979,0.39846021,1.0,True,0.13821596330146135,934.76214344357,934.76214344357,1121.714572132284,129.19905011379183,186.952428688714
1->6,1,6,392,397,4.0,0.53765383,2.15061532,1.84938468,1.0,True,0.09967492108634556,1296.204187629811,1296.204187629811,1555.4450251557732,129.19905011379205,259.2408375259622
1->7,1,7,392,398,3.0,0.66039576,1.9811872799999999,1.0188127200000001,1.0,True,0.16547302735703318,1297.8789943995039,1289.4488208016157,1547.3385849619387,213.36899999999991,257.8897641603232
1->8,1,8,392,399,1.0,0.6292769,0.6292769,0.37072309999999997,1.0,True,0.06080322583093506,2124.8716387685236,2124.8716387685236,2549.845966522228,129.1990501137916,424.97432775370476
1->9,1,9,392,401,1.0,0.39506199,0.39506199,0.60493801,1.0,True,0.0856184813636736,2235.8443638059935,2235.8443638059935,2683.013236567192,191.4295989945981,447.1688727611987
10->11,10,11,402,403,35.0,0.24569016,8.5991556,26.4008444,1.0,True,0.0,572.298,572.298,686.7576,0.0,114.45960000000001
10->12,10,12,402,404,23.0,0.22045179,5.070391170000001,17.92960883,1.0,True,0.12496024406614814,1066.5353462540302,1060.0919929658592,1272.1103915590309,132.46935417358316,212.01839859317184
10->13,10,13,402,405,14.0,0.42060832,5.88851648,8.11148352,1.0,True,0.0,1408.7684784888982,1403.1169913161282,1683.7403895793539,0.0,280.6233982632256
10->14,10,14,402,406,18.0,0.12903768,2.3226782399999997,15.677321760000002,1.0,True,0.19064434978147565,647.5089646804561,647.5089646804561,777.0107576165473,123.44392554918204,129.50179293609122
10->15,10,15,402,407,3.0,0.25540113,0.7662033899999999,2.23379661,0.0,False,1.0,942.018936458912,850.2211831777349,1020.2654198132818,0.0,170.044236635547
10->16,10,16,402,408,4.0,0.23514626,0.94058504,3.05941496,0.0,False,1.0,941.8347519122981,918.144403038417,1101.7732836461003,0.0,183.6288806076834
10->17,10,17,402,409,1.0,0.24331398,0.24331398,0.75668602,0.0,False,1.0,1462.5863812410178,1294.5541079517059,1553.464929542047,0.0,258.9108215903412
10->18,10,18,402,410,4.0,0.32786046,1.31144184,2.68855816,1.0,True,0.11606865436939603,1427.0741385579963,1229.299031875593,1475.1588382507116,142.68308444740137,245.85980637511864
10->19,10,19,402,412,3.0,0.31413553,0.94240659,2.05759341,1.0,True,0.10003166801194767,1426.3791385579962,1426.3791385579962,1711.6549662695954,142.68308444740137,285.2758277115992
10->2,10,2,402,393,2.0,0.22282034,0.44564068,1.55435932,1.0,True,0.15077970844906333,2207.134250549871,2207.134250549871,2648.561100659845,332.79105880585143,441.4268501099742
10->20,10,20,402,413,5.0,0.22382062,1.1191031,3.8808968999999998,1.0,True,0.08094285688553783,1762.763138557996,1762.763138557996,2115.315766269595,142.68308444740137,352.5526277115992
10->21,10,21,402,414,2.0,0.27632836,0.55265672,1.4473432800000001,1.0,True,0.0954533887631365,1582.625064512358,1582.625064512358,1899.1500774148294,151.0669255491821,316.52501290247164
10->22,10,22,402,415,4.0,0.51669846,2.06679384,1.9332061600000001,1.0,True,0.1269692711262995,1189.791232233757,1189.791232233757,1427.7494786805084,151.06692554918186,237.95824644675142
10->23,10,23,402,416,1.0,0.26241823,0.26241823,0.73758177,1.0,True,0.1644863163203967,1910.4789255381688,1886.2684818670791,2263.5221782404947,310.26535417358286,377.25369637341583
10->25,10,25,402,418,1.0,0.30555363,0.30555363,0.69444637,1.0,True,0.10255529603726837,1994.689045359915,1994.689045359915,2393.626854431898,204.56592554918234,398.93780907198305
10->26,10,26,402,419,7.0,0.50107438,3.5075206600000004,3.4924793399999996,1.0,True,0.14979267490880122,2239.4470053990913,2239.4470053990913,2687.3364064789093,335.4527572552345,447.8894010798183
10->27,10,27,402,420,3.0,0.41405089,1.24215267,1.7578473300000002,1.0,True,0.08873295381112027,3517.4116274844846,3044.0533723149547,3652.8640467779455,270.10784728420776,608.810674462991
10->28,10,28,402,421,2.0,0.17683763,0.35367526,1.64632474,0.0,False,1.0,2390.242343448686,2221.977640278163,2666.3731683337955,0.0,444.39552805563267
10->3,10,3,402,394,2.0,0.24675781,0.49351562,1.50648438,0.0,False,1.0,3013.160313395739,2799.429549767183,3359.3154597206194,0.0,559.8859099534366
10->4,10,4,402,395,2.0,0.28211048,0.56422096,1.43577904,1.0,True,0.03180430817869196,1956.670414937656,1956.670414937656,2348.004497925187,62.23054888080628,391.33408298753125
10->5,10,5,402,396,3.0,0.28974923,0.8692476900000001,2.13075231,1.0,True,0.0542610151408033,1790.3194149376561,1790.3194149376561,2148.3832979251874,97.14454888080627,358.06388298753126
10->6,10,6,402,397,7.0,0.23045765,1.61320355,5.38679645,1.0,True,0.04373121630567342,1423.0235090152898,1423.0235090152898,1707.6282108183477,62.230548880806055,284.604701803058
10->7,10,7,402,398,3.0,0.43319393,1.29958179,1.7004182099999998,0.0,False,1.0,2223.102843356902,2223.102843356902,2667.7234120282824,0.0,444.62056867138045
10->8,10,8,402,399,35.0,0.39580316,13.853110599999999,21.1468894,1.0,True,2.727578711760473e-16,1667.2199006603719,1667.2199006603719,2000.6638807924462,4.547473508864641e-13,333.4439801320744
10->9,10,9,402,401,8.0,0.18605352,1.48842816,6.51157184,1.0,True,0.0,477.37719457523195,477.37719457523195,572.8526334902783,0.0,95.4754389150464
11->10,11,10,403,402,37.0,0.25451902,9.41720374,27.58279626,1.0,True,0.0,572.298,572.298,686.7576,0.0,114.45960000000001
11->12,11,12,403,404,39.0,0.2585493,10.0834227,28.9165773,1.0,True,0.11342833516468329,636.304851827467,636.304851827467,763.5658221929604,72.17500000000007,127.2609703654934
11->13,11,13,403,405,23.0,0.42798114,9.84356622,13.15643378,1.0,True,0.0,1109.7684784888982,979.998478488898,1175.9981741866775,0.0,195.9996956977796
11->14,11,14,403,406,24.0,0.17627792,4.23067008,19.76932992,1.0,True,0.12722081963297646,1388.301164090058,1216.3398028868721,1459.6077634642465,154.7437466754809,243.26796057737442
11->15,11,15,403,407,2.0,0.17515333,0.35030666,1.64969334,1.0,True,0.19928859063379184,1636.2089695124478,1419.31319311995,1703.17583174394,282.85292592482165,283.86263862399
11->16,11,16,403,408,3.0,0.2405061,0.7215183000000001,2.2784817000000004,0.0,False,1.0,1490.442403038417,1490.442403038417,1788.5308836461004,0.0,298.08848060768344
11->17,11,17,403,409,3.0,0.25724256,0.77172768,2.22827232,1.0,True,0.17217271718039837,2045.145090737588,1866.852107951706,2240.222529542047,321.4209999999996,373.37042159034127
11->18,11,18,403,410,4.0,0.24041459,0.96165836,3.03834164,1.0,True,0.079339298923096,1999.3721385579959,1798.3910418178082,2158.0692501813696,142.68308444740114,359.6782083635617
11->19,11,19,403,412,3.0,0.24486646,0.73459938,2.26540062,1.0,True,0.07138876094332275,1998.677138557996,1998.677138557996,2398.412566269595,142.68308444740114,399.7354277115992
11->2,11,2,403,393,3.0,0.20017171,0.60051513,2.39948487,1.0,True,0.11519906626134005,2968.288250405535,2779.4322505498712,3335.3187006598455,320.1880000000001,555.8864501099742
11->20,11,20,403,413,5.0,0.268428,1.34214,3.65786,1.0,True,0.06110464608027983,2335.061138557996,2335.061138557996,2802.073366269595,142.6830844474016,467.0122277115992
11->21,11,21,403,414,3.0,0.3382996,1.0148987999999999,1.9851012,1.0,True,0.15143464428747677,2151.455902718774,2151.455902718774,2581.7470832625286,325.8049593284097,430.29118054375476
11->22,11,22,403,415,5.0,0.51834963,2.59174815,2.40825185,1.0,True,0.18526149808120107,1758.622070440173,1758.622070440173,2110.3464845282074,325.80495932840995,351.7244140880346
11->23,11,23,403,416,2.0,0.21787196,0.43574392,1.56425608,1.0,True,0.17084441464605055,1480.248431111606,1463.149969039849,1755.779962847819,249.971,292.6299938079698
11->26,11,26,403,419,4.0,0.47239445,1.8895778,2.1104222,1.0,True,0.19129872343355178,2818.124287105568,2766.89593614156,3320.275123369872,529.3036604573626,553.379187228312
11->27,11,27,403,420,1.0,0.36002044,0.36002044,0.63997956,0.0,False,1.0,3972.992559803767,3571.502303057423,4285.802763668908,0.0,714.3004606114846
11->28,11,28,403,421,1.0,0.1990138,0.1990138,0.8009862,0.0,False,1.0,3022.203941537391,2791.0696502203787,3349.2835802644545,0.0,558.2139300440757
11->3,11,3,403,394,2.0,0.24544921,0.49089842,1.50910158,1.0,True,0.16673395296797672,3663.341259021066,3371.727549767183,4046.0730597206193,562.1814627037129,674.3455099534367
11->4,11,4,403,395,3.0,0.24294915,0.72884745,2.27115255,1.0,True,0.02460708821558776,2528.9684149376562,2528.9684149376562,3034.7620979251874,62.230548880806055,505.79368298753127
11->5,11,5,403,396,1.0,0.27028348,0.27028348,0.72971652,1.0,True,0.04111734226058335,2362.617414937656,2362.617414937656,2835.1408979251873,97.14454888080627,472.5234829875312
11->6,11,6,403,397,12.0,0.28339137,3.40069644,8.599303560000001,1.0,True,0.03118823137005006,1995.3215090152896,1995.3215090152896,2394.3858108183476,62.23054888080628,399.06430180305796
11->8,11,8,403,399,36.0,0.39094052,14.07385872,21.92614128,1.0,True,0.0,2239.5179006603717,2239.5179006603717,2687.421480792446,0.0,447.90358013207435
11->9,11,9,403,401,9.0,0.15894164,1.43047476,7.56952524,1.0,True,0.0,1049.6751945752321,1049.6751945752321,1259.6102334902785,0.0,209.93503891504645
12->10,12,10,404,402,27.0,0.23492839,6.34306653,20.656933470000002,1.0,True,0.0,1065.074851827467,1060.091992965859,1272.1103915590306,0.0,212.0183985931718
12->11,12,11,404,403,50.0,0.26723616,13.361808,36.638192000000004,1.0,True,0.11342833516468329,636.304851827467,636.304851827467,763.5658221929604,72.17500000000007,127.2609703654934
12->13,12,13,404,405,31.0,0.39301023,12.18331713,18.81668287,1.0,True,0.0,692.1219239092029,692.1219239092029,830.5463086910435,0.0,138.4243847818406
12->14,12,14,404,406,25.0,0.15825603,3.95640075,21.04359925,1.0,True,0.0,1067.8876570367659,1067.8876570367659,1281.465188444119,0.0,213.57753140735318
12->15,12,15,404,407,5.0,0.16807217,0.8403608499999999,4.15963915,1.0,True,0.17814087206069926,1629.0181578392608,1406.31755465898,1687.581065590776,250.5226355812208,281.263510931796
12->16,12,16,404,408,1.0,0.24955364,0.24955364,0.75044636,0.0,False,1.0,1828.726627589749,1535.673188039312,1842.8078256471742,0.0,307.13463760786243
12->17,12,17,404,409,5.0,0.23817955,1.19089775,3.80910225,1.0,True,0.14183717222010558,1757.2685361578929,1757.2685361578929,2108.7222433894713,249.24599999999987,351.4537072315786
12->18,12,18,404,410,4.0,0.27945551,1.11782204,2.88217796,1.0,True,0.0,1631.5285361578929,1631.5285361578929,1957.8342433894713,0.0,326.3057072315786
12->19,12,19,404,412,6.0,0.26473018,1.58838108,4.41161892,1.0,True,0.0,1881.4995361578929,1881.4995361578929,2257.7994433894714,0.0,376.2999072315786
12->2,12,2,404,393,5.0,0.19398554,0.9699277000000001,4.0300723,1.0,True,0.09252795023474417,2680.411695825839,2680.411695825839,3216.494034991007,248.01299999999947,536.0823391651678
12->20,12,20,404,413,3.0,0.18354968,0.5506490399999999,2.44935096,1.0,True,2.0503662319178254e-16,2217.883536157893,2217.883536157893,2661.4602433894715,4.547473508864641e-13,443.57670723157867
12->21,12,21,404,414,2.0,0.32049979,0.64099958,1.35900042,1.0,True,0.01474979303917955,1872.7720400296619,1872.7720400296619,2247.3264480355942,27.622999999999593,374.5544080059324
12->22,12,22,404,415,2.0,0.54001456,1.08002912,0.9199708799999999,1.0,True,0.018664968479985524,1479.9382077510609,1479.9382077510609,1775.925849301273,27.62299999999982,295.9876415502122
12->23,12,23,404,416,6.0,0.28392042,1.70352252,4.29647748,1.0,True,0.1512805427336823,1193.713876531911,1175.273414460154,1410.3280973521848,177.79600000000005,235.05468289203083
12->24,12,24,404,417,1.0,0.21560585,0.21560585,0.78439415,0.0,False,1.0,2178.2650226971045,1949.678130406484,2339.6137564877804,0.0,389.9356260812968
12->26,12,26,404,419,9.0,0.48323363,4.349102670000001,4.65089733,1.0,True,0.08381140740588254,2529.5939809163947,2529.5939809163947,3035.5127770996737,212.0088317060522,505.91879618327897
12->27,12,27,404,420,1.0,0.39139029,0.39139029,0.6086097100000001,0.0,False,1.0,3334.2003478322586,3334.2003478322586,4001.04041739871,0.0,666.8400695664518
12->28,12,28,404,421,1.0,0.2053455,0.2053455,0.7946545,1.0,True,0.09944800548960553,2624.207144560463,2624.207144560463,3149.0485734725553,260.97216651811095,524.8414289120926
12->4,12,4,404,395,3.0,0.25951742,0.77855226,2.22144774,1.0,True,0.076939779494899,2452.242536157893,2452.242536157893,2942.6910433894714,188.67500000000018,490.4485072315786
12->5,12,5,404,396,3.0,0.28690583,0.8607174899999999,2.13928251,1.0,True,0.06676636877966367,2292.471536157893,2292.471536157893,2750.9658433894715,153.05999999999995,458.4943072315786
12->6,12,6,404,397,9.0,0.23837982,2.1454183799999997,6.854581619999999,0.0,False,1.0,2366.345975345569,2075.641167725491,2490.7694012705892,0.0,415.1282335450982
12->7,12,7,404,398,2.0,0.39807287,0.79614574,1.20385426,1.0,True,0.1368235123500761,3074.3474595784814,3014.109772032156,3616.931726438587,412.4010856181267,602.8219544064312
12->8,12,8,404,399,16.0,0.39906969,6.38511504,9.614884960000001,1.0,True,0.17916330378168557,2771.359312411654,2611.8761727208057,3134.251407264967,467.952364173324,522.3752345441611
12->9,12,9,404,401,4.0,0.14300367,0.57201468,3.42798532,1.0,True,0.14984574525475114,1556.1363791970107,1533.4865525220966,1840.1838630265158,229.78643530081263,306.69731050441936
13->10,13,10,405,402,13.0,0.34781718,4.52162334,8.478376659999999,1.0,True,0.0,1408.768478488898,1403.1169913161277,1683.7403895793532,0.0,280.62339826322557
13->11,13,11,405,403,26.0,0.41507432,10.79193232,15.20806768,1.0,True,0.07364807352689946,979.998478488898,979.998478488898,1175.9981741866775,72.17499999999995,195.9996956977796
13->12,13,12,405,404,32.0,0.34513746,11.04439872,20.95560128,1.0,True,0.0,692.121923909203,692.121923909203,830.5463086910436,0.0,138.42438478184062
13->14,13,14,405,406,29.0,0.26862634,7.790163860000001,21.20983614,1.0,True,1.2625818006244787e-16,900.431462463549,900.431462463549,1080.5177549562588,1.1368683772161603e-13,180.08629249270982
13->15,13,15,405,407,18.0,0.35882751,6.458895180000001,11.54110482,1.0,True,0.0,1344.4606160287228,1318.6739587800348,1582.4087505360417,0.0,263.734791756007
13->16,13,16,405,408,11.0,0.41226181,4.53487991,6.465120090000001,1.0,True,0.019500702854049878,1647.7867613539108,1647.7867613539108,1977.344113624693,32.13299999999981,329.5573522707822
13->17,13,17,405,409,7.0,0.39714457,2.7800119899999998,4.21998801,1.0,True,0.08140450774457068,1830.4423547882209,1589.812341584676,1907.7748099016112,129.4178910729438,317.9624683169352
13->18,13,18,405,410,26.0,0.38015553,9.88404378,16.11595622,1.0,True,0.0,1464.072341584676,1464.072341584676,1756.886809901611,0.0,292.81446831693523
13->19,13,19,405,412,8.0,0.37506271,3.00050168,4.99949832,1.0,True,0.0,1714.043341584676,1714.043341584676,2056.852009901611,0.0,342.8086683169352
13->2,13,2,405,393,1.0,0.31281305,0.31281305,0.6871869500000001,1.0,True,0.09869374920342738,2512.9555012526225,2512.9555012526225,3015.546601503147,248.01299999999947,502.5911002505245
13->20,13,20,405,413,5.0,0.3533425,1.7667125000000001,3.2332875,1.0,True,2.2178174357303092e-16,2050.427341584676,2050.427341584676,2460.512809901611,4.547473508864641e-13,410.08546831693525
13->21,13,21,405,414,4.0,0.40038212,1.60152848,2.39847152,1.0,True,0.12932747134460074,1851.2979303579832,1703.1125345171101,2043.735041420532,220.25923750439188,340.62250690342205
13->22,13,22,405,415,6.0,0.66507441,3.9904464600000003,2.0095535399999997,1.0,True,0.021081774398689437,1312.482013177844,1310.2787022385091,1572.3344426862109,27.62299999999982,262.05574044770185
13->23,13,23,405,416,12.0,0.35802183,4.29626196,7.70373804,1.0,True,0.19101629699835965,783.3528978359741,783.3528978359741,940.0234774031688,149.6331697875621,156.67057956719484
13->24,13,24,405,417,1.0,0.36545712,0.36545712,0.6345428799999999,0.0,False,1.0,1927.287838059591,1678.503461992464,2014.2041543909568,0.0,335.70069239849283
13->25,13,25,405,418,1.0,0.47993944,0.47993944,0.52006056,1.0,True,0.16895553419656767,2144.7758263040023,1991.4825613734492,2389.779073648139,336.472,398.29651227468986
13->26,13,26,405,419,4.0,0.60724082,2.42896328,1.57103672,1.0,True,0.10020530891983294,2365.8702535268985,2336.069993519432,2803.2839922233184,234.0866153589668,467.21399870388643
13->27,13,27,405,420,1.0,0.50410141,0.50410141,0.49589859000000003,0.0,False,1.0,3323.5375641380106,2958.9837875858066,3550.7805451029676,0.0,591.7967575171614
13->28,13,28,405,421,1.0,0.37198906,0.37198906,0.62801094,1.0,True,0.10622654547847667,2456.7509499872463,2456.7509499872463,2948.1011399846952,260.97216651811095,491.35018999744926
13->3,13,3,405,394,1.0,0.37624228,0.37624228,0.62375772,1.0,True,0.18502209792145471,3500.147431260157,3166.92997589666,3800.315971075992,585.952028110742,633.385995179332
13->4,13,4,405,395,3.0,0.39746089,1.19238267,1.8076173299999998,1.0,True,0.08257883748952208,2284.786341584676,2284.786341584676,2741.743609901611,188.67500000000064,456.9572683169352
13->5,13,5,405,396,18.0,0.42476522,7.64577396,10.354226039999999,1.0,True,0.07202771528503843,2125.0153415846758,2125.0153415846758,2550.018409901611,153.05999999999972,425.0030683169352
13->6,13,6,405,397,22.0,0.34052967,7.49165274,14.50834726,1.0,True,0.014687661005695213,2187.75474104009,2187.75474104009,2625.3056892481077,32.132999999999356,437.550948208018
13->7,13,7,405,398,4.0,0.54464003,2.17856012,1.8214398799999998,1.0,True,0.09683594474626227,2904.9242650052643,2904.9242650052643,3485.909118006317,281.3010856181263,580.9848530010529
13->8,13,8,405,399,15.0,0.4919729,7.3795934999999995,7.620406500000001,1.0,True,0.0109527632934678,2933.780192178803,2933.780192178803,3520.536230614564,32.1329999999989,586.7560384357606
13->9,13,9,405,401,2.0,0.26900722,0.53801444,1.46198556,1.0,True,0.0,1886.1456730641296,1876.5115508723657,2251.8138610468386,0.0,375.3023101744732
14->1,14,1,406,392,2.0,0.37161776,0.74323552,1.25676448,1.0,True,0.1124794313536167,2265.5168775939756,2265.5168775939756,2718.6202531127706,254.8240501137916,453.10337551879513
14->10,14,10,406,402,23.0,0.1588764,3.6541572,19.3458428,1.0,True,0.19064434978147565,647.5089646804561,647.5089646804561,777.0107576165473,123.44392554918204,129.50179293609122
14->11,14,11,406,403,24.0,0.13297083,3.1912999200000005,20.80870008,1.0,True,0.12722081963297646,1400.4943176704119,1216.3398028868721,1459.6077634642465,154.7437466754809,243.26796057737442
14->12,14,12,406,404,22.0,0.16601891,3.65241602,18.34758398,1.0,True,2.1291909682162743e-16,1067.887657036766,1067.887657036766,1281.4651884441193,2.2737367544323206e-13,213.57753140735323
14->13,14,13,406,405,40.0,0.33133021,13.2532084,26.7467916,1.0,True,1.2625818006244787e-16,900.431462463549,900.431462463549,1080.5177549562588,1.1368683772161603e-13,180.08629249270982
14->15,14,15,406,407,6.0,0.14465364,0.8679218399999999,5.13207816,1.0,True,0.0,426.480008594453,418.24249631648604,501.89099557978324,0.0,83.64849926329721
14->16,14,16,406,408,5.0,0.14041279,0.7020639500000001,4.29793605,1.0,True,0.04299561406430046,747.355298890362,747.355298890362,896.8263586684343,32.132999999999925,149.4710597780724
14->17,14,17,406,409,3.0,0.15330078,0.45990233999999997,2.54009766,1.0,True,0.101602097887892,823.0964199984919,812.6677341504061,975.2012809804872,82.56874667548095,162.53354683008124
14->18,14,18,406,410,12.0,0.1753775,2.10453,9.89547,1.0,True,1.6550043340763377e-16,686.9277341504061,686.9277341504061,824.3132809804873,1.1368683772161603e-13,137.3855468300812
14->19,14,19,406,412,9.0,0.18636591,1.6772931899999999,7.32270681,1.0,True,0.0,936.898734150406,936.898734150406,1124.278480980487,0.0,187.37974683008122
14->2,14,2,406,393,3.0,0.15867813,0.47603439000000003,2.5239656100000003,1.0,True,0.14288019558077156,1735.810893818353,1735.810893818353,2082.9730725820236,248.01300000000015,347.1621787636706
14->20,14,20,406,413,9.0,0.13071381,1.1764242900000002,7.82357571,1.0,True,0.0,1273.2827341504058,1273.2827341504058,1527.939280980487,0.0,254.65654683008117
14->21,14,21,406,414,7.0,0.15827226,1.10790582,5.892094180000001,1.0,True,0.11238717404841754,1100.290865208777,980.465498919024,1176.5585987028287,110.19174667548089,196.0930997838048
14->22,14,22,406,415,17.0,0.46429027,7.89293459,9.10706541,1.0,True,0.0416808173619888,662.7269268762251,662.7269268762251,795.2723122514701,27.623000000000047,132.54538537524502
14->23,14,23,406,416,4.0,0.17491922,0.69967688,3.30032312,1.0,True,0.12850404062338625,1400.681415086257,1383.5829530145002,1660.2995436174,177.79600000000005,276.71659060290006
14->24,14,24,406,417,3.0,0.20221394,0.60664182,2.39335818,0.0,False,1.0,1277.5327517579722,1187.4600916561149,1424.9521099873377,0.0,237.492018331223
14->25,14,25,406,418,3.0,0.21610531,0.64831593,2.35168407,0.0,False,1.0,1392.529479766581,1392.529479766581,1671.0353757198973,0.0,278.5058959533162
14->26,14,26,406,419,15.0,0.33897893,5.0846839500000005,9.91531605,1.0,True,0.08813223650254584,1718.6732462802759,1637.287439805757,1964.7449277669084,144.29780386760876,327.4574879611514
14->27,14,27,406,420,4.0,0.23177743,0.92710972,3.07289028,0.0,False,1.0,2929.997833862808,2441.8938067216204,2930.2725680659446,0.0,488.3787613443241
14->28,14,28,406,421,6.0,0.154651,0.9279060000000001,5.072094,1.0,True,0.1553769832289614,1679.606342552976,1679.606342552976,2015.5276110635712,260.97216651811095,335.9212685105952
14->29,14,29,406,423,1.0,0.15577384,0.15577384,0.8442261600000001,1.0,True,0.10279468639152278,1745.2942941308038,1745.2942941308038,2094.3531529569645,179.4069796260901,349.05885882616076
14->3,14,3,406,394,1.0,0.19625352,0.19625352,0.80374648,0.0,False,1.0,2389.78536846239,2389.78536846239,2867.742442154868,0.0,477.95707369247805
14->30,14,30,406,424,1.0,0.19184806,0.19184806,0.80815194,0.0,False,1.0,1992.1957341504058,1992.1957341504058,2390.6348809804867,0.0,398.4391468300812
14->4,14,4,406,395,5.0,0.17632053,0.88160265,4.1183973499999995,1.0,True,0.12514577948210173,1507.6417341504061,1507.6417341504061,1809.1700809804872,188.67500000000018,301.52834683008126
14->5,14,5,406,396,10.0,0.23455953,2.3455953,7.654404700000001,1.0,True,0.1135568835512091,1347.8707341504062,1347.8707341504062,1617.4448809804874,153.0600000000004,269.57414683008125
14->6,14,6,406,397,24.0,0.20217501,4.85220024,19.14779976,1.0,True,0.024961096046931343,1287.3232785765406,1287.3232785765406,1544.7879342918486,32.13299999999958,257.46465571530814
14->7,14,7,406,398,8.0,0.2884085,2.307268,5.6927319999999995,1.0,True,0.13220404876849498,2127.7796575709954,2127.7796575709954,2553.3355890851944,281.30108561812744,425.5559315141991
14->8,14,8,406,399,27.0,0.26436565,7.13787255,19.86212745,1.0,True,0.01580299509395993,2033.3487297152535,2033.3487297152535,2440.018475658304,32.13299999999981,406.6697459430507
14->9,14,9,406,401,4.0,0.05675077,0.22700308,3.77299692,1.0,True,0.1232073128118597,1124.8861592556882,1001.9204439405601,1202.304532728672,123.44392554918193,200.38408878811202
15->1,15,1,407,392,1.0,0.4720976,0.4720976,0.5279024,1.0,True,0.1908430209582466,1954.7219921414278,1954.7219921414278,2345.6663905697133,373.04505011379206,390.9443984282856
15->10,15,10,407,402,5.0,0.25457497,1.27287485,3.72712515,0.0,False,1.0,950.714745347065,863.834921722973,1036.6019060675676,0.0,172.76698434459462
15->11,15,11,407,403,4.0,0.16354966,0.65419864,3.34580136,1.0,True,0.19739521930551054,1618.6229695124482,1432.926931665188,1719.5123179982256,282.8529259248221,286.5853863330376
15->12,15,12,407,404,4.0,0.24103524,0.96414096,3.03585904,1.0,True,0.16382051697940508,1496.1397969019592,1419.9312932042178,1703.9175518450613,232.6138785279502,283.9862586408436
15->13,15,13,407,405,26.0,0.31963565,8.3105269,17.6894731,1.0,True,0.0,1364.413343862888,1325.109503966308,1590.1314047595695,0.0,265.02190079326164
15->14,15,14,407,406,12.0,0.15090071,1.81080852,10.189191480000002,1.0,True,0.0,426.480008594453,424.678041502759,509.6136498033108,0.0,84.9356083005518
15->16,15,16,407,408,2.0,0.22844904,0.45689808,1.54310192,0.0,False,1.0,378.10488623129197,377.601151540438,453.12138184852563,0.0,75.5202303080876
15->17,15,17,407,409,1.0,0.1824084,0.1824084,0.8175916,1.0,True,0.0,501.199848697858,501.199848697858,601.4398184374296,0.0,100.2399697395716
15->18,15,18,407,410,3.0,0.22850635,0.68551905,2.31448095,1.0,True,1.4995183457980093e-16,379.07784869785803,379.07784869785803,454.8934184374296,5.684341886080802e-14,75.81556973957161
15->19,15,19,407,412,7.0,0.23215562,1.6250893400000002,5.37491066,1.0,True,0.0,627.026848697858,627.026848697858,752.4322184374296,0.0,125.4053697395716
15->20,15,20,407,413,4.0,0.16789235,0.6715694,3.3284306,1.0,True,0.0,963.410848697858,963.410848697858,1156.0930184374295,0.0,192.6821697395716
15->21,15,21,407,414,1.0,0.29659608,0.29659608,0.70340392,1.0,True,1.1689335708605902e-16,972.568848697858,972.568848697858,1167.0826184374296,1.1368683772161603e-13,194.51376973957161
15->22,15,22,407,415,1.0,0.53461297,0.53461297,0.46538703000000003,1.0,True,0.027490076009057535,1089.206935470678,1004.835344613042,1205.8024135356504,27.623000000000047,200.9670689226084
15->23,15,23,407,416,1.0,0.20164738,0.20164738,0.79835262,0.0,False,1.0,1878.457855880259,1808.260994517259,2169.9131934207107,0.0,361.6521989034518
15->24,15,24,407,417,2.0,0.17907537,0.35815074,1.6418492599999999,0.0,False,1.0,1627.289705832373,1532.9970295386422,1839.5964354463706,0.0,306.59940590772845
15->26,15,26,407,419,5.0,0.43570623,2.17853115,2.8214688499999996,1.0,True,0.0,1686.0380043444286,1632.6264815522898,1959.1517778627476,0.0,326.525296310458
15->27,15,27,407,420,1.0,0.36406713,0.36406713,0.63593287,0.0,False,1.0,2574.1466562997566,2574.1466562997566,3088.975987559708,0.0,514.8293312599513
15->28,15,28,407,421,3.0,0.21484089,0.64452267,2.35547733,1.0,True,0.09289168071871437,1518.4046528214149,1371.756457100428,1646.1077485205135,127.42476283680776,274.3512914200856
15->3,15,3,407,394,1.0,0.18334317,0.18334317,0.81665683,0.0,False,1.0,2122.9307208681576,2078.9904830098417,2494.78857961181,0.0,415.7980966019684
15->4,15,4,407,395,3.0,0.22562148,0.67686444,2.32313556,1.0,True,0.0,1203.0998486978579,1196.846848697858,1436.2162184374295,0.0,239.3693697395716
15->5,15,5,407,396,4.0,0.31361484,1.25445936,2.7455406399999998,1.0,True,0.03372395420646841,1153.327848697858,1035.287848697858,1242.3454184374295,34.91399999999976,207.0575697395716
15->6,15,6,407,397,11.0,0.203137,2.2345070000000002,8.765493,1.0,True,0.17641585184488826,918.0728659174711,887.1517201475049,1064.5820641770058,156.50762642548,177.430344029501
15->7,15,7,407,398,5.0,0.34949657,1.74748285,3.25251715,1.0,True,0.09034380053370233,1816.9367721184472,1805.9355999448217,2167.122719933786,163.15508561812703,361.18711998896435
15->8,15,8,407,399,5.0,0.3733445,1.8667225,3.1332775,1.0,True,0.15338111858107045,1663.5945823653299,1663.5945823653299,1996.3134988383958,255.16399790860305,332.718916473066
15->9,15,9,407,401,2.0,0.09299036,0.18598072,1.8140192800000001,0.0,False,1.0,695.055786692546,695.055786692546,834.0669440310552,0.0,139.0111573385092
16->10,16,10,408,402,3.0,0.22343776,0.67031328,2.3296867199999998,0.0,False,1.0,902.195986292009,900.558403038417,1080.6700836461005,0.0,180.1116806076834
16->11,16,11,408,403,2.0,0.27521135,0.5504227,1.4495773,0.0,False,1.0,1472.856403038417,1472.856403038417,1767.4276836461004,0.0,294.57128060768343
16->12,16,12,408,404,7.0,0.22864535,1.60051745,5.39948255,0.0,False,1.0,1823.7531714275244,1549.2869265845497,1859.1443119014596,0.0,309.85738531691
16->13,16,13,408,405,16.0,0.38151651,6.10426416,9.89573584,1.0,True,0.019519239174620125,1646.221951200904,1646.221951200904,1975.4663414410848,32.133000000000266,329.2443902401808
16->14,16,14,408,406,9.0,0.21528959,1.93760631,7.0623936899999995,1.0,True,0.043085827032203296,745.790488737355,745.790488737355,894.9485864848259,32.13300000000004,149.158097747471
16->15,16,15,408,407,1.0,0.17955444,0.17955444,0.82044556,0.0,False,1.0,378.104886231292,377.601151540438,453.12138184852563,0.0,75.5202303080876
16->17,16,17,408,409,2.0,0.21258711,0.42517422,1.57482578,1.0,True,0.16169779576075757,376.40970491328903,376.40970491328903,451.6916458959468,60.86461958743604,75.28194098265782
16->18,16,18,408,410,4.0,0.29312534,1.17250136,2.82749864,1.0,True,0.08224122617745157,750.1647049132889,740.0743205859859,888.089184703183,60.86461958743587,148.0148641171972
16->19,16,19,408,412,5.0,0.24598037,1.22990185,3.77009815,1.0,True,0.08224178180936273,749.299704913289,740.069320585986,888.0831847031832,60.86461958743598,148.01386411719722
16->2,16,2,408,393,1.0,0.17050078,0.17050078,0.82949922,1.0,True,0.14277873987170728,1356.231476260134,1301.787785453535,1562.1453425442419,185.86761958743614,260.357557090707
16->20,16,20,408,413,5.0,0.20625131,1.03125655,3.9687434500000003,1.0,True,0.05654181042825274,1085.683704913289,1076.453320585986,1291.743984703183,60.86461958743598,215.2906641171972
16->21,16,21,408,414,2.0,0.27676483,0.55352966,1.4464703399999999,1.0,True,0.08623061402095561,1333.565320585986,1333.565320585986,1600.278384703183,114.99415643118209,266.71306411719723
16->26,16,26,408,419,4.0,0.51816547,2.07266188,1.92733812,1.0,True,0.12034252182717647,2091.674963972444,1992.844953440418,2391.4139441285015,239.823987307582,398.56899068808366
16->27,16,27,408,420,1.0,0.39514115,0.39514115,0.6048588500000001,1.0,True,0.11168911222891918,2842.7751938397787,2808.4777125037117,3370.173255004454,313.6763824242453,561.6955425007424
16->28,16,28,408,421,2.0,0.22499902,0.44999804,1.55000196,1.0,True,0.19603863467614496,1744.8437890535051,1612.32628400963,1934.791540811556,316.0782433697102,322.465256801926
16->29,16,29,408,423,1.0,0.24814527,0.24814527,0.75185473,1.0,True,0.1824266186944034,1565.562603501908,1321.606541691887,1585.9278500302644,241.09621264525504,264.32130833837743
16->3,16,3,408,394,1.0,0.22040555,0.22040555,0.77959445,0.0,False,1.0,2007.6885123930765,1915.6412758109109,2298.769530973093,0.0,383.1282551621822
16->4,16,4,408,395,3.0,0.20154077,0.60462231,2.39537769,1.0,True,0.05679711542086977,1096.636873492772,1071.614625785588,1285.9375509427057,60.86461958743621,214.32292515711762
16->5,16,5,408,396,1.0,0.30326406,0.30326406,0.6967359399999999,1.0,True,1.255701041230047e-16,981.6670433067491,905.365481024463,1086.4385772293556,1.1368683772161603e-13,181.0730962048926
16->6,16,6,408,397,6.0,0.27313979,1.63883874,4.36116126,1.0,True,0.0,539.967979686179,539.967979686179,647.9615756234148,0.0,107.9935959372358
16->7,16,7,408,398,1.0,0.46890478,0.46890478,0.53109522,1.0,True,0.12108102675867119,1697.184648552524,1478.4365839928437,1774.1239007914123,179.01061958743594,295.68731679856876
16->8,16,8,408,399,9.0,0.3652759,3.2874830999999998,5.7125169,1.0,True,0.0,1285.993430824892,1285.993430824892,1543.1921169898703,0.0,257.19868616497837
16->9,16,9,408,401,4.0,0.20649357,0.82597428,3.17402572,0.0,False,1.0,440.767208463185,440.767208463185,528.9206501558219,0.0,88.153441692637
17->10,17,10,409,402,2.0,0.27021247,0.54042494,1.4595750600000001,0.0,False,1.0,1276.9681079517059,1276.9681079517059,1532.361729542047,0.0,255.39362159034118
17->11,17,11,409,403,2.0,0.25146188,0.50292376,1.49707624,0.0,False,1.0,2033.6784342986216,1849.2661079517059,2219.119329542047,0.0,369.8532215903412
17->12,17,12,409,404,3.0,0.20551148,0.61653444,2.3834655600000003,1.0,True,0.140859788852999,1769.4616897382473,1769.4616897382473,2123.3540276858967,249.24600000000032,353.8923379476495
17->13,17,13,409,405,16.0,0.35167624,5.62681984,10.37318016,1.0,True,0.11735032909898314,1616.9150545596929,1602.0054951650302,1922.4065941980361,187.99587207599575,320.40109903300606
17->14,17,14,409,406,10.0,0.12516822,1.2516821999999999,8.7483178,1.0,True,0.15429060947163656,928.947857292311,812.667734150406,975.2012809804871,125.38700000000006,162.5335468300812
17->15,17,15,409,407,1.0,0.24282646,0.24282646,0.75717354,1.0,True,0.0,501.199848697858,501.199848697858,601.4398184374296,0.0,100.2399697395716
17->16,17,16,409,408,4.0,0.29546529,1.18186116,2.81813884,1.0,True,0.16169779576075746,376.409704913289,376.409704913289,451.69164589594675,60.86461958743598,75.2819409826578
17->18,17,18,409,410,4.0,0.28546296,1.14185184,2.85814816,1.0,True,0.0,373.755,372.75199999999995,447.3023999999999,0.0,74.5504
17->19,17,19,409,412,10.0,0.289094,2.89094,7.10906,1.0,True,0.0,372.89,372.2,446.64,0.0,74.44
17->2,17,2,409,393,3.0,0.22981827,0.68945481,2.31054519,1.0,True,0.13476538281328232,979.8217713468451,927.560159667947,1113.0721916015364,125.00300000000016,185.5120319335894
17->20,17,20,409,413,5.0,0.22363429,1.1181714500000002,3.88182855,1.0,True,0.0,709.274,708.584,850.3007999999999,0.0,141.7168
17->21,17,21,409,414,1.0,0.30174669,0.30174669,0.69825331,1.0,True,0.10380618540056685,967.838,966.2429999999999,1159.4915999999998,100.30199999999991,193.2486
17->22,17,22,409,415,2.0,0.55577313,1.11154626,0.8884537400000001,1.0,True,0.09062948653427097,1109.31902852516,1033.289082983144,1239.9468995797727,93.64645903223004,206.6578165966288
17->26,17,26,409,419,5.0,0.44285296,2.2142648,2.7857352000000004,1.0,True,0.0,1680.7151556465708,1624.9756328544318,1949.970759425318,0.0,324.9951265708864
17->27,17,27,409,420,1.0,0.35337653,0.35337653,0.64662347,1.0,True,1.8697970182873544e-16,2463.4898331800596,2432.068007590424,2918.4816091085086,4.547473508864641e-13,486.41360151808476
17->28,17,28,409,421,1.0,0.2545689,0.2545689,0.7454311,1.0,True,0.08115596286711924,1332.5231483771267,1235.916579096341,1483.099894915609,100.30199999999968,247.1833158192682
17->29,17,29,409,423,1.0,0.25391142,0.25391142,0.74608858,0.0,False,1.0,945.196836778598,945.196836778598,1134.2362041343176,0.0,189.0393673557196
17->3,17,3,409,394,2.0,0.26064083,0.52128166,1.47871834,1.0,True,0.18088482429243807,1712.5145195504201,1579.5306343119837,1895.4367611743803,285.71312125204645,315.9061268623968
17->4,17,4,409,395,3.0,0.25072143,0.7521642900000001,2.24783571,1.0,True,0.0,699.4680000000001,697.3870000000002,836.8644000000002,0.0,139.47740000000005
17->5,17,5,409,396,5.0,0.29251691,1.46258455,3.53741545,1.0,True,0.0,610.208,535.828,642.9935999999999,0.0,107.1656
17->6,17,6,409,397,9.0,0.29265701,2.63391309,6.36608691,1.0,True,0.0,841.956044186241,834.793847882601,1001.7526174591211,0.0,166.9587695765202
17->7,17,7,409,398,4.0,0.43537834,1.74151336,2.25848664,1.0,True,0.0,1322.514943639235,1315.736923420589,1578.8843081047066,0.0,263.1473846841178
17->8,17,8,409,399,7.0,0.35733745,2.50136215,4.498637850000001,1.0,True,0.19643806033787092,1658.059467894256,1658.059467894256,1989.671361473107,325.70598579799,331.6118935788512
17->9,17,9,409,401,2.0,0.12025254,0.24050508,1.75949492,1.0,True,0.17460488923732798,948.290943982764,817.176913376474,980.6122960517687,142.6830844474008,163.43538267529482
18->1,18,1,410,392,1.0,0.49962908,0.49962908,0.5003709199999999,1.0,True,0.08183882382876163,1580.3841434435699,1578.7012089045447,1894.4414506854537,129.19905011379205,315.74024178090895
18->10,18,10,410,402,5.0,0.3265612,1.632806,3.367194,1.0,True,0.11479734366160758,1409.4881385579959,1242.912770420831,1491.4953245049971,142.68308444740092,248.58255408416622
18->11,18,11,410,403,8.0,0.25664282,2.05314256,5.9468574400000005,1.0,True,0.07874321635002185,1981.7861385579959,1812.004780363046,2174.405736435655,142.68308444740114,362.40095607260923
18->12,18,12,410,404,6.0,0.31350297,1.8810178199999998,4.11898218,1.0,True,1.3832857281298025e-16,1643.721689738247,1643.721689738247,1972.4660276858963,2.2737367544323206e-13,328.74433794764946
18->13,18,13,410,405,33.0,0.40881751,13.49097783,19.50902217,1.0,True,0.0,1476.26549516503,1476.26549516503,1771.518594198036,0.0,295.253099033006
18->14,18,14,410,406,18.0,0.22874188,4.11735384,13.882646159999998,1.0,True,0.0,686.927734150406,686.927734150406,824.3132809804871,0.0,137.3855468300812
18->15,18,15,410,407,2.0,0.21457089,0.42914178,1.57085822,1.0,True,1.4995183457980093e-16,379.07784869785803,379.07784869785803,454.8934184374296,5.684341886080802e-14,75.81556973957161
18->16,18,16,410,408,4.0,0.25039526,1.00158104,2.99841896,1.0,True,0.0822412261774517,750.164704913289,740.074320585986,888.0891847031832,60.86461958743598,148.01486411719722
18->17,18,17,410,409,4.0,0.28125068,1.12500272,2.87499728,1.0,True,0.0,373.755,372.752,447.3024,0.0,74.55040000000001
18->19,18,19,410,412,13.0,0.30635281,3.98258653,9.017413470000001,1.0,True,0.0,249.971,249.971,299.9652,0.0,49.994200000000006
18->2,18,2,410,393,3.0,0.2620383,0.7861149000000001,2.2138851,1.0,True,0.12242164326544289,1100.099771346845,1048.8831596679468,1258.659791601536,128.40599999999995,209.77663193358936
18->20,18,20,410,413,15.0,0.21941398,3.2912097,11.7087903,1.0,True,0.0,586.355,586.355,703.626,0.0,117.27100000000002
18->21,18,21,410,414,5.0,0.3357247,1.6786235,3.3213765,1.0,True,0.0,593.491,593.491,712.1891999999999,0.0,118.6982
18->22,18,22,410,415,5.0,0.56666198,2.8333099,2.1666901,1.0,True,0.13669134769923746,720.68502852516,685.094269743252,822.1131236919024,93.64645903223004,137.0188539486504
18->23,18,23,410,416,1.0,0.28167861,0.28167861,0.7183213900000001,0.0,False,1.0,1830.958598216832,1544.8432979987242,1853.811957598469,0.0,308.96865959974485
18->25,18,25,410,418,3.0,0.40782573,1.22347719,1.77652281,1.0,True,0.16301912182927572,1309.2774172072668,1258.738888771963,1510.4866665263555,205.19850825996377,251.74777775439262
18->26,18,26,410,419,14.0,0.47543057,6.65602798,7.34397202,1.0,True,0.0,1308.259868161192,1253.5486328544318,1504.258359425318,0.0,250.70972657088637
18->27,18,27,410,420,3.0,0.35579243,1.06737729,1.9326227100000002,0.0,False,1.0,2195.068807601898,2195.068807601898,2634.082569122277,0.0,439.0137615203796
18->28,18,28,410,421,4.0,0.21119511,0.84478044,3.15521956,1.0,True,0.1283645701219061,1139.1378041235569,992.6786084025699,1191.214330083084,127.42476283680787,198.535721680514
18->29,18,29,410,423,9.0,0.26463035,2.38167315,6.61832685,1.0,True,0.16951308403906185,1058.366559980398,1058.366559980398,1270.0398719764776,179.40697962609,211.67331199607963
18->3,18,3,410,394,2.0,0.29257674,0.58515348,1.41484652,1.0,True,0.10555667417622512,1763.9029760592707,1704.6526343119838,2045.5831611743804,179.9374627037139,340.9305268623968
18->4,18,4,410,395,4.0,0.23063753,0.92255012,3.07744988,1.0,True,0.0,823.8329999999999,822.509,987.0108,0.0,164.5018
18->5,18,5,410,396,7.0,0.29850774,2.0895541800000004,4.91044582,1.0,True,0.0,853.11,774.25,929.0999999999999,0.0,154.85000000000002
18->6,18,6,410,397,18.0,0.31435356,5.658364079999999,12.34163592,1.0,True,1.882940311060865e-16,1214.5520441862411,1207.545847882601,1449.0550174591212,2.2737367544323206e-13,241.5091695765202
18->7,18,7,410,398,6.0,0.42429358,2.54576148,3.4542385199999996,1.0,True,0.020906005640393473,1966.456112218718,1670.046425919881,2004.055711103857,34.91399999999999,334.0092851839762
18->8,18,8,410,399,15.0,0.44003374,6.6005061000000005,8.3994939,1.0,True,0.056757310485349995,2026.0677514108777,2026.0677514108777,2431.281301693053,114.99415643118209,405.21355028217556
18->9,18,9,410,401,3.0,0.18472438,0.55417314,2.44582686,1.0,True,0.1328368277083285,1074.1229439827641,1074.1229439827641,1288.9475327793168,142.68308444740103,214.82458879655283
19->1,19,1,412,392,2.0,0.50514771,1.01029542,0.98970458,0.0,False,1.0,1370.8698182549201,1328.730208904545,1594.4762506854538,0.0,265.746041780909
19->10,19,10,412,402,7.0,0.32711596,2.28981172,4.710188280000001,1.0,True,0.10128036582677273,1408.793138557996,1408.793138557996,1690.551766269595,142.68308444740114,281.7586277115992
19->11,19,11,412,403,4.0,0.23987008,0.95948032,3.04051968,1.0,True,0.07202247371176364,1981.091138557996,1981.091138557996,2377.309366269595,142.68308444740114,396.2182277115992
19->12,19,12,412,404,7.0,0.22403787,1.56826509,5.43173491,1.0,True,1.2006894079242628e-16,1893.692689738247,1893.692689738247,2272.4312276858964,2.2737367544323206e-13,378.73853794764943
19->13,19,13,412,405,11.0,0.43104071,4.74144781,6.25855219,1.0,True,0.0,1726.23649516503,1726.23649516503,2071.483794198036,0.0,345.247299033006
19->14,19,14,412,406,18.0,0.15658925,2.8186065000000005,15.1813935,1.0,True,0.0,936.8987341504059,936.8987341504059,1124.278480980487,0.0,187.3797468300812
19->15,19,15,412,407,3.0,0.25315614,0.7594684199999999,2.24053158,1.0,True,0.0,627.026848697858,627.026848697858,752.4322184374296,0.0,125.4053697395716
19->16,19,16,412,408,5.0,0.3027831,1.5139155000000002,3.4860844999999996,1.0,True,0.08224178180936273,749.299704913289,740.069320585986,888.0831847031832,60.86461958743598,148.01386411719722
19->17,19,17,412,409,7.0,0.23151404,1.62059828,5.379401720000001,1.0,True,0.0,372.89,372.2,446.64,0.0,74.44
19->18,19,18,412,410,11.0,0.32164428,3.53808708,7.46191292,1.0,True,0.0,249.971,249.971,299.9652,0.0,49.994200000000006
19->2,19,2,412,393,6.0,0.1834165,1.1004990000000001,4.899501,1.0,True,0.0,823.77232824743,798.9121596679471,958.6945916015364,0.0,159.78243193358944
19->20,19,20,412,413,15.0,0.2525755,3.7886325000000003,11.2113675,1.0,True,0.0,336.38400000000007,336.38400000000007,403.66080000000005,0.0,67.27680000000002
19->21,19,21,412,414,12.0,0.33478647,4.01743764,7.982562359999999,1.0,True,0.0,594.16,594.16,712.992,0.0,118.832
19->22,19,22,412,415,3.0,0.61499646,1.84498938,1.15501062,1.0,True,0.1298203868406952,721.3540285251601,721.3540285251601,865.624834230192,93.64645903223015,144.27080570503202
19->23,19,23,412,416,1.0,0.29608061,0.29608061,0.70391939,0.0,False,1.0,1614.4558087558732,1614.4558087558732,1937.346970507048,0.0,322.89116175117465
19->24,19,24,412,417,3.0,0.2943813,0.8831439000000001,2.1168561,1.0,True,0.1708095726232991,1249.5157134507601,1249.5157134507601,1499.418856140912,213.429245000621,249.90314269015204
19->25,19,25,412,418,3.0,0.40024954,1.2007486200000002,1.7992513799999998,1.0,True,0.14355519972443098,1309.5474172072668,1281.629008305802,1537.9548099669623,183.98450825996383,256.3258016611604
19->26,19,26,412,419,27.0,0.49978218,13.49411886,13.505881140000001,1.0,True,3.6299185501423634e-16,1340.7538610253143,1252.775632854432,1503.3307594253183,4.547473508864641e-13,250.5551265708864
19->27,19,27,412,420,3.0,0.41881605,1.25644815,1.74355185,1.0,True,0.15527041239591108,2082.3635768712093,2082.3635768712093,2498.836292245451,323.32945133901717,416.4727153742419
19->28,19,28,412,421,11.0,0.24283238,2.6711561799999997,8.328843820000001,1.0,True,0.0,886.212148377127,886.212148377127,1063.4545780525525,0.0,177.24242967542543
19->29,19,29,412,423,5.0,0.34906084,1.7453041999999999,3.2546958000000004,1.0,True,1.4063268447982654e-16,879.417779095428,808.3955599803982,970.0746719764777,1.1368683772161603e-13,161.67911199607966
19->3,19,3,412,394,7.0,0.23324007,1.63268049,5.36731951,1.0,True,0.11885439078451006,1513.931976059271,1513.931976059271,1816.718371271125,179.93746270371412,302.7863952118542
19->30,19,30,412,424,2.0,0.34426508,0.68853016,1.31146984,1.0,True,0.17643848129957704,1197.9071685794827,1055.2969999999998,1266.3563999999997,186.1949999999997,211.05939999999998
19->4,19,4,412,395,8.0,0.298115,2.38492,5.61508,1.0,True,0.0,593.5991685794829,593.5991685794829,712.3190022953795,0.0,118.71983371589658
19->5,19,5,412,396,7.0,0.36519017,2.55633119,4.44366881,1.0,True,0.0,852.245,773.385,928.0619999999999,0.0,154.67700000000002
19->6,19,6,412,397,13.0,0.27950387,3.63355031,9.36644969,1.0,True,1.8838014447389936e-16,1222.639212765724,1206.993847882601,1448.392617459121,2.2737367544323206e-13,241.39876957652018
19->7,19,7,412,398,4.0,0.47824359,1.91297436,2.0870256400000002,1.0,True,0.0,1695.574943639235,1669.181425919881,2003.017711103857,0.0,333.8362851839762
19->8,19,8,412,399,20.0,0.36845761,7.3691522,12.6308478,1.0,True,0.05675745055334751,2026.0627514108776,2026.0627514108776,2431.275301693053,114.99415643118209,405.2125502821755
19->9,19,9,412,401,4.0,0.19941279,0.79765116,3.20234884,1.0,True,0.13283744606140813,1074.1179439827642,1074.1179439827642,1288.941532779317,142.68308444740103,214.82358879655285
2->1,2,1,393,392,3.0,0.40589734,1.2176920199999999,1.7823079800000001,1.0,True,0.07756670504221116,543.7043578683839,529.8180492365981,635.7816590839177,41.09624035117491,105.96360984731962
2->10,2,10,393,402,2.0,0.22966759,0.45933518,1.54066482,1.0,True,0.15199073997217294,2189.548250549871,2189.548250549871,2627.4579006598456,332.79105880585166,437.9096501099743
2->11,2,11,393,403,1.0,0.19980637,0.19980637,0.80019363,1.0,True,0.1204958671177275,2761.846250549871,2761.846250549871,3314.215500659845,332.7910588058512,552.3692501099742
2->12,2,12,393,404,3.0,0.17857378,0.5357213399999999,2.4642786599999997,1.0,True,0.09210894797827256,2692.6048494061934,2692.6048494061934,3231.125819287432,248.01299999999947,538.5209698812387
2->13,2,13,393,405,5.0,0.34762609,1.7381304499999999,3.26186955,1.0,True,0.09821718793676486,2525.1486548329767,2525.1486548329767,3030.178385799572,248.01299999999947,505.02973096659537
2->14,2,14,393,406,3.0,0.13387533,0.40162599,2.59837401,1.0,True,0.14288019558077167,1735.8108938183532,1735.8108938183532,2082.9730725820236,248.01300000000037,347.1621787636707
2->16,2,16,393,408,1.0,0.25344064,0.25344064,0.74655936,1.0,True,0.19728262740838612,1343.5713443091117,1301.787785453535,1562.1453425442419,256.8201146424178,260.357557090707
2->17,2,17,393,409,2.0,0.16392046,0.32784092,1.6721590800000001,1.0,True,0.1347653828132822,979.821771346845,927.5601596679469,1113.0721916015361,125.00300000000004,185.51203193358938
2->18,2,18,393,410,2.0,0.22168525,0.4433705,1.5566295,1.0,True,0.12948105211068187,1108.637807975306,1048.883159667947,1258.6597916015364,135.81049505498208,209.7766319335894
2->19,2,19,393,412,8.0,0.22273089,1.78184712,6.21815288,1.0,True,0.0,803.272159667947,798.912159667947,958.6945916015363,0.0,159.7824319335894
2->20,2,20,393,413,9.0,0.20263447,1.82371023,7.17628977,1.0,True,0.0,635.264159667947,635.264159667947,762.3169916015363,0.0,127.0528319335894
2->21,2,21,393,414,1.0,0.23219631,0.23219631,0.76780369,1.0,True,0.0,898.215159667947,898.215159667947,1077.8581916015364,0.0,179.6430319335894
2->22,2,22,393,415,1.0,0.54487224,0.54487224,0.45512776,1.0,True,3.5244147712239274e-16,1290.2776216902062,1290.2776216902062,1548.3331460282473,4.547473508864641e-13,258.05552433804127
2->26,2,26,393,419,8.0,0.41847748,3.34781984,4.65218016,0.0,False,1.0,1556.2127925223788,1556.2127925223788,1867.4553510268545,0.0,311.24255850447577
2->27,2,27,393,420,1.0,0.37193587,0.37193587,0.62806413,0.0,False,1.0,2416.040427333387,2263.139103852999,2715.7669246235987,0.0,452.62782077059984
2->28,2,28,393,421,1.0,0.21729521,0.21729521,0.78270479,1.0,True,0.11312955803136722,1180.505707316856,1130.977454986735,1357.172945984082,127.94697962608984,226.195490997347
2->29,2,29,393,423,1.0,0.2092267,0.2092267,0.7907733,1.0,True,0.061243115325347805,846.795159667947,840.257712668992,1008.3092552027904,51.460000000000036,168.0515425337984
2->3,2,3,393,394,5.0,0.19079125,0.95395625,4.04604375,0.0,False,1.0,983.4675746052609,983.4675746052609,1180.161089526313,0.0,196.69351492105218
2->4,2,4,393,395,5.0,0.19084743,0.9542371500000001,4.04576285,1.0,True,0.0,277.639771346845,277.639771346845,333.167725616214,0.0,55.527954269369005
2->5,2,5,393,396,5.0,0.23562318,1.1781158999999999,3.8218841,1.0,True,0.0,614.438201777955,569.335590170867,683.2027082050404,0.0,113.86711803417342
2->6,2,6,393,397,11.0,0.2067514,2.2742654,8.7257346,1.0,True,0.0,975.880245964196,930.777634357108,1116.9331612285296,0.0,186.1555268714216
2->7,2,7,393,398,7.0,0.38940328,2.7258229600000004,4.27417704,1.0,True,0.19963084007151294,1517.68577925145,1355.3041695768218,1626.3650034921861,270.56050992504515,271.06083391536436
2->8,2,8,393,399,8.0,0.3919521,3.1356168,4.8643832,1.0,True,0.0362972443284469,1765.848941127438,1759.4450854958209,2111.334102594985,63.863008150726955,351.8890170991642
2->9,2,9,393,401,5.0,0.13099913,0.6549956499999999,4.34500435,1.0,True,0.08248735506212793,1877.3901036507107,1729.7570559746391,2075.708467169567,142.68308444740114,345.95141119492786
20->1,20,1,413,392,1.0,0.44949442,0.44949442,0.55050558,1.0,True,0.038708280829877144,1206.8965175363312,1061.6911800292298,1274.0294160350757,41.096240351175084,212.33823600584597
20->10,20,10,413,402,6.0,0.20954348,1.25726088,4.7427391199999995,1.0,True,0.08047074104327512,1773.1051385579956,1773.1051385579956,2127.7261662695946,142.68308444740092,354.62102771159914
20->11,20,11,413,403,8.0,0.20978762,1.67830096,6.32169904,1.0,True,0.060835206579933965,2345.4031385579956,2345.4031385579956,2814.4837662695945,142.68308444740114,469.08062771159916
20->12,20,12,413,404,8.0,0.25577143,2.04617144,5.95382856,1.0,True,0.0,2258.0046897382467,2258.0046897382467,2709.605627685896,0.0,451.60093794764936
20->13,20,13,413,405,5.0,0.36685224,1.8342612,3.1657387999999997,1.0,True,2.175253776404579e-16,2090.54849516503,2090.54849516503,2508.658194198036,4.547473508864641e-13,418.10969903300605
20->14,20,14,413,406,16.0,0.14962216,2.39395456,13.606045439999999,1.0,True,1.7474008588754086e-16,1301.210734150406,1301.210734150406,1561.4528809804872,2.2737367544323206e-13,260.24214683008125
20->15,20,15,413,407,2.0,0.15634123,0.31268246,1.68731754,1.0,True,0.0,993.360848697858,991.338848697858,1189.6066184374295,0.0,198.2677697395716
20->16,20,16,413,408,5.0,0.28790983,1.43954915,3.5604508499999996,1.0,True,0.05511196038261598,1113.781704913289,1104.381320585986,1325.2575847031833,60.86461958743598,220.87626411719722
20->17,20,17,413,409,8.0,0.19304234,1.54433872,6.45566128,1.0,True,0.0,737.202,736.5120000000001,883.8144000000001,0.0,147.3024
20->18,20,18,413,410,15.0,0.30327466,4.5491199,10.4508801,1.0,True,0.0,614.283,614.283,737.1396,0.0,122.85660000000001
20->19,20,19,413,412,16.0,0.25929961,4.14879376,11.85120624,1.0,True,0.0,364.312,364.312,437.1744,0.0,72.86240000000001
20->2,20,2,413,393,9.0,0.15132413,1.36191717,7.63808283,1.0,True,1.7142367572399794e-16,663.1921596679471,663.1921596679471,795.8305916015364,1.1368683772161603e-13,132.63843193358943
20->21,20,21,413,414,7.0,0.25491249,1.78438743,5.21561257,1.0,True,0.0,459.255,459.255,551.106,0.0,91.851
20->22,20,22,413,415,6.0,0.49359203,2.96155218,3.0384478199999996,1.0,True,0.0,851.3174620222591,851.3174620222591,1021.5809544267108,0.0,170.26349240445182
20->23,20,23,413,416,7.0,0.23267414,1.62871898,5.3712810200000005,0.0,False,1.0,1979.695495740134,1719.1260796220042,2062.951295546405,0.0,343.8252159244009
20->24,20,24,413,417,1.0,0.26148169,0.26148169,0.73851831,0.0,False,1.0,1270.1813149146572,1114.188945396201,1337.0267344754411,0.0,222.83778907924022
20->25,20,25,413,418,9.0,0.32981561,2.9683404899999997,6.03165951,1.0,True,0.19431831751366666,1030.047,1030.047,1236.0564,200.1569999999998,206.00940000000003
20->26,20,26,413,419,41.0,0.44274504,18.15254664,22.847453360000003,1.0,True,1.2271304046669255e-16,1004.3698610253141,926.444632854432,1111.7335594253184,1.1368683772161603e-13,185.28892657088642
20->27,20,27,413,420,10.0,0.31830592,3.1830592,6.816940799999999,1.0,True,0.1851851279488747,1745.979576871209,1745.979576871209,2095.1754922454506,323.32945133901694,349.19591537424185
20->28,20,28,413,421,14.0,0.20918816,2.92863424,11.071365759999999,1.0,True,0.0,549.828148377127,549.828148377127,659.7937780525524,0.0,109.96562967542542
20->29,20,29,413,423,13.0,0.27642127,3.59347651,9.406523490000001,1.0,True,2.4085604540350093e-16,543.033779095428,472.011559980398,566.4138719764776,1.1368683772161603e-13,94.4023119960796
20->3,20,3,413,394,15.0,0.2039713,3.0595695,11.9404305,1.0,True,0.1612719710139809,1862.08414119155,1638.8635659221359,1966.636279106563,264.3027574992641,327.7727131844272
20->30,20,30,413,424,3.0,0.35206708,1.05620124,1.94379876,0.0,False,1.0,737.819559980398,737.819559980398,885.3834719764776,0.0,147.5639119960796
20->4,20,4,413,395,10.0,0.20129295,2.0129295,7.9870705,1.0,True,0.0,957.911168579483,936.7839999999999,1124.1408,0.0,187.3568
20->5,20,5,413,396,10.0,0.24939421,2.4939421,7.5060579,1.0,True,0.03096445304913016,1127.551,1127.551,1353.0611999999999,34.91399999999976,225.5102
20->6,20,6,413,397,16.0,0.25500425,4.080068,11.919932,1.0,True,1.4553529415132619e-16,1562.326697239579,1562.326697239579,1874.7920366874948,2.2737367544323206e-13,312.4653394479158
20->7,20,7,413,398,11.0,0.44562813,4.90190943,6.09809057,1.0,True,0.06124749707363943,2059.026943639235,2018.3845202909627,2422.061424349155,123.62099999999987,403.6769040581926
20->8,20,8,413,399,24.0,0.35831402,8.599536480000001,15.400463519999999,1.0,True,0.0,2388.152357061079,2388.152357061079,2865.7828284732946,0.0,477.6304714122158
20->9,20,9,413,401,3.0,0.10441229,0.31323687,2.68676313,1.0,True,0.09919362777747545,1438.429943982764,1438.429943982764,1726.1159327793166,142.68308444740114,287.6859887965528
21->10,21,10,414,402,4.0,0.33968245,1.3587298,2.6412702,1.0,True,0.09549993535921306,1581.8536942560156,1581.8536942560156,1898.2244331072186,151.06692554918186,316.37073885120316
21->11,21,11,414,403,1.0,0.30289722,0.30289722,0.69710278,1.0,True,0.11298034685226195,2575.869138557995,2150.684532462432,2580.821438954918,242.98508444740037,430.1369064924864
21->12,21,12,414,404,3.0,0.32123567,0.9637070099999999,2.03629299,1.0,True,0.01475587078894868,1872.0006697733204,1872.0006697733204,2246.4008037279846,27.623000000000502,374.4001339546641
21->13,21,13,414,405,3.0,0.43112262,1.29336786,1.70663214,1.0,True,0.01620550264419312,1704.5444752001033,1704.5444752001033,2045.4533702401238,27.623000000000047,340.9088950400207
21->14,21,14,414,406,8.0,0.1961154,1.5689232,6.4310768,1.0,True,0.02736665303990825,1054.789388898484,1009.3671286626819,1211.2405543952182,27.623000000000047,201.8734257325364
21->15,21,15,414,407,2.0,0.25226477,0.50452954,1.49547046,1.0,True,0.0,972.5688486978579,972.5688486978579,1167.0826184374293,0.0,194.5137697395716
21->16,21,16,414,408,1.0,0.28799546,0.28799546,0.71200454,1.0,True,0.04564052367580411,1351.227704913289,1333.5653205859858,1600.2783847031828,60.86461958743598,266.7130641171972
21->17,21,17,414,409,2.0,0.24427759,0.48855518,1.51144482,1.0,True,0.0,972.2249999999999,966.2429999999999,1159.4915999999998,0.0,193.2486
21->18,21,18,414,410,3.0,0.33891062,1.01673186,1.9832681399999998,1.0,True,0.0,593.491,593.491,712.1891999999999,0.0,118.6982
21->19,21,19,414,412,7.0,0.30231481,2.11620367,4.883796330000001,1.0,True,0.0,599.3349999999999,594.1600000000001,712.9920000000001,0.0,118.83200000000002
21->2,21,2,414,393,1.0,0.2117461,0.2117461,0.7882539,1.0,True,0.0,898.2151596679469,898.2151596679469,1077.8581916015362,0.0,179.64303193358938
21->20,21,20,414,413,7.0,0.29349394,2.0544575800000002,4.94554242,1.0,True,0.0,431.327,431.327,517.5924,0.0,86.2654
21->22,21,22,414,415,4.0,0.56376405,2.2550562,1.7449438000000002,1.0,True,0.0,392.06246202225896,392.06246202225896,470.4749544267107,0.0,78.4124924044518
21->23,21,23,414,416,1.0,0.32136192,0.32136192,0.67863808,0.0,False,1.0,1611.0469571637468,1353.76644448499,1624.5197333819879,0.0,270.753288896998
21->25,21,25,414,418,2.0,0.41044958,0.82089916,1.17910084,1.0,True,0.06563962107514675,727.047679829409,695.8699913378471,835.0439896054164,45.67664254898193,139.17399826756943
21->26,21,26,414,419,15.0,0.4750375,7.1255625,7.8744375,1.0,True,0.0,713.469155646571,712.2107891061961,854.6529469274353,0.0,142.44215782123922
21->27,21,27,414,420,5.0,0.41239626,2.0619813000000002,2.9380187,1.0,True,2.6096626741111304e-16,1826.099127801316,1742.552228675893,2091.0626744110714,4.547473508864641e-13,348.5104457351786
21->28,21,28,414,421,8.0,0.21109019,1.68872152,6.31127848,1.0,True,0.0,981.155148377127,830.0978818132011,996.1174581758412,0.0,166.01957636264024
21->29,21,29,414,423,2.0,0.31209751,0.62419502,1.3758049799999998,1.0,True,0.15241267513184936,983.720445217485,903.338559980398,1084.0062719764776,137.68024647636503,180.66771199607962
21->3,21,3,414,394,1.0,0.3136924,0.3136924,0.6863076,1.0,True,0.140460850644596,2097.10714119155,1881.6827342732076,2258.019281127849,264.3027574992641,376.33654685464154
21->30,21,30,414,424,1.0,0.32866251,0.32866251,0.67133749,1.0,True,0.1612636410878224,1272.3499999999997,1154.5999999999997,1385.5199999999995,186.1949999999997,230.91999999999996
21->4,21,4,414,395,4.0,0.30554168,1.22216672,2.7778332800000003,1.0,True,0.0,1175.8549310147919,1171.8069999999998,1406.1683999999998,0.0,234.36139999999997
21->5,21,5,414,396,1.0,0.38759491,0.38759491,0.61240509,1.0,True,0.0,1462.5601685794827,1362.5739999999996,1635.0887999999995,0.0,272.5147999999999
21->6,21,6,414,397,2.0,0.3210741,0.6421482,1.3578518000000002,1.0,True,0.0,1797.3496972395787,1797.3496972395787,2156.8196366874945,0.0,359.46993944791575
21->7,21,7,414,398,1.0,0.47021474,0.47021474,0.5297852599999999,1.0,True,0.055782187140198114,2292.5279436392357,2253.407520290963,2704.0890243491554,125.70000000000027,450.6815040581926
21->8,21,8,414,399,6.0,0.43569548,2.61417288,3.38582712,1.0,True,0.04389829255375397,2619.5587514108774,2619.5587514108774,3143.470501693053,114.99415643118118,523.9117502821755
22->1,22,1,415,392,1.0,0.81479195,0.81479195,0.18520804999999996,0.0,False,1.0,2091.540142542016,1820.8670411831458,2185.040449419775,0.0,364.1734082366292
22->10,22,10,415,402,4.0,0.58622282,2.34489128,1.6551087199999999,1.0,True,0.12696927112629933,1189.7912322337568,1189.7912322337568,1427.749478680508,151.06692554918163,237.95824644675136
22->11,22,11,415,403,4.0,0.54543447,2.18173788,1.81826212,1.0,True,0.18526149808120107,1758.622070440173,1758.622070440173,2110.3464845282074,325.80495932840995,351.7244140880346
22->12,22,12,415,404,3.0,0.53086131,1.59258393,1.40741607,1.0,True,0.018664968479985677,1479.938207751061,1479.938207751061,1775.9258493012733,27.623000000000047,295.98764155021223
22->13,22,13,415,405,7.0,0.70172818,4.91209726,2.0879027399999996,1.0,True,0.0210463836629027,1312.482013177844,1312.482013177844,1574.9784158134128,27.62299999999982,262.4964026355688
22->14,22,14,415,406,18.0,0.44103733,7.93867194,10.06132806,1.0,True,0.04168081736198864,662.726926876225,662.726926876225,795.27231225147,27.622999999999934,132.545385375245
22->15,22,15,415,407,1.0,0.52820825,0.52820825,0.47179174999999995,1.0,True,0.027122908575321725,1114.5156546952098,1018.4379718454352,1222.1255662145222,27.62299999999982,203.68759436908704
22->16,22,16,415,408,1.0,0.54544003,0.54544003,0.45455997000000004,1.0,True,0.1537303484179698,1479.6113491111455,1357.185602000645,1628.6227224007741,208.64061546341122,271.437120400129
22->17,22,17,415,409,1.0,0.51829813,0.51829813,0.48170187,1.0,True,0.08922159411106714,1094.41402852516,1049.59410292148,1259.512923505776,93.64645903222993,209.91882058429601
22->18,22,18,415,410,2.0,0.55860572,1.11721144,0.88278856,1.0,True,0.1368655952428692,720.6850285251599,684.222056434661,821.0664677215932,93.64645903222993,136.8444112869322
22->19,22,19,415,412,5.0,0.53772469,2.68862345,2.31137655,1.0,True,0.12982038684069505,721.35402852516,721.35402852516,865.6248342301919,93.64645903223004,144.270805705032
22->20,22,20,415,413,5.0,0.54130409,2.70652045,2.29347955,1.0,True,0.0,824.160832278601,824.160832278601,988.9929987343212,0.0,164.8321664557202
22->21,22,21,415,414,3.0,0.55203397,1.6561019099999998,1.3438980900000002,1.0,True,0.0,392.833832278601,392.833832278601,471.4005987343212,0.0,78.5667664557202
22->23,22,23,415,416,2.0,0.56869168,1.13738336,0.8626166399999999,0.0,False,1.0,1001.812705680529,1001.812705680529,1202.1752468166349,0.0,200.36254113610582
22->24,22,24,415,417,1.0,0.55728997,0.55728997,0.44271003,1.0,True,0.15572660223799994,649.86855868917,601.18298279492,721.4195793539039,93.62018323395887,120.236596558984
22->25,22,25,415,418,3.0,0.6597406,1.9792218,1.0207782,1.0,True,0.06646682240595764,804.8978131261581,804.8978131261581,965.8773757513896,53.499000000000024,160.97956262523164
22->26,22,26,415,419,16.0,0.75197202,12.03155232,3.9684476800000006,1.0,True,0.0,1107.602700439793,1049.655773165334,1259.586927798401,0.0,209.93115463306682
22->27,22,27,415,420,7.0,0.65057692,4.55403844,2.4459615599999998,1.0,True,0.19986735087372223,2187.7133683614284,1854.262140081197,2225.1145680974364,370.6064617634677,370.8524280162394
22->28,22,28,415,421,9.0,0.51676632,4.65089688,4.34910312,1.0,True,0.110687097511994,1229.778039023889,1214.17733305606,1457.012799667272,134.39376486082892,242.835466611212
22->29,22,29,415,423,2.0,0.56109809,1.12219618,0.87780382,1.0,True,0.19609727134419186,1368.151770535217,1292.1799507559451,1550.615940907134,253.39296242891305,258.43599015118906
22->3,22,3,415,394,2.0,0.53095973,1.06191946,0.9380805400000001,1.0,True,0.12239325132213065,2235.2860045844304,2235.2860045844304,2682.3432055013163,273.5839217359435,447.05720091688613
22->4,22,4,415,395,2.0,0.57358258,1.14716516,0.8528348400000001,1.0,True,0.0,1568.6887632933929,1314.9531971046429,1577.9438365255714,0.0,262.9906394209286
22->5,22,5,415,396,1.0,0.58861768,0.58861768,0.41138231999999997,1.0,True,0.0881473583707219,1517.9081971046428,1458.472056434661,1750.166467721593,128.5604590322298,291.6944112869322
22->6,22,6,415,397,2.0,0.54316497,1.08632994,0.9136700600000001,1.0,True,0.12957859555666912,2121.730365672902,1863.7655623352532,2236.518674802304,241.50412401428775,372.75311246705064
22->7,22,7,415,398,1.0,0.76001343,0.76001343,0.23998657,0.0,False,1.0,2520.1705095505786,2354.2684823545424,2825.1221788254506,0.0,470.8536964709085
22->8,22,8,415,399,4.0,0.72374424,2.89497696,1.1050230399999998,1.0,True,0.19922201731046582,2643.1790328255365,2643.1790328255365,3171.8148393906436,526.5794590322294,528.6358065651074
23->10,23,10,416,402,2.0,0.26446091,0.52892182,1.4710781800000001,1.0,True,0.16448631632039687,1939.550708911641,1886.2684818670787,2263.522178240494,310.2653541735831,377.2536963734158
23->11,23,11,416,403,2.0,0.26644995,0.5328999,1.4671001000000001,1.0,True,0.18610690001660346,1734.5915952079308,1463.1499690398489,1755.7799628478185,272.3023049973956,292.6299938079698
23->12,23,12,416,404,9.0,0.27289442,2.4560497800000003,6.543950219999999,1.0,True,0.1512805427336825,1222.7856599053832,1175.273414460154,1410.3280973521848,177.79600000000028,235.05468289203083
23->13,23,13,416,405,11.0,0.36738325,4.04121575,6.958784249999999,1.0,True,0.19171562406787507,780.495437005102,780.495437005102,936.5945244061223,149.633169787562,156.0990874010204
23->14,23,14,416,406,5.0,0.11172198,0.5586099,4.4413901,1.0,True,0.144644240203571,1655.0245791825816,1383.5829530145,1660.2995436173999,200.1273049973954,276.7165906029
23->19,23,19,416,412,1.0,0.32030003,0.32030003,0.6796999699999999,0.0,False,1.0,1849.439137316569,1610.4681687602583,1932.56180251231,0.0,322.0936337520517
23->20,23,20,416,413,6.0,0.23006265,1.3803759,4.619624099999999,0.0,False,1.0,2043.1453274200887,1714.942328368159,2057.9307940417907,0.0,342.9884656736318
23->21,23,21,416,414,2.0,0.29755947,0.59511894,1.4048810600000001,0.0,False,1.0,1390.658897963515,1337.039553392104,1604.4474640705246,0.0,267.4079106784208
23->22,23,22,416,415,3.0,0.52169088,1.56507264,1.43492736,0.0,False,1.0,997.8250656849141,997.8250656849141,1197.3900788218969,0.0,199.56501313698283
23->24,23,24,416,417,4.0,0.28454841,1.13819364,2.86180636,0.0,False,1.0,1090.838925353126,1089.4216083023218,1307.3059299627862,0.0,217.88432166046437
23->25,23,25,416,418,1.0,0.37692748,0.37692748,0.62307252,0.0,False,1.0,1212.4606635374753,1212.4606635374753,1454.9527962449704,0.0,242.49213270749507
23->26,23,26,416,419,5.0,0.43643253,2.18216265,2.8178373499999996,0.0,False,1.0,1749.7529688963098,1618.260948630025,1941.91313835603,0.0,323.652189726005
23->6,23,6,416,397,1.0,0.23352911,0.23352911,0.76647089,1.0,True,0.15081871709572045,2670.9062315910423,2670.9062315910423,3205.0874779092505,402.82265133152623,534.1812463182085
23->8,23,8,416,399,1.0,0.41514063,0.41514063,0.58485937,1.0,True,0.1178901683541167,3416.931682729756,3416.931682729756,4100.318019275707,402.82265133152623,683.3863365459513
24->10,24,10,417,402,1.0,0.21105163,0.21105163,0.78894837,0.0,False,1.0,1714.7205082718765,1714.7205082718765,2057.6646099262516,0.0,342.94410165437534
24->12,24,12,417,404,1.0,0.2140275,0.2140275,0.7859725,0.0,False,1.0,2301.566070716224,1949.8742416647144,2339.8490899976573,0.0,389.9748483329429
24->13,24,13,417,405,3.0,0.36990885,1.10972655,1.8902734499999998,1.0,True,0.18323092894198514,1980.756430272699,1703.7106361222104,2044.4527633466523,312.172482505013,340.74212722444213
24->14,24,14,417,406,3.0,0.14854378,0.44563133999999993,2.5543686599999997,0.0,False,1.0,1268.7848679091799,1187.656202914345,1425.187443497214,0.0,237.531240582869
24->15,24,15,417,407,2.0,0.18359809,0.36719618,1.63280382,0.0,False,1.0,1835.0806733062163,1546.599656771035,1855.9195881252417,0.0,309.31993135420703
24->19,24,19,417,412,3.0,0.23385149,0.70155447,2.2984455300000004,0.0,False,1.0,1243.4093297865788,1243.4093297865788,1492.0911957438946,0.0,248.68186595731578
24->20,24,20,417,413,1.0,0.18417067,0.18417067,0.81582933,0.0,False,1.0,1183.957138602928,1114.188945396201,1337.0267344754411,0.0,222.83778907924022
24->21,24,21,417,414,1.0,0.3128544,0.3128544,0.6871456,0.0,False,1.0,839.778091643538,736.2861704201459,883.5434045041751,0.0,147.2572340840292
24->22,24,22,417,415,1.0,0.5763132,0.5763132,0.42368680000000003,1.0,True,0.15572660223799994,649.86855868917,601.18298279492,721.4195793539039,93.62018323395887,120.236596558984
24->23,24,23,417,416,2.0,0.22529588,0.45059176,1.54940824,0.0,False,1.0,1095.022676606971,1093.6053595561668,1312.3264314674002,0.0,218.72107191123337
24->25,24,25,417,418,1.0,0.32151951,0.32151951,0.67848049,0.0,False,1.0,584.1520518473441,584.1520518473441,700.9824622168129,0.0,116.83041036946882
24->26,24,26,417,419,5.0,0.4577427,2.2887135,2.7112865,1.0,True,0.19475263463582967,1059.19926974585,989.952336939894,1187.9428043278729,192.79582578294094,197.9904673879788
24->27,24,27,417,420,1.0,0.33009544,0.33009544,0.66990456,0.0,False,1.0,1551.653278059701,1551.653278059701,1861.9839336716411,0.0,310.33065561194024
24->28,24,28,417,421,1.0,0.24027523,0.24027523,0.75972477,0.0,False,1.0,1482.03577513722,1289.6760624836581,1547.6112749803897,0.0,257.93521249673165
24->29,24,29,417,423,1.0,0.26704247,0.26704247,0.73295753,0.0,False,1.0,1495.428505376599,1367.6786801835433,1641.214416220252,0.0,273.53573603670867
24->8,24,8,417,399,1.0,0.341429,0.341429,0.658571,0.0,False,1.0,3171.340717751138,3171.340717751138,3805.6088613013653,0.0,634.2681435502277
25->10,25,10,418,402,1.0,0.36763583,0.36763583,0.63236417,1.0,True,0.10255529603726816,1994.6890453599146,1994.6890453599146,2393.6268544318973,204.56592554918188,398.93780907198294
25->13,25,13,418,405,1.0,0.47313909,0.47313909,0.52686091,1.0,True,0.1691983068644745,2144.775826304002,1988.6251005425775,2386.3501206510928,336.4719999999995,397.72502010851554
25->14,25,14,418,406,1.0,0.2262028,0.2262028,0.7737972,0.0,False,1.0,1422.2024797665813,1422.2024797665813,1706.6429757198975,0.0,284.44049595331626
25->19,25,19,418,412,1.0,0.39314323,0.39314323,0.60685677,1.0,True,0.04878680283354064,1310.301,1274.8939546667548,1529.8727456001056,62.197999999999865,254.97879093335098
25->2,25,2,418,393,1.0,0.27864447,0.27864447,0.7213555300000001,1.0,True,0.18089964411069298,1652.0974925199882,1578.9491143347016,1894.7389372016419,285.6313328520414,315.7898228669403
25->20,25,20,418,413,2.0,0.28853383,0.57706766,1.42293234,1.0,True,0.19431831751366666,1030.047,1030.047,1236.0564,200.1569999999998,206.00940000000003
25->21,25,21,418,414,1.0,0.39979435,0.39979435,0.6002056499999999,1.0,True,0.06709911006472769,727.047679829409,680.7339546667549,816.8807456001059,45.67664254898193,136.14679093335099
25->22,25,22,418,415,1.0,0.59221502,0.59221502,0.40778497999999996,1.0,True,0.0664668224059575,804.897813126158,804.897813126158,965.8773757513895,53.49899999999991,160.9795626252316
25->23,25,23,418,416,1.0,0.35424661,0.35424661,0.64575339,0.0,False,1.0,1212.460663537475,1212.460663537475,1454.95279624497,0.0,242.49213270749502
25->24,25,24,418,417,2.0,0.3731496,0.7462992,1.2537007999999998,0.0,False,1.0,584.152051847344,584.152051847344,700.9824622168127,0.0,116.8304103694688
25->26,25,26,418,419,13.0,0.52137306,6.77784978,6.22215022,1.0,True,0.09620621031163551,474.77852418283805,474.77852418283805,569.7342290194057,45.676642548982045,94.95570483656762
25->27,25,27,418,420,3.0,0.41222813,1.2366843900000002,1.7633156099999998,0.0,False,1.0,1186.433386738773,1186.433386738773,1423.7200640865274,0.0,237.2866773477546
25->28,25,28,418,421,3.0,0.27480977,0.82442931,2.17557069,1.0,True,0.04489699049426291,1017.3653522460211,1017.3653522460211,1220.8384226952253,45.676642548982045,203.47307044920422
25->3,25,3,418,394,5.0,0.31742544,1.5871272,3.4128727999999997,0.0,False,1.0,3024.6126983434865,2562.4166889399626,3074.900026727955,0.0,512.4833377879926
25->4,25,4,418,395,1.0,0.36097583,0.36097583,0.63902417,1.0,True,0.1943276365306698,1915.2452326109862,1852.5409546667547,2223.0491456001055,359.99990529666115,370.508190933351
25->8,25,8,418,399,1.0,0.44656368,0.44656368,0.55343632,0.0,False,1.0,3449.49988390212,3253.7134110603693,3904.456093272443,0.0,650.7426822120739
26->1,26,1,419,392,2.0,0.70257301,1.40514602,0.5948539799999999,0.0,False,1.0,2003.444029466978,1730.0705855462559,2076.084702655507,0.0,346.0141171092512
26->10,26,10,419,402,6.0,0.44148775,2.6489265,3.3510734999999996,1.0,True,0.14979267490880105,2239.447005399091,2239.447005399091,2687.336406478909,335.452757255234,447.8894010798182
26->11,26,11,419,403,3.0,0.46379314,1.39137942,1.6086205800000002,1.0,True,0.19727634584147222,2814.1455931010755,2767.0920473997908,3320.5104568797487,545.8818077180285,553.4184094799582
26->12,26,12,419,404,8.0,0.42728888,3.41831104,4.58168896,1.0,True,0.08381140740588254,2529.5939809163947,2529.5939809163947,3035.5127770996737,212.0088317060522,505.91879618327897
26->13,26,13,419,405,3.0,0.59512584,1.78537752,1.21462248,1.0,True,0.07831560433615854,2367.848535838746,2361.2771676491775,2833.532601179013,184.9248483896181,472.2554335298355
26->14,26,14,419,406,9.0,0.41317246,3.7185521400000003,5.28144786,1.0,True,0.08656342431523048,1718.673246280276,1666.9604398057572,2000.3525277669087,144.297803867609,333.39208796115145
26->15,26,15,419,407,1.0,0.45283274,0.45283274,0.5471672599999999,1.0,True,0.0,1687.3377168590503,1632.6264815522902,1959.151777862748,0.0,326.5252963104581
26->16,26,16,419,408,1.0,0.44140248,0.44140248,0.55859752,1.0,True,0.03054157298206299,2063.9345730744812,1992.8449534404176,2391.413944128501,60.86461958743644,398.56899068808355
26->17,26,17,419,409,3.0,0.47439576,1.42318728,1.5768127200000002,1.0,True,0.07478019826460096,1683.005868161192,1624.975632854432,1949.9707594253182,121.51599999999985,324.99512657088644
26->18,26,18,419,410,7.0,0.5201923,3.6413461000000003,3.3586538999999997,1.0,True,1.8138400815410228e-16,1308.2598681611921,1253.548632854432,1504.2583594253185,2.2737367544323206e-13,250.70972657088643
26->19,26,19,419,412,15.0,0.46808731,7.02130965,7.978690349999999,1.0,True,0.0,1368.6386133813187,1252.775632854432,1503.3307594253183,0.0,250.5551265708864
26->2,26,2,419,393,8.0,0.40148226,3.21185808,4.78814192,1.0,True,0.0,1612.9840278291388,1556.2127925223788,1867.4553510268545,0.0,311.24255850447577
26->20,26,20,419,413,30.0,0.50231175,15.069352499999999,14.930647500000001,1.0,True,0.0,1004.3266133813189,926.4446328544319,1111.7335594253182,0.0,185.2889265708864
26->21,26,21,419,414,15.0,0.49852777,7.47791655,7.522083450000001,1.0,True,0.0,713.469155646571,712.2107891061961,854.6529469274353,0.0,142.44215782123922
26->22,26,22,419,415,10.0,0.75344398,7.5344398,2.4655601999999996,1.0,True,0.14986041368139175,1055.366522660902,1049.655773165334,1259.586927798401,157.30184838961804,209.93115463306682
26->23,26,23,419,416,3.0,0.47880776,1.43642328,1.56357672,0.0,False,1.0,1751.171891083135,1618.2609486300248,1941.9131383560298,0.0,323.65218972600496
26->24,26,24,419,417,5.0,0.48289964,2.4144982,2.5855017999999994,1.0,True,0.19475263463582967,1059.19926974585,989.952336939894,1187.9428043278729,192.79582578294094,197.9904673879788
26->25,26,25,419,418,9.0,0.52552238,4.72970142,4.27029858,1.0,True,0.09620621031163551,474.77852418283805,474.77852418283805,569.7342290194057,45.676642548982045,94.95570483656762
26->27,26,27,419,420,34.0,0.6222542,21.1566428,12.8433572,1.0,True,0.0,1112.629972154745,1030.341439569697,1236.4097274836365,0.0,206.06828791393943
26->28,26,28,419,421,20.0,0.42602349,8.5204698,11.479530200000001,1.0,True,0.0,542.586828063183,542.586828063183,651.1041936758196,0.0,108.51736561263661
26->29,26,29,419,423,3.0,0.51711312,1.55133936,1.44866064,1.0,True,0.0,784.56830020287,784.56830020287,941.481960243444,0.0,156.913660040574
26->3,26,3,419,394,6.0,0.49719307,2.98315842,3.01684158,0.0,False,1.0,2788.63056011478,2466.314489961695,2959.577387954034,0.0,493.26289799233905
26->30,26,30,419,424,1.0,0.51595011,0.51595011,0.48404989,1.0,True,0.17852936262071042,1399.5843002028698,1331.1815855462557,1597.4179026555069,237.65499999999975,266.23631710925116
26->4,26,4,419,395,5.0,0.42078015,2.10390075,2.89609925,1.0,True,0.0,1901.228324226054,1829.804632854432,2195.7655594253183,0.0,365.9609265708864
26->5,26,5,419,396,3.0,0.50247107,1.5074132100000002,1.4925867899999998,1.0,True,0.0316064063814003,2199.327998681693,2020.5716328544318,2424.685959425318,63.86300815072673,404.11432657088636
26->6,26,6,419,397,6.0,0.43205268,2.5923160800000002,3.40768392,1.0,True,0.049490350514013424,2523.4921998328123,2455.347330094011,2946.416796112813,121.51599999999962,491.0694660188022
26->7,26,7,419,398,2.0,0.61507116,1.23014232,0.7698576800000001,1.0,True,0.13026056570806233,3003.244099285806,2846.3103778540694,3415.5724534248834,370.7619999999997,569.2620755708139
26->8,26,8,419,399,12.0,0.64950438,7.79405256,4.20594744,1.0,True,0.1745864677008297,3278.838384265311,3278.838384265311,3934.606061118373,572.4408116707764,655.7676768530623
26->9,26,9,419,401,1.0,0.39659364,0.39659364,0.6034063599999999,0.0,False,1.0,2326.893576837196,2326.893576837196,2792.2722922046355,0.0,465.37871536743927
27->10,27,10,420,402,1.0,0.42235974,0.42235974,0.57764026,0.0,False,1.0,3044.0533723149547,3044.0533723149547,3652.8640467779455,0.0,608.810674462991
27->11,27,11,420,403,1.0,0.4121846,0.4121846,0.5878154,0.0,False,1.0,4143.970992828612,3571.6984143156533,4286.038097178784,0.0,714.3396828631307
27->12,27,12,420,404,1.0,0.38735665,0.38735665,0.6126433499999999,0.0,False,1.0,3334.2003478322576,3334.2003478322576,4001.040417398709,0.0,666.8400695664516
27->13,27,13,420,405,2.0,0.48377382,0.96754764,1.03245236,0.0,False,1.0,3331.6465421756498,2956.126326754933,3547.3515921059193,0.0,591.2252653509867
27->14,27,14,420,406,4.0,0.25358597,1.01434388,2.98565612,0.0,False,1.0,2891.7951742896685,2471.5668067216197,2965.8801680659435,0.0,494.313361344324
27->16,27,16,420,408,1.0,0.41770358,0.41770358,0.58229642,0.0,False,1.0,2961.2710604854315,2809.5907684822278,3371.5089221786734,0.0,561.9181536964455
27->17,27,17,420,409,1.0,0.36214935,0.36214935,0.6378506500000001,1.0,True,0.052369618005288956,2491.807241282494,2433.181063568938,2919.8172762827257,127.42476283680799,486.63621271378764
27->18,27,18,420,410,3.0,0.38672882,1.1601864599999998,1.8398135400000002,1.0,True,0.09082357660478273,2365.778544475133,2195.068807601898,2634.082569122277,199.36400000000003,439.0137615203796
27->19,27,19,420,412,3.0,0.44656909,1.33970727,1.66029273,1.0,True,0.15321867424836297,2110.248329227214,2110.248329227214,2532.2979950726567,323.3294513390167,422.04966584544286
27->2,27,2,420,393,3.0,0.35235203,1.05705609,1.9429439099999999,0.0,False,1.0,2609.1272193046725,2263.139103852999,2715.7669246235987,0.0,452.62782077059984
27->20,27,20,420,413,11.0,0.32025343,3.52278773,7.477212270000001,1.0,True,0.18518971506946588,1745.936329227214,1745.936329227214,2095.123595072657,323.32945133901694,349.1872658454428
27->21,27,21,420,414,6.0,0.46075856,2.76455136,3.2354486400000004,1.0,True,1.3142240406717938e-16,1826.0991278013157,1730.0982816217936,2076.1179379461523,2.2737367544323206e-13,346.0196563243587
27->22,27,22,420,415,4.0,0.69450066,2.77800264,1.22199736,0.0,False,1.0,2197.934360516075,1854.262140081197,2225.1145680974364,0.0,370.8524280162394
27->25,27,25,420,418,2.0,0.4592928,0.9185856,1.0814143999999999,0.0,False,1.0,1273.5550486509578,1186.433386738773,1423.7200640865274,0.0,237.2866773477546
27->26,27,26,420,419,35.0,0.59837444,20.943105399999997,14.056894600000001,1.0,True,0.0,1112.629972154745,1038.036726453875,1245.6440717446499,0.0,207.60734529077502
27->28,27,28,420,421,10.0,0.31241548,3.1241548000000003,6.875845199999999,1.0,True,1.89094043409925e-16,1292.4328002179282,1202.4370061743462,1442.9244074092153,2.2737367544323206e-13,240.48740123486925
27->29,27,29,420,423,2.0,0.35939763,0.71879526,1.28120474,1.0,True,0.13062958442826245,1529.2152312966841,1526.1780160487651,1831.413619258518,199.36400000000026,305.23560320975304
27->3,27,3,420,394,1.0,0.38502359,0.38502359,0.6149764099999999,0.0,False,1.0,2875.4215414585815,2875.4215414585815,3450.505849750298,0.0,575.0843082917163
27->4,27,4,420,395,6.0,0.31637225,1.8982335000000001,4.1017665,0.0,False,1.0,2869.8543765470463,2496.265966878553,2995.5191602542636,0.0,499.2531933757107
27->5,27,5,420,396,1.0,0.42994686,0.42994686,0.57005314,0.0,False,1.0,3189.1325278877907,2693.1756413341927,3231.810769601031,0.0,538.6351282668386
27->6,27,6,420,397,4.0,0.39442985,1.5777194,2.4222805999999997,0.0,False,1.0,3337.724838048529,3054.617685520434,3665.5412226245207,0.0,610.9235371040868
27->8,27,8,420,399,2.0,0.47819491,0.95638982,1.04361018,0.0,False,1.0,4257.219681705812,3883.2851366591476,4659.942163990977,0.0,776.6570273318296
28->1,28,1,421,392,3.0,0.42085376,1.2625612800000001,1.73743872,0.0,False,1.0,1369.092587554683,1251.339150614321,1501.606980737185,0.0,250.2678301228642
28->10,28,10,421,402,1.0,0.22990082,0.22990082,0.77009918,0.0,False,1.0,2418.1270958046903,2235.591378823401,2682.7096545880813,0.0,447.1182757646802
28->11,28,11,421,403,1.0,0.23699679,0.23699679,0.7630032099999999,1.0,True,0.0963060031539199,2895.620695037557,2804.683388765616,3365.6200665187393,270.1078472842082,560.9366777531233
28->12,28,12,421,404,4.0,0.20569794,0.82279176,3.17720824,1.0,True,0.0989880659254012,2636.400298140816,2636.400298140816,3163.6803577689793,260.9721665181105,527.2800596281633
28->13,28,13,421,405,2.0,0.31975938,0.63951876,1.36048124,1.0,True,0.10570193393240791,2468.9441035675995,2468.9441035675995,2962.7329242811193,260.9721665181105,493.78882071351995
28->14,28,14,421,406,7.0,0.13338386,0.9336870199999999,6.06631298,1.0,True,0.1553769832289614,1679.606342552976,1679.606342552976,2015.5276110635712,260.97216651811095,335.9212685105952
28->15,28,15,421,407,1.0,0.12003754,0.12003754,0.87996246,1.0,True,0.10218274588895132,1556.904752733522,1371.756457100428,1646.1077485205135,140.1698414774212,274.3512914200856
28->16,28,16,421,408,1.0,0.26670511,0.26670511,0.73329489,1.0,True,0.19767747800211116,1778.5855357641608,1613.4393399881446,1936.1272079857736,318.9406196382472,322.6878679976289
28->17,28,17,421,409,2.0,0.20973203,0.41946406,1.5805359399999999,0.0,False,1.0,1286.729556479562,1237.0296350748558,1484.435562089827,0.0,247.40592701497118
28->18,28,18,421,410,6.0,0.26431128,1.5858676799999998,4.41413232,1.0,True,0.0,1164.067900733132,992.6786084025699,1191.214330083084,0.0,198.535721680514
28->19,28,19,421,412,10.0,0.20611177,2.0611177,7.9388822999999995,1.0,True,0.0,914.096900733132,914.096900733132,1096.9162808797582,0.0,182.8193801466264
28->2,28,2,421,393,3.0,0.21643751,0.64931253,2.35068747,1.0,True,0.11467866087101133,1319.8659961641679,1132.09051096525,1358.5086131582998,129.82662378227383,226.41810219305
28->20,28,20,421,413,17.0,0.22363285,3.80175845,13.19824155,1.0,True,0.0,549.784900733132,549.784900733132,659.7418808797584,0.0,109.95698014662639
28->21,28,21,421,414,6.0,0.30080223,1.8048133800000001,4.19518662,1.0,True,0.16190110564704693,836.9442067452879,830.097881813201,996.1174581758411,134.39376486082892,166.0195763626402
28->22,28,22,421,415,5.0,0.52769746,2.6384872999999995,2.3615127000000005,1.0,True,0.10494740707774736,1379.3890185018208,1214.1773330560602,1457.0127996672722,127.42476283680799,242.83546661121204
28->23,28,23,421,416,1.0,0.18908951,0.18908951,0.81091049,0.0,False,1.0,2245.795935520288,1992.661247964605,2391.193497557526,0.0,398.53224959292106
28->24,28,24,421,417,1.0,0.23340874,0.23340874,0.76659126,0.0,False,1.0,1423.2521521414892,1289.6760624836581,1547.6112749803897,0.0,257.93521249673165
28->25,28,25,421,418,3.0,0.25970944,0.7791283200000001,2.22087168,1.0,True,0.04489699049426291,1017.3653522460211,1017.3653522460211,1220.8384226952253,45.676642548982045,203.47307044920422
28->26,28,26,421,419,22.0,0.48029983,10.566596259999999,11.433403740000001,1.0,True,0.0,542.586828063183,542.586828063183,651.1041936758196,0.0,108.51736561263661
28->27,28,27,421,420,9.0,0.31713881,2.85424929,6.14575071,1.0,True,0.12143574625208634,1323.0737631393602,1202.437006174346,1442.924407409215,146.01883516590624,240.4874012348692
28->29,28,29,421,423,7.0,0.2713608,1.8995256,5.1004743999999995,1.0,True,0.0,330.026587554683,330.026587554683,396.0319050656196,0.0,66.00531751093659
28->3,28,3,421,394,10.0,0.2031521,2.031521,7.968478999999999,1.0,True,0.1507772777400214,2377.2741074847013,2041.9817027116965,2450.3780432540357,307.8844423298033,408.3963405423393
28->30,28,30,421,424,1.0,0.25279294,0.25279294,0.74720706,0.0,False,1.0,948.683300004914,906.848798296258,1088.2185579555096,0.0,181.3697596592516
28->4,28,4,421,395,3.0,0.15900195,0.47700585,2.52299415,1.0,True,0.18725479808286927,1589.195375324771,1405.682351297303,1686.8188215567636,263.2207648608294,281.1364702594606
28->5,28,5,421,396,3.0,0.31498405,0.94495215,2.05504785,1.0,True,0.16747237630861792,1781.445776982053,1596.4493512973029,1915.7392215567634,267.36116651811085,319.2898702594606
28->6,28,6,421,397,6.0,0.21931078,1.31586468,4.684135319999999,1.0,True,0.1862004023455916,2274.969507017453,2031.225048536882,2437.4700582442583,378.21492129201124,406.2450097073764
28->7,28,7,421,398,5.0,0.41325382,2.0662691,2.9337309,0.0,False,1.0,2649.0367373006507,2421.9775906040704,2906.3731087248843,0.0,484.39551812081413
28->8,28,8,421,399,6.0,0.36460452,2.18762712,3.81237288,1.0,True,0.16765484037643105,2857.0507083583825,2857.0507083583825,3428.4608500300587,478.9983804571939,571.4101416716766
29->1,29,1,423,392,1.0,0.55070186,0.55070186,0.44929814,0.0,False,1.0,1013.9050000000001,1013.9050000000001,1216.6860000000001,0.0,202.78100000000003
29->10,29,10,423,402,2.0,0.29717254,0.59434508,1.40565492,1.0,True,0.12846062174050557,2659.6663171624764,2222.164944730304,2666.5979336763644,285.460690410011,444.4329889460608
29->14,29,14,423,406,1.0,0.16729145,0.16729145,0.83270855,0.0,False,1.0,1895.3848215631801,1750.5555709290043,2100.666685114805,0.0,350.1111141858009
29->17,29,17,423,409,2.0,0.27740861,0.55481722,1.4451827800000001,0.0,False,1.0,945.196836778598,945.196836778598,1134.2362041343176,0.0,189.0393673557196
29->18,29,18,423,410,5.0,0.3508268,1.754134,3.245866,1.0,True,0.15139223930777843,1164.5614754729181,1063.627836778598,1276.3534041343175,161.0250000000002,212.72556735571962
29->19,29,19,423,412,6.0,0.31341439,1.88048634,4.119513660000001,1.0,True,1.397233238667557e-16,906.189475472918,813.6568367785981,976.3882041343177,1.1368683772161603e-13,162.7313673557196
29->2,29,2,423,393,2.0,0.27371476,0.54742952,1.4525704799999999,1.0,True,0.061243115325347805,846.795159667947,840.257712668992,1008.3092552027904,51.460000000000036,168.0515425337984
29->20,29,20,423,413,12.0,0.29573898,3.54886776,8.45113224,1.0,True,2.408560454035009e-16,541.877475472918,472.01155998039803,566.4138719764776,1.1368683772161603e-13,94.40231199607962
29->21,29,21,423,414,2.0,0.35968499,0.71936998,1.28063002,1.0,True,1.251919118892388e-16,1001.132475472918,908.1004995130861,1089.7205994157032,1.1368683772161603e-13,181.62009990261723
29->26,29,26,423,419,4.0,0.50446003,2.01784012,1.9821598800000002,1.0,True,0.0,783.455244224355,783.455244224355,940.146293069226,0.0,156.69104884487103
29->27,29,27,423,420,1.0,0.44457453,0.44457453,0.55542547,1.0,True,0.13072492334412836,1528.1021753181687,1525.0649600702498,1830.0779520842996,199.36399999999958,305.01299201405
29->28,29,28,423,421,6.0,0.25821686,1.54930116,4.45069884,1.0,True,0.0,328.913531576168,328.913531576168,394.6962378914016,0.0,65.7827063152336
29->3,29,3,423,394,3.0,0.23699812,0.71099436,2.28900564,0.0,False,1.0,1965.763653244506,1750.1489044154387,2100.1786852985265,0.0,350.02978088308777
29->30,29,30,423,424,2.0,0.34207451,0.68414902,1.31585098,0.0,False,1.0,615.0160000000001,615.0160000000001,738.0192000000001,0.0,123.00320000000002
29->4,29,4,423,395,6.0,0.26433664,1.58601984,4.4139801599999995,1.0,True,0.04620013525287287,1124.4349310147923,1113.8495530010448,1336.6194636012538,51.460000000000264,222.76991060020896
29->5,29,5,423,396,3.0,0.31839973,0.95519919,2.04480081,0.0,False,1.0,1304.6165530010448,1304.6165530010448,1565.5398636012537,0.0,260.923310600209
29->6,29,6,423,397,6.0,0.24925682,1.4955409199999998,4.50445908,1.0,True,0.1986490125808284,1739.392250240624,1739.392250240624,2087.2707002887487,345.5285530010451,347.8784500481248
29->7,29,7,423,398,5.0,0.43170481,2.15852405,2.8414759499999995,1.0,True,0.04054841732444962,2246.1599436392353,2130.1447923078126,2556.173750769375,86.37400000000025,426.0289584615625
29->8,29,8,423,399,4.0,0.36952057,1.47808228,2.5219177200000003,1.0,True,0.13469754426931985,2565.2179100621242,2565.2179100621242,3078.261492074549,345.5285530010451,513.0435820124248
3->1,3,1,394,392,8.0,0.50066818,4.00534544,3.99465456,1.0,True,0.18109168675358872,917.88310650713,917.88310650713,1101.459727808556,166.22100000000012,183.57662130142603
3->10,3,10,394,402,2.0,0.26431513,0.52863026,1.47136974,0.0,False,1.0,3008.1961831654544,2781.8435497671826,3338.212259720619,0.0,556.3687099534366
3->11,3,11,394,403,1.0,0.24253278,0.24253278,0.75746722,1.0,True,0.14882957540607195,3707.8799899054898,3354.1415497671824,4024.969859720619,499.19546270371393,670.8283099534365
3->12,3,12,394,404,1.0,0.24862256,0.24862256,0.75137744,1.0,True,0.18549934294145726,3346.5793240502303,3346.5793240502303,4015.895188860276,620.7882657127839,669.3158648100462
3->13,3,13,394,405,2.0,0.38376721,0.76753442,1.23246558,1.0,True,0.1952702806496545,3179.1231294770137,3179.1231294770137,3814.9477553724164,620.7882657127843,635.8246258954027
3->16,3,16,394,408,1.0,0.24068977,0.24068977,0.75931023,1.0,True,0.10978208095307584,1989.3068250166068,1915.641275810911,2298.7695309730934,210.30308561812694,383.12825516218226
3->17,3,17,394,409,2.0,0.21469595,0.4293919,1.5706081,1.0,True,0.13602234615557166,1648.1717455875473,1579.5306343119837,1895.4367611743803,214.85146270371433,315.9061268623968
3->18,3,18,394,410,1.0,0.24848488,0.24848488,0.75151512,1.0,True,0.1055566741762254,1796.8288527790503,1704.6526343119835,2045.5831611743802,179.93746270371435,340.93052686239673
3->19,3,19,394,412,4.0,0.26987999,1.07951996,2.92048004,1.0,True,0.11632449767794935,1546.8578527790503,1546.8578527790503,1856.2294233348603,179.93746270371435,309.3715705558101
3->2,3,2,394,393,8.0,0.18957284,1.51658272,6.48341728,1.0,True,0.17404121077791646,1230.8984555464122,1033.878481420827,1240.6541777049924,179.93746270371435,206.7756962841654
3->20,3,20,394,413,7.0,0.27600209,1.9320146299999998,5.067985370000001,1.0,True,0.1850497705230494,1896.80085277905,1669.1426410887739,2002.9711693065285,308.87446270371424,333.8285282177548
3->21,3,21,394,414,1.0,0.2960691,0.2960691,0.7039309,1.0,True,0.1560242507365426,2142.0348527790507,1932.093641088774,2318.5123693065284,301.4534627037144,386.4187282177548
3->25,3,25,394,418,3.0,0.28189768,0.84569304,2.1543069600000004,0.0,False,1.0,2964.3971856310914,2627.9636324266207,3153.5563589119447,0.0,525.5927264853242
3->26,3,26,394,419,5.0,0.47486265,2.37431325,2.6256867500000003,1.0,True,0.1775455769929834,2929.351008425621,2516.725396777261,3020.070476132713,446.83346270371385,503.3450793554522
3->27,3,27,394,420,1.0,0.38064264,0.38064264,0.61935736,0.0,False,1.0,3353.1509616641906,2883.8517150564694,3460.622058067763,0.0,576.7703430112939
3->28,3,28,394,421,5.0,0.18954636,0.9477318,4.0522682,0.0,False,1.0,2448.0782211338164,2079.48362781908,2495.380353382896,0.0,415.89672556381606
3->29,3,29,394,423,1.0,0.28637951,0.28637951,0.71362049,0.0,False,1.0,2092.8037491976334,1800.559811231005,2160.671773477206,0.0,360.111962246201
3->4,3,4,394,395,12.0,0.19028143,2.28337716,9.71662284,1.0,True,0.1887603708061721,953.2586841995671,953.2586841995671,1143.9104210394805,179.937462703714,190.65173683991344
3->5,3,5,394,396,3.0,0.34083273,1.0224981899999999,1.97750181,1.0,True,0.16990770320880588,1112.3437455875471,1059.030634311984,1270.8367611743806,179.937462703714,211.8061268623968
3->6,3,6,394,397,21.0,0.28808712,6.049829519999999,14.950170480000002,1.0,True,0.17417902015397407,1454.37421246972,1382.2586812744853,1658.7104175293823,240.7604627037142,276.45173625489707
3->7,3,7,394,398,24.0,0.4674141,11.2179384,12.782061599999999,1.0,True,0.07558483890633316,623.775887892374,623.775887892374,748.5310654708488,47.148000000000025,124.75517757847481
3->8,3,8,394,399,12.0,0.40004713,4.80056556,7.199434440000001,1.0,True,0.14216574974054874,1654.0968313928433,1654.0968313928433,1984.916197671412,235.1559161784296,330.8193662785687
3->9,3,9,394,401,2.0,0.19463631,0.38927262,1.61072738,0.0,False,1.0,2560.5456649135454,2322.0523551919505,2786.4628262303404,0.0,464.41047103839014
30->14,30,14,424,406,2.0,0.23220162,0.46440324,1.53559676,0.0,False,1.0,1992.1957341504062,1992.1957341504062,2390.634880980487,0.0,398.43914683008126
30->19,30,19,424,412,1.0,0.36348163,0.36348163,0.63651837,0.0,False,1.0,1127.292559980398,1055.297,1266.3564,0.0,211.0594
30->20,30,20,424,413,2.0,0.33014596,0.66029192,1.3397080799999999,0.0,False,1.0,737.8195599803979,737.8195599803979,885.3834719764775,0.0,147.56391199607958
30->26,30,26,424,419,2.0,0.55698638,1.11397276,0.88602724,1.0,True,0.17852936262071056,1398.4712442243551,1331.181585546256,1597.417902655507,237.65499999999997,266.2363171092512
30->29,30,29,424,423,2.0,0.39424809,0.78849618,1.21150382,0.0,False,1.0,615.016,615.016,738.0192,0.0,123.00319999999999
30->4,30,4,424,395,1.0,0.29400933,0.29400933,0.70599067,1.0,True,0.19833554464654599,1000.406,938.7878523328649,1126.5454227994378,186.19499999999994,187.757570466573
30->5,30,5,424,396,1.0,0.36648854,0.36648854,0.63351146,1.0,True,0.19469004271343823,1188.2859999999998,1135.6975267885036,1362.8370321462044,221.10899999999992,227.13950535770073
30->6,30,6,424,397,2.0,0.33775948,0.67551896,1.32448104,0.0,False,1.0,1725.101249828188,1497.1395709747446,1796.5674851696936,0.0,299.4279141949489
30->8,30,8,424,399,1.0,0.43833798,0.43833798,0.56166202,1.0,True,0.19548139449112958,2500.247357061079,2325.807022113457,2790.9684265361484,454.65200000000004,465.1614044226915
4->1,4,1,395,392,2.0,0.52761776,1.05523552,0.9447644799999999,1.0,True,0.18071792507189988,778.6436496754369,762.9449122621521,915.5338947145825,137.87782148817882,152.58898245243043
4->10,4,10,395,402,4.0,0.23756756,0.95027024,3.04972976,1.0,True,0.03209274872275576,1939.0844149376558,1939.0844149376558,2326.901297925187,62.230548880806055,387.8168829875312
4->11,4,11,395,403,2.0,0.25906383,0.51812766,1.48187234,1.0,True,0.024779399788204082,2511.3824149376555,2511.3824149376555,3013.6588979251865,62.2305488808056,502.27648298753115
4->12,4,12,395,404,3.0,0.18856533,0.56569599,2.43430401,1.0,True,0.07655910875890573,2464.4356897382463,2464.4356897382463,2957.3228276858954,188.67499999999927,492.8871379476493
4->13,4,13,395,405,5.0,0.3771615,1.8858074999999999,3.1141925000000006,1.0,True,0.08214048074749773,2296.9794951650297,2296.9794951650297,2756.3753941980353,188.67500000000018,459.39589903300595
4->14,4,14,395,406,8.0,0.14370543,1.14964344,6.85035656,1.0,True,0.12514577948210173,1507.6417341504061,1507.6417341504061,1809.1700809804872,188.67500000000018,301.52834683008126
4->15,4,15,395,407,3.0,0.19767751,0.59303253,2.40696747,1.0,True,0.10444360540866222,1205.624848697858,1196.846848697858,1436.2162184374295,125.00299999999993,239.3693697395716
4->16,4,16,395,408,2.0,0.23726135,0.4745227,1.5254773,1.0,True,0.05679711542086945,1078.588704913289,1071.614625785588,1285.9375509427057,60.86461958743587,214.32292515711762
4->17,4,17,395,409,5.0,0.2088544,1.0442719999999999,3.955728,1.0,True,0.0,699.4680000000001,697.387,836.8643999999999,0.0,139.4774
4->18,4,18,395,410,6.0,0.28493881,1.70963286,4.29036714,1.0,True,0.0,823.8330000000001,822.509,987.0108,0.0,164.5018
4->19,4,19,395,412,8.0,0.2174662,1.7397296,6.2602704,1.0,True,1.9152122128754858e-16,593.599168579483,593.599168579483,712.3190022953796,1.1368683772161603e-13,118.71983371589661
4->2,4,2,395,393,4.0,0.20162396,0.80649584,3.19350416,1.0,True,0.0,277.63977134684495,277.63977134684495,333.16772561621394,0.0,55.52795426936899
4->20,4,20,395,413,8.0,0.2629906,2.1039248,5.8960752,1.0,True,1.2508784419271704e-16,929.983168579483,908.856,1090.6272,1.1368683772161603e-13,181.77120000000002
4->21,4,21,395,414,2.0,0.28498518,0.56997036,1.4300296399999999,1.0,True,0.0,1175.8549310147919,1171.807,1406.1684,0.0,234.3614
4->22,4,22,395,415,1.0,0.54091359,0.54091359,0.45908640999999994,1.0,True,0.07121657199543484,1314.953197104643,1314.953197104643,1577.9438365255717,93.64645903223004,262.99063942092863
4->23,4,23,395,416,1.0,0.27319267,0.27319267,0.72680733,0.0,False,1.0,2208.054977335356,2208.054977335356,2649.665972802427,0.0,441.61099546707123
4->24,4,24,395,417,1.0,0.2169391,0.2169391,0.7830609,1.0,True,0.11579812364464372,1843.114882030243,1843.114882030243,2211.7378584362914,213.429245000621,368.6229764060486
4->26,4,26,395,419,5.0,0.50748345,2.53741725,2.46258275,1.0,True,0.0664092755139869,1902.2453242260538,1829.804632854432,2195.7655594253183,121.51599999999962,365.9609265708864
4->27,4,27,395,420,3.0,0.36732805,1.10198415,1.89801585,0.0,False,1.0,2819.271742448257,2496.2659668785536,2995.519160254264,0.0,499.25319337571074
4->28,4,28,395,421,3.0,0.20829815,0.62489445,2.3751055500000002,1.0,True,0.03663756581573315,1453.34846259096,1404.5692953187881,1685.4831543825458,51.460000000000036,280.9138590637576
4->29,4,29,395,423,6.0,0.23455482,1.4073289199999999,4.59267108,1.0,True,0.046200135252872664,1124.434931014792,1113.849553001045,1336.619463601254,51.460000000000036,222.76991060020902
4->3,4,3,395,394,10.0,0.23139872,2.3139872,7.686012799999999,1.0,True,0.195513472128033,920.332807479788,920.332807479788,1104.3993689757456,179.9374627037139,184.06656149595761
4->30,4,30,395,424,1.0,0.28481863,0.28481863,0.71518137,0.0,False,1.0,1000.4059999999998,919.65329476186,1103.583953714232,0.0,183.93065895237203
4->5,4,5,395,396,10.0,0.26109389,2.6109389,7.389061100000001,1.0,True,0.0,336.79843043111,298.099674455639,357.7196093467668,0.0,59.6199348911278
4->6,4,6,395,397,19.0,0.18434236,3.5025048400000003,15.49749516,1.0,True,0.0,698.240474617351,659.54171864188,791.450062370256,0.0,131.90834372837602
4->7,4,7,395,398,7.0,0.40408423,2.82858961,4.17141039,1.0,True,0.05827880990225016,1140.1006180948739,1095.818673336721,1314.9824080040653,63.86300815072673,219.16373466734422
4->8,4,8,395,399,14.0,0.34211705,4.789638699999999,9.2103613,1.0,True,0.0,1526.9079257560638,1488.209169780593,1785.8510037367114,0.0,297.6418339561186
4->9,4,9,395,401,2.0,0.13654455,0.2730891,1.7269109,1.0,True,0.04206775778067847,1479.293220362424,1479.293220362424,1775.151864434909,62.23054888080628,295.8586440724848
5->10,5,10,396,402,1.0,0.36455636,0.36455636,0.63544364,1.0,True,0.05479929924163033,1772.7334149376557,1772.7334149376557,2127.2800979251865,97.14454888080581,354.54668298753114
5->11,5,11,396,403,2.0,0.28053113,0.56106226,1.43893774,1.0,True,0.04142569189564076,2345.0314149376554,2345.0314149376554,2814.0376979251864,97.14454888080581,469.0062829875311
5->12,5,12,396,404,3.0,0.25843113,0.7752933900000001,2.22470661,1.0,True,0.06641313188921351,2304.6646897382466,2304.6646897382466,2765.597627685896,153.0599999999995,460.93293794764935
5->13,5,13,396,405,40.0,0.41726674,16.6906696,23.309330399999997,1.0,True,0.07161678439247503,2137.20849516503,2137.20849516503,2564.650194198036,153.05999999999995,427.441699033006
5->14,5,14,396,406,13.0,0.18319267,2.38150471,10.61849529,1.0,True,0.11355688355120895,1347.870734150406,1347.870734150406,1617.4448809804871,153.06000000000017,269.5741468300812
5->15,5,15,396,407,6.0,0.28290263,1.69741578,4.30258422,1.0,True,2.1962363001672744e-16,1232.3768486978581,1035.287848697858,1242.3454184374295,2.2737367544323206e-13,207.0575697395716
5->16,5,16,396,408,4.0,0.35919396,1.43677584,2.56322416,1.0,True,0.0,986.3540238724199,905.365481024463,1086.4385772293556,0.0,181.0730962048926
5->17,5,17,396,409,4.0,0.30875153,1.23500612,2.76499388,1.0,True,0.0,610.208,535.828,642.9935999999999,0.0,107.1656
5->18,5,18,396,410,8.0,0.32372573,2.58980584,5.41019416,1.0,True,1.4683479202016923e-16,853.1100000000001,774.25,929.0999999999999,1.1368683772161603e-13,154.85000000000002
5->19,5,19,396,412,8.0,0.37027848,2.96222784,5.037772159999999,1.0,True,1.4699902082612933e-16,852.4150000000001,773.385,928.0619999999999,1.1368683772161603e-13,154.67700000000002
5->2,5,2,396,393,4.0,0.24008492,0.96033968,3.03966032,1.0,True,0.061324112883091884,623.142771346845,569.335590170867,683.2027082050404,34.91399999999999,113.86711803417342
5->20,5,20,396,413,7.0,0.29046559,2.03325913,4.966740870000001,1.0,True,0.031750881893157716,1099.6229999999998,1099.6229999999998,1319.5475999999996,34.91399999999976,219.92459999999997
5->21,5,21,396,414,2.0,0.32908035,0.6581607,1.3418393,1.0,True,0.0,1462.560168579483,1362.5739999999996,1635.0887999999995,0.0,272.5147999999999
5->22,5,22,396,415,1.0,0.63201422,0.63201422,0.36798578000000004,1.0,True,0.08809467491508918,1502.8331971046432,1459.3442697432522,1751.2131236919026,128.56045903223003,291.86885394865044
5->26,5,26,396,419,3.0,0.50138653,1.50415959,1.49584041,1.0,True,0.08034298819066088,2114.741516771744,2020.5716328544318,2424.685959425318,162.33876283680797,404.11432657088636
5->27,5,27,396,420,1.0,0.4781611,0.4781611,0.5218389,0.0,False,1.0,3167.463595216269,2693.175641334192,3231.81076960103,0.0,538.6351282668384
5->28,5,28,396,421,2.0,0.2411112,0.4822224,1.5177776,1.0,True,0.18687894567161117,1769.1772067452882,1595.3362953187875,1914.4035543825448,298.13476486082914,319.06725906375755
5->29,5,29,396,423,1.0,0.34268186,0.34268186,0.65731814,0.0,False,1.0,1304.6165530010448,1304.6165530010448,1565.5398636012537,0.0,260.923310600209
5->3,5,3,396,394,5.0,0.33486826,1.6743412999999998,3.3256587000000004,1.0,True,0.16990770320880577,1079.417868867768,1059.030634311984,1270.8367611743806,179.9374627037139,211.8061268623968
5->4,5,4,396,395,10.0,0.26214036,2.6214036000000003,7.378596399999999,1.0,True,0.0,336.79843043111,298.09967445563905,357.71960934676684,0.0,59.61993489112781
5->6,5,6,396,397,20.0,0.33981101,6.7962202000000005,13.2037798,1.0,True,0.0,446.38604418624095,446.38604418624095,535.6632530234891,0.0,89.2772088372482
5->7,5,7,396,398,15.0,0.52271495,7.84072425,7.15927575,1.0,True,0.0,926.944943639235,920.1669234205891,1104.200308104707,0.0,184.03338468411783
5->8,5,8,396,399,13.0,0.49985632,6.49813216,6.50186784,1.0,True,1.7832481247015027e-16,1275.0534953249542,1275.0534953249542,1530.064194389945,2.2737367544323206e-13,255.01069906499083
5->9,5,9,396,401,1.0,0.24280914,0.24280914,0.75719086,1.0,True,0.0739899649612839,1312.942220362424,1312.942220362424,1575.5306644349087,97.14454888080604,262.58844407248483
6->1,6,1,397,392,4.0,0.50278657,2.01114628,1.9888537199999998,1.0,True,0.09967492108634571,1296.2041876298113,1296.2041876298113,1555.4450251557735,129.19905011379228,259.24083752596226
6->10,6,10,397,402,7.0,0.22060165,1.54421155,5.45578845,1.0,True,0.04427841756152322,1405.4375090152898,1405.4375090152898,1686.5250108183477,62.230548880806055,281.087501803058
6->11,6,11,397,403,24.0,0.21319577,5.11669848,18.88330152,1.0,True,0.03146555674261568,1977.7355090152898,1977.7355090152898,2373.2826108183476,62.23054888080651,395.547101803058
6->12,6,12,397,404,5.0,0.28827097,1.4413548500000002,3.55864515,1.0,True,0.19011736991895475,2384.009128925923,2089.254906270729,2507.1058875248746,397.2036478704633,417.85098125414584
6->13,6,13,397,405,39.0,0.34684901,13.52711139,25.47288861,1.0,True,0.014698173999438766,2186.189930887083,2186.189930887083,2623.4279170644995,32.132999999999356,437.2379861774166
6->14,6,14,397,406,35.0,0.16509543,5.77834005,29.22165995,1.0,True,0.024991474518070624,1285.7584684235342,1285.7584684235342,1542.910162108241,32.133000000000266,257.15169368470686
6->15,6,15,397,407,13.0,0.2029626,2.6385138,10.3614862,1.0,True,0.17641585184488812,918.072865917471,887.151720147505,1064.582064177006,156.50762642547988,177.43034402950101
6->16,6,16,397,408,15.0,0.3093229,4.6398435000000005,10.3601565,1.0,True,0.0,539.967979686179,539.967979686179,647.9615756234148,0.0,107.9935959372358
6->17,6,17,397,409,14.0,0.249715,3.49601,10.50399,1.0,True,0.0,841.956044186241,834.793847882601,1001.7526174591211,0.0,166.9587695765202
6->18,6,18,397,410,23.0,0.28113605,6.46612915,16.53387085,1.0,True,0.0,1214.552044186241,1207.545847882601,1449.0550174591212,0.0,241.5091695765202
6->19,6,19,397,412,15.0,0.22468726,3.3703089,11.629691099999999,1.0,True,0.0,1222.6392127657239,1206.9938478826011,1448.3926174591213,0.0,241.39876957652024
6->2,6,2,397,393,11.0,0.21330534,2.3463587400000003,8.65364126,1.0,True,0.0,1057.9184685864238,930.777634357108,1116.9331612285296,0.0,186.1555268714216
6->20,6,20,397,413,10.0,0.20743716,2.0743716,7.9256284,1.0,True,0.0,1534.3986972395787,1534.3986972395787,1841.2784366874944,0.0,306.87973944791577
6->21,6,21,397,414,1.0,0.29407288,0.29407288,0.70592712,1.0,True,0.0,1797.3496972395787,1797.3496972395787,2156.8196366874945,0.0,359.46993944791575
6->22,6,22,397,415,3.0,0.59505595,1.7851678500000001,1.2148321499999999,1.0,True,0.0,2202.9995062084995,1859.7244764483653,2231.669371738038,0.0,371.94489528967307
6->23,6,23,397,416,1.0,0.20163471,0.20163471,0.79836529,1.0,True,0.15090712941266063,2669.341421438034,2669.341421438034,3203.209705725641,402.82265133152487,533.8682842876068
6->24,6,24,397,417,1.0,0.24371942,0.24371942,0.75628058,0.0,False,1.0,2479.105138202735,2387.886161373965,2865.463393648758,0.0,477.577232274793
6->25,6,25,397,418,1.0,0.37300335,0.37300335,0.6269966499999999,1.0,True,0.12585023280036556,2526.149461393509,2466.284736654564,2959.5416839854765,310.3825082599651,493.2569473309128
6->26,6,26,397,419,5.0,0.45481003,2.27405015,2.72594985,1.0,True,0.0791553999786081,2542.7753684122945,2455.347330094011,2946.416796112813,194.3539999999989,491.0694660188022
6->27,6,27,397,420,2.0,0.37043298,0.74086596,1.25913404,0.0,False,1.0,3514.738410446468,3054.617685520434,3665.5412226245207,0.0,610.9235371040868
6->28,6,28,397,421,4.0,0.17425397,0.69701588,3.30298412,1.0,True,0.06509255006743749,2211.4786525888107,2030.1119925583662,2436.1343910700393,132.14516651811073,406.02239851167326
6->29,6,29,397,423,5.0,0.24829889,1.24149445,3.7585055499999998,1.0,True,0.19864901258082818,1739.3922502406235,1739.3922502406235,2087.2707002887482,345.52855300104466,347.8784500481247
6->3,6,3,397,394,19.0,0.2530123,4.8072337,14.1927663,1.0,True,0.03410938968133487,1456.1168655490737,1382.2586812744848,1658.7104175293819,47.147999999999456,276.45173625489696
6->30,6,30,397,424,3.0,0.27478969,0.8243690699999999,2.17563093,1.0,True,0.12597724521326617,1702.8619059223658,1478.00501340374,1773.606016084488,186.1949999999997,295.60100268074797
6->4,6,4,397,395,26.0,0.2638289,6.859551399999999,19.1404486,1.0,True,0.0,698.240474617351,659.5417186418799,791.4500623702559,0.0,131.908343728376
6->5,6,5,397,396,18.0,0.32650258,5.87704644,12.122953560000001,1.0,True,0.0,446.38604418624095,446.38604418624095,535.6632530234891,0.0,89.2772088372482
6->7,6,7,397,398,37.0,0.37608546,13.915162019999999,23.08483798,1.0,True,0.0,1158.692987825476,1015.977604306665,1219.1731251679978,0.0,203.195520861333
6->8,6,8,397,399,55.0,0.39999026,21.9994643,33.0005357,1.0,True,0.0,828.667451138713,828.667451138713,994.4009413664555,0.0,165.7334902277426
6->9,6,9,397,401,5.0,0.17114374,0.8557186999999999,4.1442813,1.0,True,0.06580742496485527,945.6463144400581,945.6463144400581,1134.7755773280696,62.230548880806055,189.12926288801162
7->1,7,1,398,392,2.0,0.67329899,1.34659798,0.6534020199999999,1.0,True,0.164398222731635,1297.878994399504,1297.878994399504,1557.4547932794048,213.36900000000014,259.57579887990084
7->10,7,10,398,402,5.0,0.44284431,2.21422155,2.78577845,1.0,True,0.19548921561065938,2599.971061978585,2205.877028655974,2647.0524343871684,431.22517006552835,441.1754057311948
7->11,7,11,398,403,3.0,0.42830214,1.28490642,1.71509358,0.0,False,1.0,2778.1750286559736,2778.1750286559736,3333.8100343871683,0.0,555.6350057311947
7->12,7,12,398,404,2.0,0.42411597,0.84823194,1.15176806,1.0,True,0.053880639376086496,3087.655613158836,3028.0836958764658,3633.7004350517586,163.15508561812703,605.6167391752932
7->13,7,13,398,405,7.0,0.59396133,4.15772931,2.8422706900000003,1.0,True,0.09643118368355456,2917.1174185856185,2917.1174185856185,3500.540902302742,281.3010856181263,583.4234837171238
7->14,7,14,398,406,9.0,0.33224967,2.99024703,6.009752970000001,1.0,True,0.13220404876849481,2127.779657570995,2127.779657570995,2553.335589085194,281.301085618127,425.555931514199
7->15,7,15,398,407,4.0,0.35570144,1.42280576,2.57719424,1.0,True,0.06832262096348808,1824.5837923370932,1809.371453505329,2171.2457442063946,123.6210000000001,361.87429070106583
7->16,7,16,398,408,2.0,0.44219154,0.88438308,1.11561692,1.0,True,0.12105153548120774,1697.1846485525239,1478.7967692919158,1774.5561231502988,179.0106195874357,295.7593538583832
7->17,7,17,398,409,2.0,0.40894394,0.81788788,1.18211212,1.0,True,0.0,1322.514943639235,1315.7369234205892,1578.8843081047069,0.0,263.14738468411787
7->18,7,18,398,410,8.0,0.42886771,3.43094168,4.56905832,1.0,True,0.07568532110140498,1698.0259436392348,1670.0464259198807,2004.0557111038568,126.39799999999991,334.00928518397615
7->19,7,19,398,412,5.0,0.41523166,2.0761583,2.9238417,1.0,True,0.074060852870965,1694.7149436392351,1669.181425919881,2003.017711103857,123.62099999999987,333.8362851839762
7->2,7,2,398,393,5.0,0.38752855,1.9376427500000002,3.06235725,0.0,False,1.0,1452.300503887485,1355.304169576822,1626.3650034921864,0.0,271.0608339153644
7->20,7,20,398,413,11.0,0.42823612,4.71059732,6.28940268,1.0,True,0.12736073228213113,2033.8569436392347,1990.456520290963,2388.5478243491557,253.50599999999963,398.09130405819263
7->21,7,21,398,414,1.0,0.49108386,0.49108386,0.50891614,1.0,True,0.05485958437914396,2288.9009436392357,2253.407520290963,2704.0890243491554,123.62099999999964,450.6815040581926
7->22,7,22,398,415,1.0,0.72886473,0.72886473,0.27113527000000004,1.0,True,0.18348793915956416,2554.0605594665103,2349.026006403733,2818.8312076844795,431.0179409472421,469.8052012807466
7->26,7,26,398,419,3.0,0.68688656,2.06065968,0.9393403199999999,1.0,True,0.03462604446303829,3003.822099285806,2896.721284669634,3476.0655416035606,100.30200000000013,579.3442569339268
7->27,7,27,398,420,1.0,0.5552506,0.5552506,0.44474939999999996,0.0,False,1.0,3752.496791842491,3263.847602948844,3916.6171235386123,0.0,652.7695205897688
7->28,7,28,398,421,4.0,0.40267047,1.61068188,2.38931812,1.0,True,0.11772941541835452,2576.765071797716,2459.479515711454,2951.3754188537446,289.55308561812717,491.8959031422908
7->29,7,29,398,423,1.0,0.45947273,0.45947273,0.54052727,0.0,False,1.0,2331.869484056271,2180.555699123378,2616.6668389480533,0.0,436.1111398246756
7->3,7,3,398,394,24.0,0.43669984,10.48079616,13.519203840000001,1.0,True,0.07558483890633316,623.775887892374,623.775887892374,748.5310654708488,47.148000000000025,124.75517757847481
7->30,7,30,398,424,2.0,0.51547071,1.03094142,0.96905858,0.0,False,1.0,1687.2349308321502,1687.2349308321502,2024.6819169985802,0.0,337.44698616643007
7->4,7,4,398,395,9.0,0.45831761,4.12485849,4.875141510000001,1.0,True,0.05827880990225037,1140.100618094874,1095.8186733367208,1314.982408004065,63.863008150726955,219.1637346673442
7->5,7,5,398,396,16.0,0.46977378,7.51638048,8.483619520000001,1.0,True,0.0,926.944943639235,920.1669234205891,1104.200308104707,0.0,184.03338468411783
7->6,7,6,398,397,29.0,0.45099974,13.07899246,15.92100754,1.0,True,2.237186078965302e-16,1158.6929878254762,1016.3377896057368,1219.605347526884,2.2737367544323206e-13,203.2675579211474
7->8,7,8,398,399,37.0,0.59172724,21.89390788,15.10609212,1.0,True,0.18247509901107173,1030.320943500469,1030.320943500469,1236.3851322005628,188.0079161784289,206.0641887000938
7->9,7,9,398,401,2.0,0.35725402,0.71450804,1.2854919599999999,0.0,False,1.0,1746.0858340807417,1746.0858340807417,2095.30300089689,0.0,349.2171668161484
8->1,8,1,399,392,2.0,0.62262613,1.24525226,0.75474774,1.0,True,0.06080322583093506,2124.8716387685236,2124.8716387685236,2549.845966522228,129.1990501137916,424.97432775370476
8->10,8,10,399,402,38.0,0.42827912,16.274606560000002,21.725393439999998,1.0,True,1.3783280966292654e-16,1649.6339006603716,1649.6339006603716,1979.560680792446,2.2737367544323206e-13,329.9267801320743
8->11,8,11,399,403,29.0,0.3904187,11.3221423,17.6778577,1.0,True,0.0,2221.9319006603714,2221.9319006603714,2666.3182807924454,0.0,444.3863801320743
8->12,8,12,399,404,14.0,0.38875093,5.44251302,8.55748698,1.0,True,0.19593455915017027,2811.510893516122,2612.2362755846193,3134.683530701543,511.8273630527551,522.4472551169239
8->13,8,13,399,405,14.0,0.48274041,6.75836574,7.24163426,1.0,True,0.03280930244675162,2927.050361660925,2927.050361660925,3512.4604339931097,96.034480592607,585.410072332185
8->14,8,14,399,406,21.0,0.26031992,5.46671832,15.533281680000002,1.0,True,0.047386551379068824,2026.618899197376,2026.618899197376,2431.942679036851,96.03448059260836,405.32377983947526
8->15,8,15,399,407,4.0,0.38391668,1.53566672,2.46433328,1.0,True,0.19239012968168645,1658.4295620004586,1658.4295620004586,1990.1154744005503,319.0654785012107,331.68591240009175
8->16,8,16,399,408,8.0,0.41663149,3.33305192,4.66694808,1.0,True,0.04989074264027067,1280.828410460021,1280.828410460021,1536.994092552025,63.90148059260787,256.1656820920042
8->17,8,17,399,409,5.0,0.37691119,1.88455595,3.1154440500000002,1.0,True,0.1976288738798879,1666.588605620015,1652.894447529385,1983.473337035262,326.6596683075518,330.578889505877
8->18,8,18,399,410,11.0,0.41971658,4.61688238,6.38311762,1.0,True,0.057174123118605875,2040.8204549769928,2020.902731046007,2425.083277255208,115.54334155555125,404.1805462092014
8->19,8,19,399,412,14.0,0.43315379,6.06415306,7.93584694,1.0,True,0.05717426457584611,2040.4264549769928,2020.8977310460068,2425.077277255208,115.54334155555148,404.17954620920136
8->2,8,2,399,393,8.0,0.29889824,2.39118592,5.60881408,1.0,True,0.0,1804.5476971029088,1759.4450854958204,2111.3341025949844,0.0,351.8890170991641
8->20,8,20,399,413,21.0,0.33389861,7.01187081,13.98812919,1.0,True,0.027133703001408112,2355.059336696208,2355.059336696208,2826.0712040354497,63.901480592608095,471.01186733924163
8->21,8,21,399,414,4.0,0.41396553,1.65586212,2.34413788,1.0,True,0.06842719782387761,2614.3937310460074,2614.3937310460074,3137.2724772552087,178.89563702379064,522.8787462092015
8->22,8,22,399,415,2.0,0.65741459,1.31482918,0.68517082,1.0,True,0.15753848957339558,2888.9729386461427,2606.776202307658,3128.1314427691896,410.6675855674207,521.3552404615316
8->23,8,23,399,416,1.0,0.36604423,0.36604423,0.63395577,1.0,True,0.13686114551295908,3410.2018522118756,3410.2018522118756,4092.2422226542503,466.72413192413205,682.0403704423752
8->24,8,24,399,417,1.0,0.40480906,0.40480906,0.59519094,0.0,False,1.0,3134.9378872332577,3134.9378872332577,3761.925464679909,0.0,626.9875774466516
8->25,8,25,399,418,1.0,0.46060167,0.46060167,0.53939833,0.0,False,1.0,3534.7213624464466,3271.306669525855,3925.5680034310258,0.0,654.261333905171
8->26,8,26,399,419,7.0,0.65797476,4.60582332,2.39417668,1.0,True,0.09178471264882015,3322.985909942922,3273.6733639004387,3928.4080366805265,300.47316901169825,654.7346727800877
8->27,8,27,399,420,4.0,0.55982121,2.23928484,1.7607151600000002,0.0,False,1.0,4540.625556011253,3883.285136659146,4659.942163990975,0.0,776.6570273318292
8->28,8,28,399,421,6.0,0.38746358,2.32478148,3.6752185200000005,1.0,True,0.19043955135280843,2850.7726320149955,2850.7726320149955,3420.9271584179946,542.8998610498006,570.1545264029991
8->29,8,29,399,423,2.0,0.46223664,0.92447328,1.07552672,1.0,True,0.15993030270639122,2560.052889697253,2560.052889697253,3072.063467636703,409.4300335936532,512.0105779394506
8->3,8,3,399,394,12.0,0.38774517,4.652942039999999,7.347057960000001,1.0,True,0.14219671356614252,1653.7366460937708,1653.7366460937708,1984.4839753125248,235.15591617842915,330.7473292187542
8->4,8,4,399,395,12.0,0.35882379,4.30588548,7.69411452,1.0,True,0.0,1608.9461483782918,1488.2091697805927,1785.8510037367112,0.0,297.64183395611855
8->5,8,5,399,396,12.0,0.41902453,5.02829436,6.971705640000001,1.0,True,0.0,1275.0534953249537,1275.0534953249537,1530.0641943899443,0.0,255.01069906499075
8->6,8,6,399,397,42.0,0.41872419,17.586415979999998,24.41358402,1.0,True,0.0,828.6674511387129,828.6674511387129,994.4009413664554,0.0,165.73349022774258
8->7,8,7,399,398,35.0,0.59876765,20.95686775,14.043132250000001,1.0,True,0.18253891197441738,1029.960758201397,1029.960758201397,1235.9529098416765,188.007916178429,205.99215164027942
8->9,8,9,399,401,25.0,0.30037147,7.509286749999999,17.49071325,1.0,True,0.0,1189.84270608514,1189.84270608514,1427.8112473021679,0.0,237.96854121702802
9->1,9,1,401,392,1.0,0.38174864,0.38174864,0.61825136,1.0,True,0.08561848136367378,2235.844363805994,2235.844363805994,2683.0132365671925,191.42959899459856,447.1688727611988
9->10,9,10,401,402,7.0,0.1166242,0.8163694,6.183630600000001,1.0,True,1.2362876786564292e-16,459.791194575232,459.791194575232,551.7494334902784,5.684341886080802e-14,91.95823891504641
9->11,9,11,401,403,12.0,0.17937932,2.15255184,9.847448159999999,1.0,True,0.0,1032.0891945752317,1032.0891945752317,1238.507033490278,0.0,206.41783891504633
9->12,9,12,401,404,2.0,0.1392463,0.2784926,1.7215074000000001,1.0,True,0.05292790161420807,1540.5296774540031,1515.9005525220969,1819.0806630265163,80.2334353008132,303.18011050441936
9->13,9,13,401,405,4.0,0.25689512,1.02758048,2.97241952,0.0,False,1.0,1970.341429785244,1858.925550872366,2230.710661046839,0.0,371.78511017447323
9->14,9,14,401,406,4.0,0.0316424,0.1265696,3.8734304,1.0,True,0.12540851974558784,1107.3001592556882,984.3344439405598,1181.2013327286718,123.44392554918193,196.86688878811196
9->15,9,15,401,407,1.0,0.07640136,0.07640136,0.92359864,0.0,False,1.0,826.8887926806219,695.0557866925461,834.0669440310553,0.0,139.01115733850924
9->16,9,16,401,408,6.0,0.15356921,0.9214152600000001,5.07858474,0.0,False,1.0,440.767208463185,440.767208463185,528.9206501558219,0.0,88.153441692637
9->17,9,17,401,409,1.0,0.14623056,0.14623056,0.85376944,1.0,True,0.1746048892373278,948.2909439827639,817.1769133764741,980.6122960517689,142.6830844474007,163.43538267529482
9->18,9,18,401,410,2.0,0.23526079,0.47052158,1.52947842,1.0,True,0.1328368277083285,1074.1229439827641,1074.1229439827641,1288.9475327793168,142.68308444740103,214.82458879655283
9->19,9,19,401,412,2.0,0.2207542,0.4415084,1.5584916,1.0,True,0.13283744606140774,1074.1179439827638,1074.1179439827638,1288.9415327793165,142.68308444740057,214.82358879655277
9->2,9,2,401,393,4.0,0.15595109,0.62380436,3.37619564,1.0,True,0.0824873550621279,1943.856883909092,1729.7570559746396,2075.7084671695675,142.68308444740114,345.9514111949279
9->20,9,20,401,413,1.0,0.09945117,0.09945117,0.90054883,1.0,True,0.10115766593310295,1410.5019439827636,1410.5019439827636,1692.6023327793162,142.6830844474007,282.10038879655275
9->21,9,21,401,414,1.0,0.19689008,0.19689008,0.80310992,1.0,True,0.08556122054642394,1667.613943982764,1667.613943982764,2001.1367327793168,142.68308444740114,333.52278879655285
9->26,9,26,401,419,1.0,0.39989913,0.39989913,0.60010087,0.0,False,1.0,2326.893576837196,2326.893576837196,2792.2722922046355,0.0,465.37871536743927
9->28,9,28,401,421,1.0,0.08841661,0.08841661,0.91158339,1.0,True,0.07278523397844457,1960.3300923598904,1960.3300923598904,2352.3961108318686,142.68308444740046,392.0660184719781
9->3,9,3,401,394,2.0,0.13726393,0.27452786,1.72547214,0.0,False,1.0,2417.0947822442417,2322.0523551919514,2786.4628262303418,0.0,464.4104710383903
9->4,9,4,401,395,2.0,0.14778793,0.29557586,1.70442414,1.0,True,0.04206775778067862,1479.2932203624243,1479.2932203624243,1775.1518644349092,62.23054888080651,295.8586440724849
9->6,9,6,401,397,3.0,0.13199852,0.39599556,2.6040044399999998,1.0,True,0.06580742496485538,945.6463144400582,945.6463144400582,1134.7755773280699,62.23054888080617,189.12926288801165
9->7,9,7,401,398,3.0,0.37799555,1.13398665,1.8660133499999998,0.0,False,1.0,1745.7256487816699,1745.7256487816699,2094.870778538004,0.0,349.145129756334
9->8,9,8,401,399,19.0,0.30582032,5.810586079999999,13.18941392,1.0,True,1.9109557446575812e-16,1189.8427060851402,1189.8427060851402,1427.811247302168,2.2737367544323206e-13,237.96854121702805
