origin,destination,original_origin,original_destination,demand,pi_w,protected_demand,unprotected_demand,base_80_80_covered,base_80_80_status,generation_method,pi_low_for_base_covered,pi_high_for_base_uncovered,base_solution_file
1,2,392,393,2.000000,0.85000000,1.70000000,0.30000000,0,uncovered,targeted_high_pi_for_base_uncovered_low_pi_for_base_covered,0.15000000,0.85000000,baseline_inputs/large_task3_baseline_80_80.json
1,3,392,394,8.000000,0.85000000,6.80000000,1.20000000,0,uncovered,targeted_high_pi_for_base_uncovered_low_pi_for_base_covered,0.15000000,0.85000000,baseline_inputs/large_task3_baseline_80_80.json
1,4,392,395,3.000000,0.85000000,2.55000000,0.45000000,0,uncovered,targeted_high_pi_for_base_uncovered_low_pi_for_base_covered,0.15000000,0.85000000,baseline_inputs/large_task3_baseline_80_80.json
1,5,392,396,1.000000,0.85000000,0.85000000,0.15000000,0,uncovered,targeted_high_pi_for_base_uncovered_low_pi_for_base_covered,0.15000000,0.85000000,baseline_inputs/large_task3_baseline_80_80.json
1,6,392,397,4.000000,0.85000000,3.40000000,0.60000000,0,uncovered,targeted_high_pi_for_base_uncovered_low_pi_for_base_covered,0.15000000,0.85000000,baseline_inputs/large_task3_baseline_80_80.json
1,7,392,398,3.000000,0.85000000,2.55000000,0.45000000,0,uncovered,targeted_high_pi_for_base_uncovered_low_pi_for_base_covered,0.15000000,0.85000000,baseline_inputs/large_task3_baseline_80_80.json
1,8,392,399,1.000000,0.85000000,0.85000000,0.15000000,0,uncovered,targeted_high_pi_for_base_uncovered_low_pi_for_base_covered,0.15000000,0.85000000,baseline_inputs/large_task3_baseline_80_80.json
1,9,392,401,1.000000,0.85000000,0.85000000,0.15000000,0,uncovered,targeted_high_pi_for_base_uncovered_low_pi_for_base_covered,0.15000000,0.85000000,baseline_inputs/large_task3_baseline_80_80.json
1,14,392,406,3.000000,0.85000000,2.55000000,0.45000000,0,uncovered,targeted_high_pi_for_base_uncovered_low_pi_for_base_covered,0.15000000,0.85000000,baseline_inputs/large_task3_baseline_80_80.json
1,15,392,407,2.000000,0.85000000,1.70000000,0.30000000,0,uncovered,targeted_high_pi_for_base_uncovered_low_pi_for_base_covered,0.15000000,0.85000000,baseline_inputs/large_task3_baseline_80_80.json
1,16,392,408,1.000000,0.85000000,0.85000000,0.15000000,0,uncovered,targeted_high_pi_for_base_uncovered_low_pi_for_base_covered,0.15000000,0.85000000,baseline_inputs/large_task3_baseline_80_80.json
1,17,392,409,2.000000,0.85000000,1.70000000,0.30000000,0,uncovered,targeted_high_pi_for_base_uncovered_low_pi_for_base_covered,0.15000000,0.85000000,baseline_inputs/large_task3_baseline_80_80.json
1,18,392,410,1.000000,0.85000000,0.85000000,0.15000000,0,uncovered,targeted_high_pi_for_base_uncovered_low_pi_for_base_covered,0.15000000,0.85000000,baseline_inputs/large_task3_baseline_80_80.json
1,19,392,412,1.000000,0.85000000,0.85000000,0.15000000,0,uncovered,targeted_high_pi_for_base_uncovered_low_pi_for_base_covered,0.15000000,0.85000000,baseline_inputs/large_task3_baseline_80_80.json
1,20,392,413,1.000000,0.85000000,0.85000000,0.15000000,0,uncovered,targeted_high_pi_for_base_uncovered_low_pi_for_base_covered,0.15000000,0.85000000,baseline_inputs/large_task3_baseline_80_80.json
1,24,392,417,1.000000,0.85000000,0.85000000,0.15000000,0,uncovered,targeted_high_pi_for_base_uncovered_low_pi_for_base_covered,0.15000000,0.85000000,baseline_inputs/large_task3_baseline_80_80.json
1,26,392,419,2.000000,0.85000000,1.70000000,0.30000000,0,uncovered,targeted_high_pi_for_base_uncovered_low_pi_for_base_covered,0.15000000,0.85000000,baseline_inputs/large_task3_baseline_80_80.json
1,28,392,421,2.000000,0.85000000,1.70000000,0.30000000,0,uncovered,targeted_high_pi_for_base_uncovered_low_pi_for_base_covered,0.15000000,0.85000000,baseline_inputs/large_task3_baseline_80_80.json
1,29,392,423,1.000000,0.85000000,0.85000000,0.15000000,0,uncovered,targeted_high_pi_for_base_uncovered_low_pi_for_base_covered,0.15000000,0.85000000,baseline_inputs/large_task3_baseline_80_80.json
2,1,393,392,3.000000,0.85000000,2.55000000,0.45000000,0,uncovered,targeted_high_pi_for_base_uncovered_low_pi_for_base_covered,0.15000000,0.85000000,baseline_inputs/large_task3_baseline_80_80.json
2,3,393,394,5.000000,0.85000000,4.25000000,0.75000000,0,uncovered,targeted_high_pi_for_base_uncovered_low_pi_for_base_covered,0.15000000,0.85000000,baseline_inputs/large_task3_baseline_80_80.json
2,4,393,395,5.000000,0.15000000,0.75000000,4.25000000,1,covered,targeted_high_pi_for_base_uncovered_low_pi_for_base_covered,0.15000000,0.85000000,baseline_inputs/large_task3_baseline_80_80.json
2,5,393,396,5.000000,0.15000000,0.75000000,4.25000000,1,covered,targeted_high_pi_for_base_uncovered_low_pi_for_base_covered,0.15000000,0.85000000,baseline_inputs/large_task3_baseline_80_80.json
2,6,393,397,11.000000,0.15000000,1.65000000,9.35000000,1,covered,targeted_high_pi_for_base_uncovered_low_pi_for_base_covered,0.15000000,0.85000000,baseline_inputs/large_task3_baseline_80_80.json
2,7,393,398,7.000000,0.85000000,5.95000000,1.05000000,0,uncovered,targeted_high_pi_for_base_uncovered_low_pi_for_base_covered,0.15000000,0.85000000,baseline_inputs/large_task3_baseline_80_80.json
2,8,393,399,8.000000,0.15000000,1.20000000,6.80000000,1,covered,targeted_high_pi_for_base_uncovered_low_pi_for_base_covered,0.15000000,0.85000000,baseline_inputs/large_task3_baseline_80_80.json
2,9,393,401,5.000000,0.15000000,0.75000000,4.25000000,1,covered,targeted_high_pi_for_base_uncovered_low_pi_for_base_covered,0.15000000,0.85000000,baseline_inputs/large_task3_baseline_80_80.json
2,10,393,402,2.000000,0.85000000,1.70000000,0.30000000,0,uncovered,targeted_high_pi_for_base_uncovered_low_pi_for_base_covered,0.15000000,0.85000000,baseline_inputs/large_task3_baseline_80_80.json
2,11,393,403,1.000000,0.85000000,0.85000000,0.15000000,0,uncovered,targeted_high_pi_for_base_uncovered_low_pi_for_base_covered,0.15000000,0.85000000,baseline_inputs/large_task3_baseline_80_80.json
2,12,393,404,3.000000,0.15000000,0.45000000,2.55000000,1,covered,targeted_high_pi_for_base_uncovered_low_pi_for_base_covered,0.15000000,0.85000000,baseline_inputs/large_task3_baseline_80_80.json
2,13,393,405,5.000000,0.15000000,0.75000000,4.25000000,1,covered,targeted_high_pi_for_base_uncovered_low_pi_for_base_covered,0.15000000,0.85000000,baseline_inputs/large_task3_baseline_80_80.json
2,14,393,406,3.000000,0.15000000,0.45000000,2.55000000,1,covered,targeted_high_pi_for_base_uncovered_low_pi_for_base_covered,0.15000000,0.85000000,baseline_inputs/large_task3_baseline_80_80.json
2,16,393,408,1.000000,0.85000000,0.85000000,0.15000000,0,uncovered,targeted_high_pi_for_base_uncovered_low_pi_for_base_covered,0.15000000,0.85000000,baseline_inputs/large_task3_baseline_80_80.json
2,17,393,409,2.000000,0.15000000,0.30000000,1.70000000,1,covered,targeted_high_pi_for_base_uncovered_low_pi_for_base_covered,0.15000000,0.85000000,baseline_inputs/large_task3_baseline_80_80.json
2,18,393,410,2.000000,0.85000000,1.70000000,0.30000000,0,uncovered,targeted_high_pi_for_base_uncovered_low_pi_for_base_covered,0.15000000,0.85000000,baseline_inputs/large_task3_baseline_80_80.json
2,19,393,412,8.000000,0.15000000,1.20000000,6.80000000,1,covered,targeted_high_pi_for_base_uncovered_low_pi_for_base_covered,0.15000000,0.85000000,baseline_inputs/large_task3_baseline_80_80.json
2,20,393,413,9.000000,0.15000000,1.35000000,7.65000000,1,covered,targeted_high_pi_for_base_uncovered_low_pi_for_base_covered,0.15000000,0.85000000,baseline_inputs/large_task3_baseline_80_80.json
2,21,393,414,1.000000,0.15000000,0.15000000,0.85000000,1,covered,targeted_high_pi_for_base_uncovered_low_pi_for_base_covered,0.15000000,0.85000000,baseline_inputs/large_task3_baseline_80_80.json
2,22,393,415,1.000000,0.15000000,0.15000000,0.85000000,1,covered,targeted_high_pi_for_base_uncovered_low_pi_for_base_covered,0.15000000,0.85000000,baseline_inputs/large_task3_baseline_80_80.json
2,26,393,419,8.000000,0.15000000,1.20000000,6.80000000,1,covered,targeted_high_pi_for_base_uncovered_low_pi_for_base_covered,0.15000000,0.85000000,baseline_inputs/large_task3_baseline_80_80.json
2,27,393,420,1.000000,0.85000000,0.85000000,0.15000000,0,uncovered,targeted_high_pi_for_base_uncovered_low_pi_for_base_covered,0.15000000,0.85000000,baseline_inputs/large_task3_baseline_80_80.json
2,28,393,421,1.000000,0.15000000,0.15000000,0.85000000,1,covered,targeted_high_pi_for_base_uncovered_low_pi_for_base_covered,0.15000000,0.85000000,baseline_inputs/large_task3_baseline_80_80.json
2,29,393,423,1.000000,0.15000000,0.15000000,0.85000000,1,covered,targeted_high_pi_for_base_uncovered_low_pi_for_base_covered,0.15000000,0.85000000,baseline_inputs/large_task3_baseline_80_80.json
3,1,394,392,8.000000,0.85000000,6.80000000,1.20000000,0,uncovered,targeted_high_pi_for_base_uncovered_low_pi_for_base_covered,0.15000000,0.85000000,baseline_inputs/large_task3_baseline_80_80.json
3,2,394,393,8.000000,0.15000000,1.20000000,6.80000000,1,covered,targeted_high_pi_for_base_uncovered_low_pi_for_base_covered,0.15000000,0.85000000,baseline_inputs/large_task3_baseline_80_80.json
3,4,394,395,12.000000,0.15000000,1.80000000,10.20000000,1,covered,targeted_high_pi_for_base_uncovered_low_pi_for_base_covered,0.15000000,0.85000000,baseline_inputs/large_task3_baseline_80_80.json
3,5,394,396,3.000000,0.15000000,0.45000000,2.55000000,1,covered,targeted_high_pi_for_base_uncovered_low_pi_for_base_covered,0.15000000,0.85000000,baseline_inputs/large_task3_baseline_80_80.json
3,6,394,397,21.000000,0.15000000,3.15000000,17.85000000,1,covered,targeted_high_pi_for_base_uncovered_low_pi_for_base_covered,0.15000000,0.85000000,baseline_inputs/large_task3_baseline_80_80.json
3,7,394,398,24.000000,0.15000000,3.60000000,20.40000000,1,covered,targeted_high_pi_for_base_uncovered_low_pi_for_base_covered,0.15000000,0.85000000,baseline_inputs/large_task3_baseline_80_80.json
3,8,394,399,12.000000,0.15000000,1.80000000,10.20000000,1,covered,targeted_high_pi_for_base_uncovered_low_pi_for_base_covered,0.15000000,0.85000000,baseline_inputs/large_task3_baseline_80_80.json
3,9,394,401,2.000000,0.85000000,1.70000000,0.30000000,0,uncovered,targeted_high_pi_for_base_uncovered_low_pi_for_base_covered,0.15000000,0.85000000,baseline_inputs/large_task3_baseline_80_80.json
3,10,394,402,2.000000,0.85000000,1.70000000,0.30000000,0,uncovered,targeted_high_pi_for_base_uncovered_low_pi_for_base_covered,0.15000000,0.85000000,baseline_inputs/large_task3_baseline_80_80.json
3,11,394,403,1.000000,0.15000000,0.15000000,0.85000000,1,covered,targeted_high_pi_for_base_uncovered_low_pi_for_base_covered,0.15000000,0.85000000,baseline_inputs/large_task3_baseline_80_80.json
3,12,394,404,1.000000,0.85000000,0.85000000,0.15000000,0,uncovered,targeted_high_pi_for_base_uncovered_low_pi_for_base_covered,0.15000000,0.85000000,baseline_inputs/large_task3_baseline_80_80.json
3,13,394,405,2.000000,0.85000000,1.70000000,0.30000000,0,uncovered,targeted_high_pi_for_base_uncovered_low_pi_for_base_covered,0.15000000,0.85000000,baseline_inputs/large_task3_baseline_80_80.json
3,16,394,408,1.000000,0.15000000,0.15000000,0.85000000,1,covered,targeted_high_pi_for_base_uncovered_low_pi_for_base_covered,0.15000000,0.85000000,baseline_inputs/large_task3_baseline_80_80.json
3,17,394,409,2.000000,0.15000000,0.30000000,1.70000000,1,covered,targeted_high_pi_for_base_uncovered_low_pi_for_base_covered,0.15000000,0.85000000,baseline_inputs/large_task3_baseline_80_80.json
3,18,394,410,1.000000,0.15000000,0.15000000,0.85000000,1,covered,targeted_high_pi_for_base_uncovered_low_pi_for_base_covered,0.15000000,0.85000000,baseline_inputs/large_task3_baseline_80_80.json
3,19,394,412,4.000000,0.15000000,0.60000000,3.40000000,1,covered,targeted_high_pi_for_base_uncovered_low_pi_for_base_covered,0.15000000,0.85000000,baseline_inputs/large_task3_baseline_80_80.json
3,20,394,413,7.000000,0.15000000,1.05000000,5.95000000,1,covered,targeted_high_pi_for_base_uncovered_low_pi_for_base_covered,0.15000000,0.85000000,baseline_inputs/large_task3_baseline_80_80.json
3,21,394,414,1.000000,0.85000000,0.85000000,0.15000000,0,uncovered,targeted_high_pi_for_base_uncovered_low_pi_for_base_covered,0.15000000,0.85000000,baseline_inputs/large_task3_baseline_80_80.json
3,25,394,418,3.000000,0.85000000,2.55000000,0.45000000,0,uncovered,targeted_high_pi_for_base_uncovered_low_pi_for_base_covered,0.15000000,0.85000000,baseline_inputs/large_task3_baseline_80_80.json
3,26,394,419,5.000000,0.85000000,4.25000000,0.75000000,0,uncovered,targeted_high_pi_for_base_uncovered_low_pi_for_base_covered,0.15000000,0.85000000,baseline_inputs/large_task3_baseline_80_80.json
3,27,394,420,1.000000,0.85000000,0.85000000,0.15000000,0,uncovered,targeted_high_pi_for_base_uncovered_low_pi_for_base_covered,0.15000000,0.85000000,baseline_inputs/large_task3_baseline_80_80.json
3,28,394,421,5.000000,0.85000000,4.25000000,0.75000000,0,uncovered,targeted_high_pi_for_base_uncovered_low_pi_for_base_covered,0.15000000,0.85000000,baseline_inputs/large_task3_baseline_80_80.json
3,29,394,423,1.000000,0.85000000,0.85000000,0.15000000,0,uncovered,targeted_high_pi_for_base_uncovered_low_pi_for_base_covered,0.15000000,0.85000000,baseline_inputs/large_task3_baseline_80_80.json
4,1,395,392,2.000000,0.85000000,1.70000000,0.30000000,0,uncovered,targeted_high_pi_for_base_uncovered_low_pi_for_base_covered,0.15000000,0.85000000,baseline_inputs/large_task3_baseline_80_80.json
4,2,395,393,4.000000,0.15000000,0.60000000,3.40000000,1,covered,targeted_high_pi_for_base_uncovered_low_pi_for_base_covered,0.15000000,0.85000000,baseline_inputs/large_task3_baseline_80_80.json
4,3,395,394,10.000000,0.15000000,1.50000000,8.50000000,1,covered,targeted_high_pi_for_base_uncovered_low_pi_for_base_covered,0.15000000,0.85000000,baseline_inputs/large_task3_baseline_80_80.json
4,5,395,396,10.000000,0.15000000,1.50000000,8.50000000,1,covered,targeted_high_pi_for_base_uncovered_low_pi_for_base_covered,0.15000000,0.85000000,baseline_inputs/large_task3_baseline_80_80.json
4,6,395,397,19.000000,0.15000000,2.85000000,16.15000000,1,covered,targeted_high_pi_for_base_uncovered_low_pi_for_base_covered,0.15000000,0.85000000,baseline_inputs/large_task3_baseline_80_80.json
4,7,395,398,7.000000,0.15000000,1.05000000,5.95000000,1,covered,targeted_high_pi_for_base_uncovered_low_pi_for_base_covered,0.15000000,0.85000000,baseline_inputs/large_task3_baseline_80_80.json
4,8,395,399,14.000000,0.15000000,2.10000000,11.90000000,1,covered,targeted_high_pi_for_base_uncovered_low_pi_for_base_covered,0.15000000,0.85000000,baseline_inputs/large_task3_baseline_80_80.json
4,9,395,401,2.000000,0.15000000,0.30000000,1.70000000,1,covered,targeted_high_pi_for_base_uncovered_low_pi_for_base_covered,0.15000000,0.85000000,baseline_inputs/large_task3_baseline_80_80.json
4,10,395,402,4.000000,0.15000000,0.60000000,3.40000000,1,covered,targeted_high_pi_for_base_uncovered_low_pi_for_base_covered,0.15000000,0.85000000,baseline_inputs/large_task3_baseline_80_80.json
4,11,395,403,2.000000,0.15000000,0.30000000,1.70000000,1,covered,targeted_high_pi_for_base_uncovered_low_pi_for_base_covered,0.15000000,0.85000000,baseline_inputs/large_task3_baseline_80_80.json
4,12,395,404,3.000000,0.15000000,0.45000000,2.55000000,1,covered,targeted_high_pi_for_base_uncovered_low_pi_for_base_covered,0.15000000,0.85000000,baseline_inputs/large_task3_baseline_80_80.json
4,13,395,405,5.000000,0.15000000,0.75000000,4.25000000,1,covered,targeted_high_pi_for_base_uncovered_low_pi_for_base_covered,0.15000000,0.85000000,baseline_inputs/large_task3_baseline_80_80.json
4,14,395,406,8.000000,0.15000000,1.20000000,6.80000000,1,covered,targeted_high_pi_for_base_uncovered_low_pi_for_base_covered,0.15000000,0.85000000,baseline_inputs/large_task3_baseline_80_80.json
4,15,395,407,3.000000,0.15000000,0.45000000,2.55000000,1,covered,targeted_high_pi_for_base_uncovered_low_pi_for_base_covered,0.15000000,0.85000000,baseline_inputs/large_task3_baseline_80_80.json
4,16,395,408,2.000000,0.85000000,1.70000000,0.30000000,0,uncovered,targeted_high_pi_for_base_uncovered_low_pi_for_base_covered,0.15000000,0.85000000,baseline_inputs/large_task3_baseline_80_80.json
4,17,395,409,5.000000,0.15000000,0.75000000,4.25000000,1,covered,targeted_high_pi_for_base_uncovered_low_pi_for_base_covered,0.15000000,0.85000000,baseline_inputs/large_task3_baseline_80_80.json
4,18,395,410,6.000000,0.15000000,0.90000000,5.10000000,1,covered,targeted_high_pi_for_base_uncovered_low_pi_for_base_covered,0.15000000,0.85000000,baseline_inputs/large_task3_baseline_80_80.json
4,19,395,412,8.000000,0.15000000,1.20000000,6.80000000,1,covered,targeted_high_pi_for_base_uncovered_low_pi_for_base_covered,0.15000000,0.85000000,baseline_inputs/large_task3_baseline_80_80.json
4,20,395,413,8.000000,0.15000000,1.20000000,6.80000000,1,covered,targeted_high_pi_for_base_uncovered_low_pi_for_base_covered,0.15000000,0.85000000,baseline_inputs/large_task3_baseline_80_80.json
4,21,395,414,2.000000,0.15000000,0.30000000,1.70000000,1,covered,targeted_high_pi_for_base_uncovered_low_pi_for_base_covered,0.15000000,0.85000000,baseline_inputs/large_task3_baseline_80_80.json
4,22,395,415,1.000000,0.85000000,0.85000000,0.15000000,0,uncovered,targeted_high_pi_for_base_uncovered_low_pi_for_base_covered,0.15000000,0.85000000,baseline_inputs/large_task3_baseline_80_80.json
4,23,395,416,1.000000,0.85000000,0.85000000,0.15000000,0,uncovered,targeted_high_pi_for_base_uncovered_low_pi_for_base_covered,0.15000000,0.85000000,baseline_inputs/large_task3_baseline_80_80.json
4,24,395,417,1.000000,0.85000000,0.85000000,0.15000000,0,uncovered,targeted_high_pi_for_base_uncovered_low_pi_for_base_covered,0.15000000,0.85000000,baseline_inputs/large_task3_baseline_80_80.json
4,26,395,419,5.000000,0.15000000,0.75000000,4.25000000,1,covered,targeted_high_pi_for_base_uncovered_low_pi_for_base_covered,0.15000000,0.85000000,baseline_inputs/large_task3_baseline_80_80.json
4,27,395,420,3.000000,0.85000000,2.55000000,0.45000000,0,uncovered,targeted_high_pi_for_base_uncovered_low_pi_for_base_covered,0.15000000,0.85000000,baseline_inputs/large_task3_baseline_80_80.json
4,28,395,421,3.000000,0.85000000,2.55000000,0.45000000,0,uncovered,targeted_high_pi_for_base_uncovered_low_pi_for_base_covered,0.15000000,0.85000000,baseline_inputs/large_task3_baseline_80_80.json
4,29,395,423,6.000000,0.15000000,0.90000000,5.10000000,1,covered,targeted_high_pi_for_base_uncovered_low_pi_for_base_covered,0.15000000,0.85000000,baseline_inputs/large_task3_baseline_80_80.json
4,30,395,424,1.000000,0.85000000,0.85000000,0.15000000,0,uncovered,targeted_high_pi_for_base_uncovered_low_pi_for_base_covered,0.15000000,0.85000000,baseline_inputs/large_task3_baseline_80_80.json
5,2,396,393,4.000000,0.15000000,0.60000000,3.40000000,1,covered,targeted_high_pi_for_base_uncovered_low_pi_for_base_covered,0.15000000,0.85000000,baseline_inputs/large_task3_baseline_80_80.json
5,3,396,394,5.000000,0.15000000,0.75000000,4.25000000,1,covered,targeted_high_pi_for_base_uncovered_low_pi_for_base_covered,0.15000000,0.85000000,baseline_inputs/large_task3_baseline_80_80.json
5,4,396,395,10.000000,0.15000000,1.50000000,8.50000000,1,covered,targeted_high_pi_for_base_uncovered_low_pi_for_base_covered,0.15000000,0.85000000,baseline_inputs/large_task3_baseline_80_80.json
5,6,396,397,20.000000,0.15000000,3.00000000,17.00000000,1,covered,targeted_high_pi_for_base_uncovered_low_pi_for_base_covered,0.15000000,0.85000000,baseline_inputs/large_task3_baseline_80_80.json
5,7,396,398,15.000000,0.15000000,2.25000000,12.75000000,1,covered,targeted_high_pi_for_base_uncovered_low_pi_for_base_covered,0.15000000,0.85000000,baseline_inputs/large_task3_baseline_80_80.json
5,8,396,399,13.000000,0.15000000,1.95000000,11.05000000,1,covered,targeted_high_pi_for_base_uncovered_low_pi_for_base_covered,0.15000000,0.85000000,baseline_inputs/large_task3_baseline_80_80.json
5,9,396,401,1.000000,0.85000000,0.85000000,0.15000000,0,uncovered,targeted_high_pi_for_base_uncovered_low_pi_for_base_covered,0.15000000,0.85000000,baseline_inputs/large_task3_baseline_80_80.json
5,10,396,402,1.000000,0.15000000,0.15000000,0.85000000,1,covered,targeted_high_pi_for_base_uncovered_low_pi_for_base_covered,0.15000000,0.85000000,baseline_inputs/large_task3_baseline_80_80.json
5,11,396,403,2.000000,0.15000000,0.30000000,1.70000000,1,covered,targeted_high_pi_for_base_uncovered_low_pi_for_base_covered,0.15000000,0.85000000,baseline_inputs/large_task3_baseline_80_80.json
5,12,396,404,3.000000,0.15000000,0.45000000,2.55000000,1,covered,targeted_high_pi_for_base_uncovered_low_pi_for_base_covered,0.15000000,0.85000000,baseline_inputs/large_task3_baseline_80_80.json
5,13,396,405,40.000000,0.15000000,6.00000000,34.00000000,1,covered,targeted_high_pi_for_base_uncovered_low_pi_for_base_covered,0.15000000,0.85000000,baseline_inputs/large_task3_baseline_80_80.json
5,14,396,406,13.000000,0.15000000,1.95000000,11.05000000,1,covered,targeted_high_pi_for_base_uncovered_low_pi_for_base_covered,0.15000000,0.85000000,baseline_inputs/large_task3_baseline_80_80.json
5,15,396,407,6.000000,0.15000000,0.90000000,5.10000000,1,covered,targeted_high_pi_for_base_uncovered_low_pi_for_base_covered,0.15000000,0.85000000,baseline_inputs/large_task3_baseline_80_80.json
5,16,396,408,4.000000,0.15000000,0.60000000,3.40000000,1,covered,targeted_high_pi_for_base_uncovered_low_pi_for_base_covered,0.15000000,0.85000000,baseline_inputs/large_task3_baseline_80_80.json
5,17,396,409,4.000000,0.15000000,0.60000000,3.40000000,1,covered,targeted_high_pi_for_base_uncovered_low_pi_for_base_covered,0.15000000,0.85000000,baseline_inputs/large_task3_baseline_80_80.json
5,18,396,410,8.000000,0.15000000,1.20000000,6.80000000,1,covered,targeted_high_pi_for_base_uncovered_low_pi_for_base_covered,0.15000000,0.85000000,baseline_inputs/large_task3_baseline_80_80.json
5,19,396,412,8.000000,0.15000000,1.20000000,6.80000000,1,covered,targeted_high_pi_for_base_uncovered_low_pi_for_base_covered,0.15000000,0.85000000,baseline_inputs/large_task3_baseline_80_80.json
5,20,396,413,7.000000,0.15000000,1.05000000,5.95000000,1,covered,targeted_high_pi_for_base_uncovered_low_pi_for_base_covered,0.15000000,0.85000000,baseline_inputs/large_task3_baseline_80_80.json
5,21,396,414,2.000000,0.15000000,0.30000000,1.70000000,1,covered,targeted_high_pi_for_base_uncovered_low_pi_for_base_covered,0.15000000,0.85000000,baseline_inputs/large_task3_baseline_80_80.json
5,22,396,415,1.000000,0.85000000,0.85000000,0.15000000,0,uncovered,targeted_high_pi_for_base_uncovered_low_pi_for_base_covered,0.15000000,0.85000000,baseline_inputs/large_task3_baseline_80_80.json
5,26,396,419,3.000000,0.15000000,0.45000000,2.55000000,1,covered,targeted_high_pi_for_base_uncovered_low_pi_for_base_covered,0.15000000,0.85000000,baseline_inputs/large_task3_baseline_80_80.json
5,27,396,420,1.000000,0.85000000,0.85000000,0.15000000,0,uncovered,targeted_high_pi_for_base_uncovered_low_pi_for_base_covered,0.15000000,0.85000000,baseline_inputs/large_task3_baseline_80_80.json
5,28,396,421,2.000000,0.15000000,0.30000000,1.70000000,1,covered,targeted_high_pi_for_base_uncovered_low_pi_for_base_covered,0.15000000,0.85000000,baseline_inputs/large_task3_baseline_80_80.json
5,29,396,423,1.000000,0.15000000,0.15000000,0.85000000,1,covered,targeted_high_pi_for_base_uncovered_low_pi_for_base_covered,0.15000000,0.85000000,baseline_inputs/large_task3_baseline_80_80.json
6,1,397,392,4.000000,0.85000000,3.40000000,0.60000000,0,uncovered,targeted_high_pi_for_base_uncovered_low_pi_for_base_covered,0.15000000,0.85000000,baseline_inputs/large_task3_baseline_80_80.json
6,2,397,393,11.000000,0.15000000,1.65000000,9.35000000,1,covered,targeted_high_pi_for_base_uncovered_low_pi_for_base_covered,0.15000000,0.85000000,baseline_inputs/large_task3_baseline_80_80.json
6,3,397,394,19.000000,0.15000000,2.85000000,16.15000000,1,covered,targeted_high_pi_for_base_uncovered_low_pi_for_base_covered,0.15000000,0.85000000,baseline_inputs/large_task3_baseline_80_80.json
6,4,397,395,26.000000,0.15000000,3.90000000,22.10000000,1,covered,targeted_high_pi_for_base_uncovered_low_pi_for_base_covered,0.15000000,0.85000000,baseline_inputs/large_task3_baseline_80_80.json
6,5,397,396,18.000000,0.15000000,2.70000000,15.30000000,1,covered,targeted_high_pi_for_base_uncovered_low_pi_for_base_covered,0.15000000,0.85000000,baseline_inputs/large_task3_baseline_80_80.json
6,7,397,398,37.000000,0.15000000,5.55000000,31.45000000,1,covered,targeted_high_pi_for_base_uncovered_low_pi_for_base_covered,0.15000000,0.85000000,baseline_inputs/large_task3_baseline_80_80.json
6,8,397,399,55.000000,0.15000000,8.25000000,46.75000000,1,covered,targeted_high_pi_for_base_uncovered_low_pi_for_base_covered,0.15000000,0.85000000,baseline_inputs/large_task3_baseline_80_80.json
6,9,397,401,5.000000,0.15000000,0.75000000,4.25000000,1,covered,targeted_high_pi_for_base_uncovered_low_pi_for_base_covered,0.15000000,0.85000000,baseline_inputs/large_task3_baseline_80_80.json
6,10,397,402,7.000000,0.15000000,1.05000000,5.95000000,1,covered,targeted_high_pi_for_base_uncovered_low_pi_for_base_covered,0.15000000,0.85000000,baseline_inputs/large_task3_baseline_80_80.json
6,11,397,403,24.000000,0.15000000,3.60000000,20.40000000,1,covered,targeted_high_pi_for_base_uncovered_low_pi_for_base_covered,0.15000000,0.85000000,baseline_inputs/large_task3_baseline_80_80.json
6,12,397,404,5.000000,0.85000000,4.25000000,0.75000000,0,uncovered,targeted_high_pi_for_base_uncovered_low_pi_for_base_covered,0.15000000,0.85000000,baseline_inputs/large_task3_baseline_80_80.json
6,13,397,405,39.000000,0.15000000,5.85000000,33.15000000,1,covered,targeted_high_pi_for_base_uncovered_low_pi_for_base_covered,0.15000000,0.85000000,baseline_inputs/large_task3_baseline_80_80.json
6,14,397,406,35.000000,0.15000000,5.25000000,29.75000000,1,covered,targeted_high_pi_for_base_uncovered_low_pi_for_base_covered,0.15000000,0.85000000,baseline_inputs/large_task3_baseline_80_80.json
6,15,397,407,13.000000,0.15000000,1.95000000,11.05000000,1,covered,targeted_high_pi_for_base_uncovered_low_pi_for_base_covered,0.15000000,0.85000000,baseline_inputs/large_task3_baseline_80_80.json
6,16,397,408,15.000000,0.15000000,2.25000000,12.75000000,1,covered,targeted_high_pi_for_base_uncovered_low_pi_for_base_covered,0.15000000,0.85000000,baseline_inputs/large_task3_baseline_80_80.json
6,17,397,409,14.000000,0.15000000,2.10000000,11.90000000,1,covered,targeted_high_pi_for_base_uncovered_low_pi_for_base_covered,0.15000000,0.85000000,baseline_inputs/large_task3_baseline_80_80.json
6,18,397,410,23.000000,0.15000000,3.45000000,19.55000000,1,covered,targeted_high_pi_for_base_uncovered_low_pi_for_base_covered,0.15000000,0.85000000,baseline_inputs/large_task3_baseline_80_80.json
6,19,397,412,15.000000,0.15000000,2.25000000,12.75000000,1,covered,targeted_high_pi_for_base_uncovered_low_pi_for_base_covered,0.15000000,0.85000000,baseline_inputs/large_task3_baseline_80_80.json
6,20,397,413,10.000000,0.15000000,1.50000000,8.50000000,1,covered,targeted_high_pi_for_base_uncovered_low_pi_for_base_covered,0.15000000,0.85000000,baseline_inputs/large_task3_baseline_80_80.json
6,21,397,414,1.000000,0.15000000,0.15000000,0.85000000,1,covered,targeted_high_pi_for_base_uncovered_low_pi_for_base_covered,0.15000000,0.85000000,baseline_inputs/large_task3_baseline_80_80.json
6,22,397,415,3.000000,0.15000000,0.45000000,2.55000000,1,covered,targeted_high_pi_for_base_uncovered_low_pi_for_base_covered,0.15000000,0.85000000,baseline_inputs/large_task3_baseline_80_80.json
6,23,397,416,1.000000,0.85000000,0.85000000,0.15000000,0,uncovered,targeted_high_pi_for_base_uncovered_low_pi_for_base_covered,0.15000000,0.85000000,baseline_inputs/large_task3_baseline_80_80.json
6,24,397,417,1.000000,0.85000000,0.85000000,0.15000000,0,uncovered,targeted_high_pi_for_base_uncovered_low_pi_for_base_covered,0.15000000,0.85000000,baseline_inputs/large_task3_baseline_80_80.json
6,25,397,418,1.000000,0.85000000,0.85000000,0.15000000,0,uncovered,targeted_high_pi_for_base_uncovered_low_pi_for_base_covered,0.15000000,0.85000000,baseline_inputs/large_task3_baseline_80_80.json
6,26,397,419,5.000000,0.15000000,0.75000000,4.25000000,1,covered,targeted_high_pi_for_base_uncovered_low_pi_for_base_covered,0.15000000,0.85000000,baseline_inputs/large_task3_baseline_80_80.json
6,27,397,420,2.000000,0.85000000,1.70000000,0.30000000,0,uncovered,targeted_high_pi_for_base_uncovered_low_pi_for_base_covered,0.15000000,0.85000000,baseline_inputs/large_task3_baseline_80_80.json
6,28,397,421,4.000000,0.15000000,0.60000000,3.40000000,1,covered,targeted_high_pi_for_base_uncovered_low_pi_for_base_covered,0.15000000,0.85000000,baseline_inputs/large_task3_baseline_80_80.json
6,29,397,423,5.000000,0.15000000,0.75000000,4.25000000,1,covered,targeted_high_pi_for_base_uncovered_low_pi_for_base_covered,0.15000000,0.85000000,baseline_inputs/large_task3_baseline_80_80.json
6,30,397,424,3.000000,0.85000000,2.55000000,0.45000000,0,uncovered,targeted_high_pi_for_base_uncovered_low_pi_for_base_covered,0.15000000,0.85000000,baseline_inputs/large_task3_baseline_80_80.json
7,1,398,392,2.000000,0.85000000,1.70000000,0.30000000,0,uncovered,targeted_high_pi_for_base_uncovered_low_pi_for_base_covered,0.15000000,0.85000000,baseline_inputs/large_task3_baseline_80_80.json
7,2,398,393,5.000000,0.85000000,4.25000000,0.75000000,0,uncovered,targeted_high_pi_for_base_uncovered_low_pi_for_base_covered,0.15000000,0.85000000,baseline_inputs/large_task3_baseline_80_80.json
7,3,398,394,24.000000,0.15000000,3.60000000,20.40000000,1,covered,targeted_high_pi_for_base_uncovered_low_pi_for_base_covered,0.15000000,0.85000000,baseline_inputs/large_task3_baseline_80_80.json
7,4,398,395,9.000000,0.15000000,1.35000000,7.65000000,1,covered,targeted_high_pi_for_base_uncovered_low_pi_for_base_covered,0.15000000,0.85000000,baseline_inputs/large_task3_baseline_80_80.json
7,5,398,396,16.000000,0.15000000,2.40000000,13.60000000,1,covered,targeted_high_pi_for_base_uncovered_low_pi_for_base_covered,0.15000000,0.85000000,baseline_inputs/large_task3_baseline_80_80.json
7,6,398,397,29.000000,0.15000000,4.35000000,24.65000000,1,covered,targeted_high_pi_for_base_uncovered_low_pi_for_base_covered,0.15000000,0.85000000,baseline_inputs/large_task3_baseline_80_80.json
7,8,398,399,37.000000,0.15000000,5.55000000,31.45000000,1,covered,targeted_high_pi_for_base_uncovered_low_pi_for_base_covered,0.15000000,0.85000000,baseline_inputs/large_task3_baseline_80_80.json
7,9,398,401,2.000000,0.85000000,1.70000000,0.30000000,0,uncovered,targeted_high_pi_for_base_uncovered_low_pi_for_base_covered,0.15000000,0.85000000,baseline_inputs/large_task3_baseline_80_80.json
7,10,398,402,5.000000,0.15000000,0.75000000,4.25000000,1,covered,targeted_high_pi_for_base_uncovered_low_pi_for_base_covered,0.15000000,0.85000000,baseline_inputs/large_task3_baseline_80_80.json
7,11,398,403,3.000000,0.85000000,2.55000000,0.45000000,0,uncovered,targeted_high_pi_for_base_uncovered_low_pi_for_base_covered,0.15000000,0.85000000,baseline_inputs/large_task3_baseline_80_80.json
7,12,398,404,2.000000,0.15000000,0.30000000,1.70000000,1,covered,targeted_high_pi_for_base_uncovered_low_pi_for_base_covered,0.15000000,0.85000000,baseline_inputs/large_task3_baseline_80_80.json
7,13,398,405,7.000000,0.15000000,1.05000000,5.95000000,1,covered,targeted_high_pi_for_base_uncovered_low_pi_for_base_covered,0.15000000,0.85000000,baseline_inputs/large_task3_baseline_80_80.json
7,14,398,406,9.000000,0.15000000,1.35000000,7.65000000,1,covered,targeted_high_pi_for_base_uncovered_low_pi_for_base_covered,0.15000000,0.85000000,baseline_inputs/large_task3_baseline_80_80.json
7,15,398,407,4.000000,0.15000000,0.60000000,3.40000000,1,covered,targeted_high_pi_for_base_uncovered_low_pi_for_base_covered,0.15000000,0.85000000,baseline_inputs/large_task3_baseline_80_80.json
7,16,398,408,2.000000,0.85000000,1.70000000,0.30000000,0,uncovered,targeted_high_pi_for_base_uncovered_low_pi_for_base_covered,0.15000000,0.85000000,baseline_inputs/large_task3_baseline_80_80.json
7,17,398,409,2.000000,0.15000000,0.30000000,1.70000000,1,covered,targeted_high_pi_for_base_uncovered_low_pi_for_base_covered,0.15000000,0.85000000,baseline_inputs/large_task3_baseline_80_80.json
7,18,398,410,8.000000,0.15000000,1.20000000,6.80000000,1,covered,targeted_high_pi_for_base_uncovered_low_pi_for_base_covered,0.15000000,0.85000000,baseline_inputs/large_task3_baseline_80_80.json
7,19,398,412,5.000000,0.15000000,0.75000000,4.25000000,1,covered,targeted_high_pi_for_base_uncovered_low_pi_for_base_covered,0.15000000,0.85000000,baseline_inputs/large_task3_baseline_80_80.json
7,20,398,413,11.000000,0.85000000,9.35000000,1.65000000,0,uncovered,targeted_high_pi_for_base_uncovered_low_pi_for_base_covered,0.15000000,0.85000000,baseline_inputs/large_task3_baseline_80_80.json
7,21,398,414,1.000000,0.15000000,0.15000000,0.85000000,1,covered,targeted_high_pi_for_base_uncovered_low_pi_for_base_covered,0.15000000,0.85000000,baseline_inputs/large_task3_baseline_80_80.json
7,22,398,415,1.000000,0.85000000,0.85000000,0.15000000,0,uncovered,targeted_high_pi_for_base_uncovered_low_pi_for_base_covered,0.15000000,0.85000000,baseline_inputs/large_task3_baseline_80_80.json
7,26,398,419,3.000000,0.15000000,0.45000000,2.55000000,1,covered,targeted_high_pi_for_base_uncovered_low_pi_for_base_covered,0.15000000,0.85000000,baseline_inputs/large_task3_baseline_80_80.json
7,27,398,420,1.000000,0.85000000,0.85000000,0.15000000,0,uncovered,targeted_high_pi_for_base_uncovered_low_pi_for_base_covered,0.15000000,0.85000000,baseline_inputs/large_task3_baseline_80_80.json
7,28,398,421,4.000000,0.15000000,0.60000000,3.40000000,1,covered,targeted_high_pi_for_base_uncovered_low_pi_for_base_covered,0.15000000,0.85000000,baseline_inputs/large_task3_baseline_80_80.json
7,29,398,423,1.000000,0.85000000,0.85000000,0.15000000,0,uncovered,targeted_high_pi_for_base_uncovered_low_pi_for_base_covered,0.15000000,0.85000000,baseline_inputs/large_task3_baseline_80_80.json
7,30,398,424,2.000000,0.85000000,1.70000000,0.30000000,0,uncovered,targeted_high_pi_for_base_uncovered_low_pi_for_base_covered,0.15000000,0.85000000,baseline_inputs/large_task3_baseline_80_80.json
8,1,399,392,2.000000,0.85000000,1.70000000,0.30000000,0,uncovered,targeted_high_pi_for_base_uncovered_low_pi_for_base_covered,0.15000000,0.85000000,baseline_inputs/large_task3_baseline_80_80.json
8,2,399,393,8.000000,0.15000000,1.20000000,6.80000000,1,covered,targeted_high_pi_for_base_uncovered_low_pi_for_base_covered,0.15000000,0.85000000,baseline_inputs/large_task3_baseline_80_80.json
8,3,399,394,12.000000,0.15000000,1.80000000,10.20000000,1,covered,targeted_high_pi_for_base_uncovered_low_pi_for_base_covered,0.15000000,0.85000000,baseline_inputs/large_task3_baseline_80_80.json
8,4,399,395,12.000000,0.15000000,1.80000000,10.20000000,1,covered,targeted_high_pi_for_base_uncovered_low_pi_for_base_covered,0.15000000,0.85000000,baseline_inputs/large_task3_baseline_80_80.json
8,5,399,396,12.000000,0.15000000,1.80000000,10.20000000,1,covered,targeted_high_pi_for_base_uncovered_low_pi_for_base_covered,0.15000000,0.85000000,baseline_inputs/large_task3_baseline_80_80.json
8,6,399,397,42.000000,0.15000000,6.30000000,35.70000000,1,covered,targeted_high_pi_for_base_uncovered_low_pi_for_base_covered,0.15000000,0.85000000,baseline_inputs/large_task3_baseline_80_80.json
8,7,399,398,35.000000,0.15000000,5.25000000,29.75000000,1,covered,targeted_high_pi_for_base_uncovered_low_pi_for_base_covered,0.15000000,0.85000000,baseline_inputs/large_task3_baseline_80_80.json
8,9,399,401,25.000000,0.15000000,3.75000000,21.25000000,1,covered,targeted_high_pi_for_base_uncovered_low_pi_for_base_covered,0.15000000,0.85000000,baseline_inputs/large_task3_baseline_80_80.json
8,10,399,402,38.000000,0.15000000,5.70000000,32.30000000,1,covered,targeted_high_pi_for_base_uncovered_low_pi_for_base_covered,0.15000000,0.85000000,baseline_inputs/large_task3_baseline_80_80.json
8,11,399,403,29.000000,0.15000000,4.35000000,24.65000000,1,covered,targeted_high_pi_for_base_uncovered_low_pi_for_base_covered,0.15000000,0.85000000,baseline_inputs/large_task3_baseline_80_80.json
8,12,399,404,14.000000,0.85000000,11.90000000,2.10000000,0,uncovered,targeted_high_pi_for_base_uncovered_low_pi_for_base_covered,0.15000000,0.85000000,baseline_inputs/large_task3_baseline_80_80.json
8,13,399,405,14.000000,0.15000000,2.10000000,11.90000000,1,covered,targeted_high_pi_for_base_uncovered_low_pi_for_base_covered,0.15000000,0.85000000,baseline_inputs/large_task3_baseline_80_80.json
8,14,399,406,21.000000,0.15000000,3.15000000,17.85000000,1,covered,targeted_high_pi_for_base_uncovered_low_pi_for_base_covered,0.15000000,0.85000000,baseline_inputs/large_task3_baseline_80_80.json
8,15,399,407,4.000000,0.15000000,0.60000000,3.40000000,1,covered,targeted_high_pi_for_base_uncovered_low_pi_for_base_covered,0.15000000,0.85000000,baseline_inputs/large_task3_baseline_80_80.json
8,16,399,408,8.000000,0.15000000,1.20000000,6.80000000,1,covered,targeted_high_pi_for_base_uncovered_low_pi_for_base_covered,0.15000000,0.85000000,baseline_inputs/large_task3_baseline_80_80.json
8,17,399,409,5.000000,0.85000000,4.25000000,0.75000000,0,uncovered,targeted_high_pi_for_base_uncovered_low_pi_for_base_covered,0.15000000,0.85000000,baseline_inputs/large_task3_baseline_80_80.json
8,18,399,410,11.000000,0.15000000,1.65000000,9.35000000,1,covered,targeted_high_pi_for_base_uncovered_low_pi_for_base_covered,0.15000000,0.85000000,baseline_inputs/large_task3_baseline_80_80.json
8,19,399,412,14.000000,0.15000000,2.10000000,11.90000000,1,covered,targeted_high_pi_for_base_uncovered_low_pi_for_base_covered,0.15000000,0.85000000,baseline_inputs/large_task3_baseline_80_80.json
8,20,399,413,21.000000,0.15000000,3.15000000,17.85000000,1,covered,targeted_high_pi_for_base_uncovered_low_pi_for_base_covered,0.15000000,0.85000000,baseline_inputs/large_task3_baseline_80_80.json
8,21,399,414,4.000000,0.15000000,0.60000000,3.40000000,1,covered,targeted_high_pi_for_base_uncovered_low_pi_for_base_covered,0.15000000,0.85000000,baseline_inputs/large_task3_baseline_80_80.json
8,22,399,415,2.000000,0.85000000,1.70000000,0.30000000,0,uncovered,targeted_high_pi_for_base_uncovered_low_pi_for_base_covered,0.15000000,0.85000000,baseline_inputs/large_task3_baseline_80_80.json
8,23,399,416,1.000000,0.85000000,0.85000000,0.15000000,0,uncovered,targeted_high_pi_for_base_uncovered_low_pi_for_base_covered,0.15000000,0.85000000,baseline_inputs/large_task3_baseline_80_80.json
8,24,399,417,1.000000,0.85000000,0.85000000,0.15000000,0,uncovered,targeted_high_pi_for_base_uncovered_low_pi_for_base_covered,0.15000000,0.85000000,baseline_inputs/large_task3_baseline_80_80.json
8,25,399,418,1.000000,0.85000000,0.85000000,0.15000000,0,uncovered,targeted_high_pi_for_base_uncovered_low_pi_for_base_covered,0.15000000,0.85000000,baseline_inputs/large_task3_baseline_80_80.json
8,26,399,419,7.000000,0.85000000,5.95000000,1.05000000,0,uncovered,targeted_high_pi_for_base_uncovered_low_pi_for_base_covered,0.15000000,0.85000000,baseline_inputs/large_task3_baseline_80_80.json
8,27,399,420,4.000000,0.85000000,3.40000000,0.60000000,0,uncovered,targeted_high_pi_for_base_uncovered_low_pi_for_base_covered,0.15000000,0.85000000,baseline_inputs/large_task3_baseline_80_80.json
8,28,399,421,6.000000,0.15000000,0.90000000,5.10000000,1,covered,targeted_high_pi_for_base_uncovered_low_pi_for_base_covered,0.15000000,0.85000000,baseline_inputs/large_task3_baseline_80_80.json
8,29,399,423,2.000000,0.15000000,0.30000000,1.70000000,1,covered,targeted_high_pi_for_base_uncovered_low_pi_for_base_covered,0.15000000,0.85000000,baseline_inputs/large_task3_baseline_80_80.json
9,1,401,392,1.000000,0.85000000,0.85000000,0.15000000,0,uncovered,targeted_high_pi_for_base_uncovered_low_pi_for_base_covered,0.15000000,0.85000000,baseline_inputs/large_task3_baseline_80_80.json
9,2,401,393,4.000000,0.85000000,3.40000000,0.60000000,0,uncovered,targeted_high_pi_for_base_uncovered_low_pi_for_base_covered,0.15000000,0.85000000,baseline_inputs/large_task3_baseline_80_80.json
9,3,401,394,2.000000,0.85000000,1.70000000,0.30000000,0,uncovered,targeted_high_pi_for_base_uncovered_low_pi_for_base_covered,0.15000000,0.85000000,baseline_inputs/large_task3_baseline_80_80.json
9,4,401,395,2.000000,0.15000000,0.30000000,1.70000000,1,covered,targeted_high_pi_for_base_uncovered_low_pi_for_base_covered,0.15000000,0.85000000,baseline_inputs/large_task3_baseline_80_80.json
9,6,401,397,3.000000,0.15000000,0.45000000,2.55000000,1,covered,targeted_high_pi_for_base_uncovered_low_pi_for_base_covered,0.15000000,0.85000000,baseline_inputs/large_task3_baseline_80_80.json
9,7,401,398,3.000000,0.85000000,2.55000000,0.45000000,0,uncovered,targeted_high_pi_for_base_uncovered_low_pi_for_base_covered,0.15000000,0.85000000,baseline_inputs/large_task3_baseline_80_80.json
9,8,401,399,19.000000,0.15000000,2.85000000,16.15000000,1,covered,targeted_high_pi_for_base_uncovered_low_pi_for_base_covered,0.15000000,0.85000000,baseline_inputs/large_task3_baseline_80_80.json
9,10,401,402,7.000000,0.15000000,1.05000000,5.95000000,1,covered,targeted_high_pi_for_base_uncovered_low_pi_for_base_covered,0.15000000,0.85000000,baseline_inputs/large_task3_baseline_80_80.json
9,11,401,403,12.000000,0.15000000,1.80000000,10.20000000,1,covered,targeted_high_pi_for_base_uncovered_low_pi_for_base_covered,0.15000000,0.85000000,baseline_inputs/large_task3_baseline_80_80.json
9,12,401,404,2.000000,0.15000000,0.30000000,1.70000000,1,covered,targeted_high_pi_for_base_uncovered_low_pi_for_base_covered,0.15000000,0.85000000,baseline_inputs/large_task3_baseline_80_80.json
9,13,401,405,4.000000,0.85000000,3.40000000,0.60000000,0,uncovered,targeted_high_pi_for_base_uncovered_low_pi_for_base_covered,0.15000000,0.85000000,baseline_inputs/large_task3_baseline_80_80.json
9,14,401,406,4.000000,0.85000000,3.40000000,0.60000000,0,uncovered,targeted_high_pi_for_base_uncovered_low_pi_for_base_covered,0.15000000,0.85000000,baseline_inputs/large_task3_baseline_80_80.json
9,15,401,407,1.000000,0.15000000,0.15000000,0.85000000,1,covered,targeted_high_pi_for_base_uncovered_low_pi_for_base_covered,0.15000000,0.85000000,baseline_inputs/large_task3_baseline_80_80.json
9,16,401,408,6.000000,0.85000000,5.10000000,0.90000000,0,uncovered,targeted_high_pi_for_base_uncovered_low_pi_for_base_covered,0.15000000,0.85000000,baseline_inputs/large_task3_baseline_80_80.json
9,17,401,409,1.000000,0.15000000,0.15000000,0.85000000,1,covered,targeted_high_pi_for_base_uncovered_low_pi_for_base_covered,0.15000000,0.85000000,baseline_inputs/large_task3_baseline_80_80.json
9,18,401,410,2.000000,0.15000000,0.30000000,1.70000000,1,covered,targeted_high_pi_for_base_uncovered_low_pi_for_base_covered,0.15000000,0.85000000,baseline_inputs/large_task3_baseline_80_80.json
9,19,401,412,2.000000,0.15000000,0.30000000,1.70000000,1,covered,targeted_high_pi_for_base_uncovered_low_pi_for_base_covered,0.15000000,0.85000000,baseline_inputs/large_task3_baseline_80_80.json
9,20,401,413,1.000000,0.15000000,0.15000000,0.85000000,1,covered,targeted_high_pi_for_base_uncovered_low_pi_for_base_covered,0.15000000,0.85000000,baseline_inputs/large_task3_baseline_80_80.json
9,21,401,414,1.000000,0.85000000,0.85000000,0.15000000,0,uncovered,targeted_high_pi_for_base_uncovered_low_pi_for_base_covered,0.15000000,0.85000000,baseline_inputs/large_task3_baseline_80_80.json
9,26,401,419,1.000000,0.85000000,0.85000000,0.15000000,0,uncovered,targeted_high_pi_for_base_uncovered_low_pi_for_base_covered,0.15000000,0.85000000,baseline_inputs/large_task3_baseline_80_80.json
9,28,401,421,1.000000,0.15000000,0.15000000,0.85000000,1,covered,targeted_high_pi_for_base_uncovered_low_pi_for_base_covered,0.15000000,0.85000000,baseline_inputs/large_task3_baseline_80_80.json
10,2,402,393,2.000000,0.85000000,1.70000000,0.30000000,0,uncovered,targeted_high_pi_for_base_uncovered_low_pi_for_base_covered,0.15000000,0.85000000,baseline_inputs/large_task3_baseline_80_80.json
10,3,402,394,2.000000,0.85000000,1.70000000,0.30000000,0,uncovered,targeted_high_pi_for_base_uncovered_low_pi_for_base_covered,0.15000000,0.85000000,baseline_inputs/large_task3_baseline_80_80.json
10,4,402,395,2.000000,0.15000000,0.30000000,1.70000000,1,covered,targeted_high_pi_for_base_uncovered_low_pi_for_base_covered,0.15000000,0.85000000,baseline_inputs/large_task3_baseline_80_80.json
10,5,402,396,3.000000,0.15000000,0.45000000,2.55000000,1,covered,targeted_high_pi_for_base_uncovered_low_pi_for_base_covered,0.15000000,0.85000000,baseline_inputs/large_task3_baseline_80_80.json
10,6,402,397,7.000000,0.15000000,1.05000000,5.95000000,1,covered,targeted_high_pi_for_base_uncovered_low_pi_for_base_covered,0.15000000,0.85000000,baseline_inputs/large_task3_baseline_80_80.json
10,7,402,398,3.000000,0.85000000,2.55000000,0.45000000,0,uncovered,targeted_high_pi_for_base_uncovered_low_pi_for_base_covered,0.15000000,0.85000000,baseline_inputs/large_task3_baseline_80_80.json
10,8,402,399,35.000000,0.15000000,5.25000000,29.75000000,1,covered,targeted_high_pi_for_base_uncovered_low_pi_for_base_covered,0.15000000,0.85000000,baseline_inputs/large_task3_baseline_80_80.json
10,9,402,401,8.000000,0.15000000,1.20000000,6.80000000,1,covered,targeted_high_pi_for_base_uncovered_low_pi_for_base_covered,0.15000000,0.85000000,baseline_inputs/large_task3_baseline_80_80.json
10,11,402,403,35.000000,0.15000000,5.25000000,29.75000000,1,covered,targeted_high_pi_for_base_uncovered_low_pi_for_base_covered,0.15000000,0.85000000,baseline_inputs/large_task3_baseline_80_80.json
10,12,402,404,23.000000,0.15000000,3.45000000,19.55000000,1,covered,targeted_high_pi_for_base_uncovered_low_pi_for_base_covered,0.15000000,0.85000000,baseline_inputs/large_task3_baseline_80_80.json
10,13,402,405,14.000000,0.15000000,2.10000000,11.90000000,1,covered,targeted_high_pi_for_base_uncovered_low_pi_for_base_covered,0.15000000,0.85000000,baseline_inputs/large_task3_baseline_80_80.json
10,14,402,406,18.000000,0.85000000,15.30000000,2.70000000,0,uncovered,targeted_high_pi_for_base_uncovered_low_pi_for_base_covered,0.15000000,0.85000000,baseline_inputs/large_task3_baseline_80_80.json
10,15,402,407,3.000000,0.85000000,2.55000000,0.45000000,0,uncovered,targeted_high_pi_for_base_uncovered_low_pi_for_base_covered,0.15000000,0.85000000,baseline_inputs/large_task3_baseline_80_80.json
10,16,402,408,4.000000,0.85000000,3.40000000,0.60000000,0,uncovered,targeted_high_pi_for_base_uncovered_low_pi_for_base_covered,0.15000000,0.85000000,baseline_inputs/large_task3_baseline_80_80.json
10,17,402,409,1.000000,0.85000000,0.85000000,0.15000000,0,uncovered,targeted_high_pi_for_base_uncovered_low_pi_for_base_covered,0.15000000,0.85000000,baseline_inputs/large_task3_baseline_80_80.json
10,18,402,410,4.000000,0.15000000,0.60000000,3.40000000,1,covered,targeted_high_pi_for_base_uncovered_low_pi_for_base_covered,0.15000000,0.85000000,baseline_inputs/large_task3_baseline_80_80.json
10,19,402,412,3.000000,0.15000000,0.45000000,2.55000000,1,covered,targeted_high_pi_for_base_uncovered_low_pi_for_base_covered,0.15000000,0.85000000,baseline_inputs/large_task3_baseline_80_80.json
10,20,402,413,5.000000,0.15000000,0.75000000,4.25000000,1,covered,targeted_high_pi_for_base_uncovered_low_pi_for_base_covered,0.15000000,0.85000000,baseline_inputs/large_task3_baseline_80_80.json
10,21,402,414,2.000000,0.85000000,1.70000000,0.30000000,0,uncovered,targeted_high_pi_for_base_uncovered_low_pi_for_base_covered,0.15000000,0.85000000,baseline_inputs/large_task3_baseline_80_80.json
10,22,402,415,4.000000,0.85000000,3.40000000,0.60000000,0,uncovered,targeted_high_pi_for_base_uncovered_low_pi_for_base_covered,0.15000000,0.85000000,baseline_inputs/large_task3_baseline_80_80.json
10,23,402,416,1.000000,0.85000000,0.85000000,0.15000000,0,uncovered,targeted_high_pi_for_base_uncovered_low_pi_for_base_covered,0.15000000,0.85000000,baseline_inputs/large_task3_baseline_80_80.json
10,25,402,418,1.000000,0.85000000,0.85000000,0.15000000,0,uncovered,targeted_high_pi_for_base_uncovered_low_pi_for_base_covered,0.15000000,0.85000000,baseline_inputs/large_task3_baseline_80_80.json
10,26,402,419,7.000000,0.85000000,5.95000000,1.05000000,0,uncovered,targeted_high_pi_for_base_uncovered_low_pi_for_base_covered,0.15000000,0.85000000,baseline_inputs/large_task3_baseline_80_80.json
10,27,402,420,3.000000,0.85000000,2.55000000,0.45000000,0,uncovered,targeted_high_pi_for_base_uncovered_low_pi_for_base_covered,0.15000000,0.85000000,baseline_inputs/large_task3_baseline_80_80.json
10,28,402,421,2.000000,0.85000000,1.70000000,0.30000000,0,uncovered,targeted_high_pi_for_base_uncovered_low_pi_for_base_covered,0.15000000,0.85000000,baseline_inputs/large_task3_baseline_80_80.json
11,2,403,393,3.000000,0.15000000,0.45000000,2.55000000,1,covered,targeted_high_pi_for_base_uncovered_low_pi_for_base_covered,0.15000000,0.85000000,baseline_inputs/large_task3_baseline_80_80.json
11,3,403,394,2.000000,0.15000000,0.30000000,1.70000000,1,covered,targeted_high_pi_for_base_uncovered_low_pi_for_base_covered,0.15000000,0.85000000,baseline_inputs/large_task3_baseline_80_80.json
11,4,403,395,3.000000,0.15000000,0.45000000,2.55000000,1,covered,targeted_high_pi_for_base_uncovered_low_pi_for_base_covered,0.15000000,0.85000000,baseline_inputs/large_task3_baseline_80_80.json
11,5,403,396,1.000000,0.15000000,0.15000000,0.85000000,1,covered,targeted_high_pi_for_base_uncovered_low_pi_for_base_covered,0.15000000,0.85000000,baseline_inputs/large_task3_baseline_80_80.json
11,6,403,397,12.000000,0.15000000,1.80000000,10.20000000,1,covered,targeted_high_pi_for_base_uncovered_low_pi_for_base_covered,0.15000000,0.85000000,baseline_inputs/large_task3_baseline_80_80.json
11,8,403,399,36.000000,0.15000000,5.40000000,30.60000000,1,covered,targeted_high_pi_for_base_uncovered_low_pi_for_base_covered,0.15000000,0.85000000,baseline_inputs/large_task3_baseline_80_80.json
11,9,403,401,9.000000,0.15000000,1.35000000,7.65000000,1,covered,targeted_high_pi_for_base_uncovered_low_pi_for_base_covered,0.15000000,0.85000000,baseline_inputs/large_task3_baseline_80_80.json
11,10,403,402,37.000000,0.15000000,5.55000000,31.45000000,1,covered,targeted_high_pi_for_base_uncovered_low_pi_for_base_covered,0.15000000,0.85000000,baseline_inputs/large_task3_baseline_80_80.json
11,12,403,404,39.000000,0.15000000,5.85000000,33.15000000,1,covered,targeted_high_pi_for_base_uncovered_low_pi_for_base_covered,0.15000000,0.85000000,baseline_inputs/large_task3_baseline_80_80.json
11,13,403,405,23.000000,0.15000000,3.45000000,19.55000000,1,covered,targeted_high_pi_for_base_uncovered_low_pi_for_base_covered,0.15000000,0.85000000,baseline_inputs/large_task3_baseline_80_80.json
11,14,403,406,24.000000,0.15000000,3.60000000,20.40000000,1,covered,targeted_high_pi_for_base_uncovered_low_pi_for_base_covered,0.15000000,0.85000000,baseline_inputs/large_task3_baseline_80_80.json
11,15,403,407,2.000000,0.15000000,0.30000000,1.70000000,1,covered,targeted_high_pi_for_base_uncovered_low_pi_for_base_covered,0.15000000,0.85000000,baseline_inputs/large_task3_baseline_80_80.json
11,16,403,408,3.000000,0.85000000,2.55000000,0.45000000,0,uncovered,targeted_high_pi_for_base_uncovered_low_pi_for_base_covered,0.15000000,0.85000000,baseline_inputs/large_task3_baseline_80_80.json
11,17,403,409,3.000000,0.15000000,0.45000000,2.55000000,1,covered,targeted_high_pi_for_base_uncovered_low_pi_for_base_covered,0.15000000,0.85000000,baseline_inputs/large_task3_baseline_80_80.json
11,18,403,410,4.000000,0.15000000,0.60000000,3.40000000,1,covered,targeted_high_pi_for_base_uncovered_low_pi_for_base_covered,0.15000000,0.85000000,baseline_inputs/large_task3_baseline_80_80.json
11,19,403,412,3.000000,0.15000000,0.45000000,2.55000000,1,covered,targeted_high_pi_for_base_uncovered_low_pi_for_base_covered,0.15000000,0.85000000,baseline_inputs/large_task3_baseline_80_80.json
11,20,403,413,5.000000,0.15000000,0.75000000,4.25000000,1,covered,targeted_high_pi_for_base_uncovered_low_pi_for_base_covered,0.15000000,0.85000000,baseline_inputs/large_task3_baseline_80_80.json
11,21,403,414,3.000000,0.85000000,2.55000000,0.45000000,0,uncovered,targeted_high_pi_for_base_uncovered_low_pi_for_base_covered,0.15000000,0.85000000,baseline_inputs/large_task3_baseline_80_80.json
11,22,403,415,5.000000,0.85000000,4.25000000,0.75000000,0,uncovered,targeted_high_pi_for_base_uncovered_low_pi_for_base_covered,0.15000000,0.85000000,baseline_inputs/large_task3_baseline_80_80.json
11,23,403,416,2.000000,0.85000000,1.70000000,0.30000000,0,uncovered,targeted_high_pi_for_base_uncovered_low_pi_for_base_covered,0.15000000,0.85000000,baseline_inputs/large_task3_baseline_80_80.json
11,26,403,419,4.000000,0.85000000,3.40000000,0.60000000,0,uncovered,targeted_high_pi_for_base_uncovered_low_pi_for_base_covered,0.15000000,0.85000000,baseline_inputs/large_task3_baseline_80_80.json
11,27,403,420,1.000000,0.85000000,0.85000000,0.15000000,0,uncovered,targeted_high_pi_for_base_uncovered_low_pi_for_base_covered,0.15000000,0.85000000,baseline_inputs/large_task3_baseline_80_80.json
11,28,403,421,1.000000,0.85000000,0.85000000,0.15000000,0,uncovered,targeted_high_pi_for_base_uncovered_low_pi_for_base_covered,0.15000000,0.85000000,baseline_inputs/large_task3_baseline_80_80.json
12,2,404,393,5.000000,0.15000000,0.75000000,4.25000000,1,covered,targeted_high_pi_for_base_uncovered_low_pi_for_base_covered,0.15000000,0.85000000,baseline_inputs/large_task3_baseline_80_80.json
12,4,404,395,3.000000,0.15000000,0.45000000,2.55000000,1,covered,targeted_high_pi_for_base_uncovered_low_pi_for_base_covered,0.15000000,0.85000000,baseline_inputs/large_task3_baseline_80_80.json
12,5,404,396,3.000000,0.15000000,0.45000000,2.55000000,1,covered,targeted_high_pi_for_base_uncovered_low_pi_for_base_covered,0.15000000,0.85000000,baseline_inputs/large_task3_baseline_80_80.json
12,6,404,397,9.000000,0.85000000,7.65000000,1.35000000,0,uncovered,targeted_high_pi_for_base_uncovered_low_pi_for_base_covered,0.15000000,0.85000000,baseline_inputs/large_task3_baseline_80_80.json
12,7,404,398,2.000000,0.15000000,0.30000000,1.70000000,1,covered,targeted_high_pi_for_base_uncovered_low_pi_for_base_covered,0.15000000,0.85000000,baseline_inputs/large_task3_baseline_80_80.json
12,8,404,399,16.000000,0.15000000,2.40000000,13.60000000,1,covered,targeted_high_pi_for_base_uncovered_low_pi_for_base_covered,0.15000000,0.85000000,baseline_inputs/large_task3_baseline_80_80.json
12,9,404,401,4.000000,0.15000000,0.60000000,3.40000000,1,covered,targeted_high_pi_for_base_uncovered_low_pi_for_base_covered,0.15000000,0.85000000,baseline_inputs/large_task3_baseline_80_80.json
12,10,404,402,27.000000,0.15000000,4.05000000,22.95000000,1,covered,targeted_high_pi_for_base_uncovered_low_pi_for_base_covered,0.15000000,0.85000000,baseline_inputs/large_task3_baseline_80_80.json
12,11,404,403,50.000000,0.15000000,7.50000000,42.50000000,1,covered,targeted_high_pi_for_base_uncovered_low_pi_for_base_covered,0.15000000,0.85000000,baseline_inputs/large_task3_baseline_80_80.json
12,13,404,405,31.000000,0.15000000,4.65000000,26.35000000,1,covered,targeted_high_pi_for_base_uncovered_low_pi_for_base_covered,0.15000000,0.85000000,baseline_inputs/large_task3_baseline_80_80.json
12,14,404,406,25.000000,0.15000000,3.75000000,21.25000000,1,covered,targeted_high_pi_for_base_uncovered_low_pi_for_base_covered,0.15000000,0.85000000,baseline_inputs/large_task3_baseline_80_80.json
12,15,404,407,5.000000,0.85000000,4.25000000,0.75000000,0,uncovered,targeted_high_pi_for_base_uncovered_low_pi_for_base_covered,0.15000000,0.85000000,baseline_inputs/large_task3_baseline_80_80.json
12,16,404,408,1.000000,0.85000000,0.85000000,0.15000000,0,uncovered,targeted_high_pi_for_base_uncovered_low_pi_for_base_covered,0.15000000,0.85000000,baseline_inputs/large_task3_baseline_80_80.json
12,17,404,409,5.000000,0.15000000,0.75000000,4.25000000,1,covered,targeted_high_pi_for_base_uncovered_low_pi_for_base_covered,0.15000000,0.85000000,baseline_inputs/large_task3_baseline_80_80.json
12,18,404,410,4.000000,0.15000000,0.60000000,3.40000000,1,covered,targeted_high_pi_for_base_uncovered_low_pi_for_base_covered,0.15000000,0.85000000,baseline_inputs/large_task3_baseline_80_80.json
12,19,404,412,6.000000,0.15000000,0.90000000,5.10000000,1,covered,targeted_high_pi_for_base_uncovered_low_pi_for_base_covered,0.15000000,0.85000000,baseline_inputs/large_task3_baseline_80_80.json
12,20,404,413,3.000000,0.15000000,0.45000000,2.55000000,1,covered,targeted_high_pi_for_base_uncovered_low_pi_for_base_covered,0.15000000,0.85000000,baseline_inputs/large_task3_baseline_80_80.json
12,21,404,414,2.000000,0.15000000,0.30000000,1.70000000,1,covered,targeted_high_pi_for_base_uncovered_low_pi_for_base_covered,0.15000000,0.85000000,baseline_inputs/large_task3_baseline_80_80.json
12,22,404,415,2.000000,0.15000000,0.30000000,1.70000000,1,covered,targeted_high_pi_for_base_uncovered_low_pi_for_base_covered,0.15000000,0.85000000,baseline_inputs/large_task3_baseline_80_80.json
12,23,404,416,6.000000,0.85000000,5.10000000,0.90000000,0,uncovered,targeted_high_pi_for_base_uncovered_low_pi_for_base_covered,0.15000000,0.85000000,baseline_inputs/large_task3_baseline_80_80.json
12,24,404,417,1.000000,0.85000000,0.85000000,0.15000000,0,uncovered,targeted_high_pi_for_base_uncovered_low_pi_for_base_covered,0.15000000,0.85000000,baseline_inputs/large_task3_baseline_80_80.json
12,26,404,419,9.000000,0.15000000,1.35000000,7.65000000,1,covered,targeted_high_pi_for_base_uncovered_low_pi_for_base_covered,0.15000000,0.85000000,baseline_inputs/large_task3_baseline_80_80.json
12,27,404,420,1.000000,0.85000000,0.85000000,0.15000000,0,uncovered,targeted_high_pi_for_base_uncovered_low_pi_for_base_covered,0.15000000,0.85000000,baseline_inputs/large_task3_baseline_80_80.json
12,28,404,421,1.000000,0.85000000,0.85000000,0.15000000,0,uncovered,targeted_high_pi_for_base_uncovered_low_pi_for_base_covered,0.15000000,0.85000000,baseline_inputs/large_task3_baseline_80_80.json
13,2,405,393,1.000000,0.15000000,0.15000000,0.85000000,1,covered,targeted_high_pi_for_base_uncovered_low_pi_for_base_covered,0.15000000,0.85000000,baseline_inputs/large_task3_baseline_80_80.json
13,3,405,394,1.000000,0.85000000,0.85000000,0.15000000,0,uncovered,targeted_high_pi_for_base_uncovered_low_pi_for_base_covered,0.15000000,0.85000000,baseline_inputs/large_task3_baseline_80_80.json
13,4,405,395,3.000000,0.15000000,0.45000000,2.55000000,1,covered,targeted_high_pi_for_base_uncovered_low_pi_for_base_covered,0.15000000,0.85000000,baseline_inputs/large_task3_baseline_80_80.json
13,5,405,396,18.000000,0.15000000,2.70000000,15.30000000,1,covered,targeted_high_pi_for_base_uncovered_low_pi_for_base_covered,0.15000000,0.85000000,baseline_inputs/large_task3_baseline_80_80.json
13,6,405,397,22.000000,0.15000000,3.30000000,18.70000000,1,covered,targeted_high_pi_for_base_uncovered_low_pi_for_base_covered,0.15000000,0.85000000,baseline_inputs/large_task3_baseline_80_80.json
13,7,405,398,4.000000,0.15000000,0.60000000,3.40000000,1,covered,targeted_high_pi_for_base_uncovered_low_pi_for_base_covered,0.15000000,0.85000000,baseline_inputs/large_task3_baseline_80_80.json
13,8,405,399,15.000000,0.15000000,2.25000000,12.75000000,1,covered,targeted_high_pi_for_base_uncovered_low_pi_for_base_covered,0.15000000,0.85000000,baseline_inputs/large_task3_baseline_80_80.json
13,9,405,401,2.000000,0.15000000,0.30000000,1.70000000,1,covered,targeted_high_pi_for_base_uncovered_low_pi_for_base_covered,0.15000000,0.85000000,baseline_inputs/large_task3_baseline_80_80.json
13,10,405,402,13.000000,0.15000000,1.95000000,11.05000000,1,covered,targeted_high_pi_for_base_uncovered_low_pi_for_base_covered,0.15000000,0.85000000,baseline_inputs/large_task3_baseline_80_80.json
13,11,405,403,26.000000,0.15000000,3.90000000,22.10000000,1,covered,targeted_high_pi_for_base_uncovered_low_pi_for_base_covered,0.15000000,0.85000000,baseline_inputs/large_task3_baseline_80_80.json
13,12,405,404,32.000000,0.15000000,4.80000000,27.20000000,1,covered,targeted_high_pi_for_base_uncovered_low_pi_for_base_covered,0.15000000,0.85000000,baseline_inputs/large_task3_baseline_80_80.json
13,14,405,406,29.000000,0.15000000,4.35000000,24.65000000,1,covered,targeted_high_pi_for_base_uncovered_low_pi_for_base_covered,0.15000000,0.85000000,baseline_inputs/large_task3_baseline_80_80.json
13,15,405,407,18.000000,0.15000000,2.70000000,15.30000000,1,covered,targeted_high_pi_for_base_uncovered_low_pi_for_base_covered,0.15000000,0.85000000,baseline_inputs/large_task3_baseline_80_80.json
13,16,405,408,11.000000,0.15000000,1.65000000,9.35000000,1,covered,targeted_high_pi_for_base_uncovered_low_pi_for_base_covered,0.15000000,0.85000000,baseline_inputs/large_task3_baseline_80_80.json
13,17,405,409,7.000000,0.15000000,1.05000000,5.95000000,1,covered,targeted_high_pi_for_base_uncovered_low_pi_for_base_covered,0.15000000,0.85000000,baseline_inputs/large_task3_baseline_80_80.json
13,18,405,410,26.000000,0.15000000,3.90000000,22.10000000,1,covered,targeted_high_pi_for_base_uncovered_low_pi_for_base_covered,0.15000000,0.85000000,baseline_inputs/large_task3_baseline_80_80.json
13,19,405,412,8.000000,0.15000000,1.20000000,6.80000000,1,covered,targeted_high_pi_for_base_uncovered_low_pi_for_base_covered,0.15000000,0.85000000,baseline_inputs/large_task3_baseline_80_80.json
13,20,405,413,5.000000,0.15000000,0.75000000,4.25000000,1,covered,targeted_high_pi_for_base_uncovered_low_pi_for_base_covered,0.15000000,0.85000000,baseline_inputs/large_task3_baseline_80_80.json
13,21,405,414,4.000000,0.85000000,3.40000000,0.60000000,0,uncovered,targeted_high_pi_for_base_uncovered_low_pi_for_base_covered,0.15000000,0.85000000,baseline_inputs/large_task3_baseline_80_80.json
13,22,405,415,6.000000,0.15000000,0.90000000,5.10000000,1,covered,targeted_high_pi_for_base_uncovered_low_pi_for_base_covered,0.15000000,0.85000000,baseline_inputs/large_task3_baseline_80_80.json
13,23,405,416,12.000000,0.85000000,10.20000000,1.80000000,0,uncovered,targeted_high_pi_for_base_uncovered_low_pi_for_base_covered,0.15000000,0.85000000,baseline_inputs/large_task3_baseline_80_80.json
13,24,405,417,1.000000,0.85000000,0.85000000,0.15000000,0,uncovered,targeted_high_pi_for_base_uncovered_low_pi_for_base_covered,0.15000000,0.85000000,baseline_inputs/large_task3_baseline_80_80.json
13,25,405,418,1.000000,0.85000000,0.85000000,0.15000000,0,uncovered,targeted_high_pi_for_base_uncovered_low_pi_for_base_covered,0.15000000,0.85000000,baseline_inputs/large_task3_baseline_80_80.json
13,26,405,419,4.000000,0.15000000,0.60000000,3.40000000,1,covered,targeted_high_pi_for_base_uncovered_low_pi_for_base_covered,0.15000000,0.85000000,baseline_inputs/large_task3_baseline_80_80.json
13,27,405,420,1.000000,0.85000000,0.85000000,0.15000000,0,uncovered,targeted_high_pi_for_base_uncovered_low_pi_for_base_covered,0.15000000,0.85000000,baseline_inputs/large_task3_baseline_80_80.json
13,28,405,421,1.000000,0.85000000,0.85000000,0.15000000,0,uncovered,targeted_high_pi_for_base_uncovered_low_pi_for_base_covered,0.15000000,0.85000000,baseline_inputs/large_task3_baseline_80_80.json
14,1,406,392,2.000000,0.85000000,1.70000000,0.30000000,0,uncovered,targeted_high_pi_for_base_uncovered_low_pi_for_base_covered,0.15000000,0.85000000,baseline_inputs/large_task3_baseline_80_80.json
14,2,406,393,3.000000,0.15000000,0.45000000,2.55000000,1,covered,targeted_high_pi_for_base_uncovered_low_pi_for_base_covered,0.15000000,0.85000000,baseline_inputs/large_task3_baseline_80_80.json
14,3,406,394,1.000000,0.85000000,0.85000000,0.15000000,0,uncovered,targeted_high_pi_for_base_uncovered_low_pi_for_base_covered,0.15000000,0.85000000,baseline_inputs/large_task3_baseline_80_80.json
14,4,406,395,5.000000,0.15000000,0.75000000,4.25000000,1,covered,targeted_high_pi_for_base_uncovered_low_pi_for_base_covered,0.15000000,0.85000000,baseline_inputs/large_task3_baseline_80_80.json
14,5,406,396,10.000000,0.15000000,1.50000000,8.50000000,1,covered,targeted_high_pi_for_base_uncovered_low_pi_for_base_covered,0.15000000,0.85000000,baseline_inputs/large_task3_baseline_80_80.json
14,6,406,397,24.000000,0.15000000,3.60000000,20.40000000,1,covered,targeted_high_pi_for_base_uncovered_low_pi_for_base_covered,0.15000000,0.85000000,baseline_inputs/large_task3_baseline_80_80.json
14,7,406,398,8.000000,0.15000000,1.20000000,6.80000000,1,covered,targeted_high_pi_for_base_uncovered_low_pi_for_base_covered,0.15000000,0.85000000,baseline_inputs/large_task3_baseline_80_80.json
14,8,406,399,27.000000,0.15000000,4.05000000,22.95000000,1,covered,targeted_high_pi_for_base_uncovered_low_pi_for_base_covered,0.15000000,0.85000000,baseline_inputs/large_task3_baseline_80_80.json
14,9,406,401,4.000000,0.85000000,3.40000000,0.60000000,0,uncovered,targeted_high_pi_for_base_uncovered_low_pi_for_base_covered,0.15000000,0.85000000,baseline_inputs/large_task3_baseline_80_80.json
14,10,406,402,23.000000,0.85000000,19.55000000,3.45000000,0,uncovered,targeted_high_pi_for_base_uncovered_low_pi_for_base_covered,0.15000000,0.85000000,baseline_inputs/large_task3_baseline_80_80.json
14,11,406,403,24.000000,0.15000000,3.60000000,20.40000000,1,covered,targeted_high_pi_for_base_uncovered_low_pi_for_base_covered,0.15000000,0.85000000,baseline_inputs/large_task3_baseline_80_80.json
14,12,406,404,22.000000,0.15000000,3.30000000,18.70000000,1,covered,targeted_high_pi_for_base_uncovered_low_pi_for_base_covered,0.15000000,0.85000000,baseline_inputs/large_task3_baseline_80_80.json
14,13,406,405,40.000000,0.15000000,6.00000000,34.00000000,1,covered,targeted_high_pi_for_base_uncovered_low_pi_for_base_covered,0.15000000,0.85000000,baseline_inputs/large_task3_baseline_80_80.json
14,15,406,407,6.000000,0.85000000,5.10000000,0.90000000,0,uncovered,targeted_high_pi_for_base_uncovered_low_pi_for_base_covered,0.15000000,0.85000000,baseline_inputs/large_task3_baseline_80_80.json
14,16,406,408,5.000000,0.15000000,0.75000000,4.25000000,1,covered,targeted_high_pi_for_base_uncovered_low_pi_for_base_covered,0.15000000,0.85000000,baseline_inputs/large_task3_baseline_80_80.json
14,17,406,409,3.000000,0.15000000,0.45000000,2.55000000,1,covered,targeted_high_pi_for_base_uncovered_low_pi_for_base_covered,0.15000000,0.85000000,baseline_inputs/large_task3_baseline_80_80.json
14,18,406,410,12.000000,0.15000000,1.80000000,10.20000000,1,covered,targeted_high_pi_for_base_uncovered_low_pi_for_base_covered,0.15000000,0.85000000,baseline_inputs/large_task3_baseline_80_80.json
14,19,406,412,9.000000,0.15000000,1.35000000,7.65000000,1,covered,targeted_high_pi_for_base_uncovered_low_pi_for_base_covered,0.15000000,0.85000000,baseline_inputs/large_task3_baseline_80_80.json
14,20,406,413,9.000000,0.15000000,1.35000000,7.65000000,1,covered,targeted_high_pi_for_base_uncovered_low_pi_for_base_covered,0.15000000,0.85000000,baseline_inputs/large_task3_baseline_80_80.json
14,21,406,414,7.000000,0.15000000,1.05000000,5.95000000,1,covered,targeted_high_pi_for_base_uncovered_low_pi_for_base_covered,0.15000000,0.85000000,baseline_inputs/large_task3_baseline_80_80.json
14,22,406,415,17.000000,0.15000000,2.55000000,14.45000000,1,covered,targeted_high_pi_for_base_uncovered_low_pi_for_base_covered,0.15000000,0.85000000,baseline_inputs/large_task3_baseline_80_80.json
14,23,406,416,4.000000,0.85000000,3.40000000,0.60000000,0,uncovered,targeted_high_pi_for_base_uncovered_low_pi_for_base_covered,0.15000000,0.85000000,baseline_inputs/large_task3_baseline_80_80.json
14,24,406,417,3.000000,0.85000000,2.55000000,0.45000000,0,uncovered,targeted_high_pi_for_base_uncovered_low_pi_for_base_covered,0.15000000,0.85000000,baseline_inputs/large_task3_baseline_80_80.json
14,25,406,418,3.000000,0.85000000,2.55000000,0.45000000,0,uncovered,targeted_high_pi_for_base_uncovered_low_pi_for_base_covered,0.15000000,0.85000000,baseline_inputs/large_task3_baseline_80_80.json
14,26,406,419,15.000000,0.15000000,2.25000000,12.75000000,1,covered,targeted_high_pi_for_base_uncovered_low_pi_for_base_covered,0.15000000,0.85000000,baseline_inputs/large_task3_baseline_80_80.json
14,27,406,420,4.000000,0.85000000,3.40000000,0.60000000,0,uncovered,targeted_high_pi_for_base_uncovered_low_pi_for_base_covered,0.15000000,0.85000000,baseline_inputs/large_task3_baseline_80_80.json
14,28,406,421,6.000000,0.15000000,0.90000000,5.10000000,1,covered,targeted_high_pi_for_base_uncovered_low_pi_for_base_covered,0.15000000,0.85000000,baseline_inputs/large_task3_baseline_80_80.json
14,29,406,423,1.000000,0.15000000,0.15000000,0.85000000,1,covered,targeted_high_pi_for_base_uncovered_low_pi_for_base_covered,0.15000000,0.85000000,baseline_inputs/large_task3_baseline_80_80.json
14,30,406,424,1.000000,0.85000000,0.85000000,0.15000000,0,uncovered,targeted_high_pi_for_base_uncovered_low_pi_for_base_covered,0.15000000,0.85000000,baseline_inputs/large_task3_baseline_80_80.json
15,1,407,392,1.000000,0.85000000,0.85000000,0.15000000,0,uncovered,targeted_high_pi_for_base_uncovered_low_pi_for_base_covered,0.15000000,0.85000000,baseline_inputs/large_task3_baseline_80_80.json
15,3,407,394,1.000000,0.85000000,0.85000000,0.15000000,0,uncovered,targeted_high_pi_for_base_uncovered_low_pi_for_base_covered,0.15000000,0.85000000,baseline_inputs/large_task3_baseline_80_80.json
15,4,407,395,3.000000,0.15000000,0.45000000,2.55000000,1,covered,targeted_high_pi_for_base_uncovered_low_pi_for_base_covered,0.15000000,0.85000000,baseline_inputs/large_task3_baseline_80_80.json
15,5,407,396,4.000000,0.15000000,0.60000000,3.40000000,1,covered,targeted_high_pi_for_base_uncovered_low_pi_for_base_covered,0.15000000,0.85000000,baseline_inputs/large_task3_baseline_80_80.json
15,6,407,397,11.000000,0.15000000,1.65000000,9.35000000,1,covered,targeted_high_pi_for_base_uncovered_low_pi_for_base_covered,0.15000000,0.85000000,baseline_inputs/large_task3_baseline_80_80.json
15,7,407,398,5.000000,0.15000000,0.75000000,4.25000000,1,covered,targeted_high_pi_for_base_uncovered_low_pi_for_base_covered,0.15000000,0.85000000,baseline_inputs/large_task3_baseline_80_80.json
15,8,407,399,5.000000,0.15000000,0.75000000,4.25000000,1,covered,targeted_high_pi_for_base_uncovered_low_pi_for_base_covered,0.15000000,0.85000000,baseline_inputs/large_task3_baseline_80_80.json
15,9,407,401,2.000000,0.15000000,0.30000000,1.70000000,1,covered,targeted_high_pi_for_base_uncovered_low_pi_for_base_covered,0.15000000,0.85000000,baseline_inputs/large_task3_baseline_80_80.json
15,10,407,402,5.000000,0.85000000,4.25000000,0.75000000,0,uncovered,targeted_high_pi_for_base_uncovered_low_pi_for_base_covered,0.15000000,0.85000000,baseline_inputs/large_task3_baseline_80_80.json
15,11,407,403,4.000000,0.15000000,0.60000000,3.40000000,1,covered,targeted_high_pi_for_base_uncovered_low_pi_for_base_covered,0.15000000,0.85000000,baseline_inputs/large_task3_baseline_80_80.json
15,12,407,404,4.000000,0.15000000,0.60000000,3.40000000,1,covered,targeted_high_pi_for_base_uncovered_low_pi_for_base_covered,0.15000000,0.85000000,baseline_inputs/large_task3_baseline_80_80.json
15,13,407,405,26.000000,0.15000000,3.90000000,22.10000000,1,covered,targeted_high_pi_for_base_uncovered_low_pi_for_base_covered,0.15000000,0.85000000,baseline_inputs/large_task3_baseline_80_80.json
15,14,407,406,12.000000,0.15000000,1.80000000,10.20000000,1,covered,targeted_high_pi_for_base_uncovered_low_pi_for_base_covered,0.15000000,0.85000000,baseline_inputs/large_task3_baseline_80_80.json
15,16,407,408,2.000000,0.15000000,0.30000000,1.70000000,1,covered,targeted_high_pi_for_base_uncovered_low_pi_for_base_covered,0.15000000,0.85000000,baseline_inputs/large_task3_baseline_80_80.json
15,17,407,409,1.000000,0.15000000,0.15000000,0.85000000,1,covered,targeted_high_pi_for_base_uncovered_low_pi_for_base_covered,0.15000000,0.85000000,baseline_inputs/large_task3_baseline_80_80.json
15,18,407,410,3.000000,0.15000000,0.45000000,2.55000000,1,covered,targeted_high_pi_for_base_uncovered_low_pi_for_base_covered,0.15000000,0.85000000,baseline_inputs/large_task3_baseline_80_80.json
15,19,407,412,7.000000,0.15000000,1.05000000,5.95000000,1,covered,targeted_high_pi_for_base_uncovered_low_pi_for_base_covered,0.15000000,0.85000000,baseline_inputs/large_task3_baseline_80_80.json
15,20,407,413,4.000000,0.15000000,0.60000000,3.40000000,1,covered,targeted_high_pi_for_base_uncovered_low_pi_for_base_covered,0.15000000,0.85000000,baseline_inputs/large_task3_baseline_80_80.json
15,21,407,414,1.000000,0.15000000,0.15000000,0.85000000,1,covered,targeted_high_pi_for_base_uncovered_low_pi_for_base_covered,0.15000000,0.85000000,baseline_inputs/large_task3_baseline_80_80.json
15,22,407,415,1.000000,0.15000000,0.15000000,0.85000000,1,covered,targeted_high_pi_for_base_uncovered_low_pi_for_base_covered,0.15000000,0.85000000,baseline_inputs/large_task3_baseline_80_80.json
15,23,407,416,1.000000,0.85000000,0.85000000,0.15000000,0,uncovered,targeted_high_pi_for_base_uncovered_low_pi_for_base_covered,0.15000000,0.85000000,baseline_inputs/large_task3_baseline_80_80.json
15,24,407,417,2.000000,0.85000000,1.70000000,0.30000000,0,uncovered,targeted_high_pi_for_base_uncovered_low_pi_for_base_covered,0.15000000,0.85000000,baseline_inputs/large_task3_baseline_80_80.json
15,26,407,419,5.000000,0.15000000,0.75000000,4.25000000,1,covered,targeted_high_pi_for_base_uncovered_low_pi_for_base_covered,0.15000000,0.85000000,baseline_inputs/large_task3_baseline_80_80.json
15,27,407,420,1.000000,0.85000000,0.85000000,0.15000000,0,uncovered,targeted_high_pi_for_base_uncovered_low_pi_for_base_covered,0.15000000,0.85000000,baseline_inputs/large_task3_baseline_80_80.json
15,28,407,421,3.000000,0.15000000,0.45000000,2.55000000,1,covered,targeted_high_pi_for_base_uncovered_low_pi_for_base_covered,0.15000000,0.85000000,baseline_inputs/large_task3_baseline_80_80.json
16,2,408,393,1.000000,0.85000000,0.85000000,0.15000000,0,uncovered,targeted_high_pi_for_base_uncovered_low_pi_for_base_covered,0.15000000,0.85000000,baseline_inputs/large_task3_baseline_80_80.json
16,3,408,394,1.000000,0.85000000,0.85000000,0.15000000,0,uncovered,targeted_high_pi_for_base_uncovered_low_pi_for_base_covered,0.15000000,0.85000000,baseline_inputs/large_task3_baseline_80_80.json
16,4,408,395,3.000000,0.15000000,0.45000000,2.55000000,1,covered,targeted_high_pi_for_base_uncovered_low_pi_for_base_covered,0.15000000,0.85000000,baseline_inputs/large_task3_baseline_80_80.json
16,5,408,396,1.000000,0.15000000,0.15000000,0.85000000,1,covered,targeted_high_pi_for_base_uncovered_low_pi_for_base_covered,0.15000000,0.85000000,baseline_inputs/large_task3_baseline_80_80.json
16,6,408,397,6.000000,0.15000000,0.90000000,5.10000000,1,covered,targeted_high_pi_for_base_uncovered_low_pi_for_base_covered,0.15000000,0.85000000,baseline_inputs/large_task3_baseline_80_80.json
16,7,408,398,1.000000,0.85000000,0.85000000,0.15000000,0,uncovered,targeted_high_pi_for_base_uncovered_low_pi_for_base_covered,0.15000000,0.85000000,baseline_inputs/large_task3_baseline_80_80.json
16,8,408,399,9.000000,0.15000000,1.35000000,7.65000000,1,covered,targeted_high_pi_for_base_uncovered_low_pi_for_base_covered,0.15000000,0.85000000,baseline_inputs/large_task3_baseline_80_80.json
16,9,408,401,4.000000,0.85000000,3.40000000,0.60000000,0,uncovered,targeted_high_pi_for_base_uncovered_low_pi_for_base_covered,0.15000000,0.85000000,baseline_inputs/large_task3_baseline_80_80.json
16,10,408,402,3.000000,0.85000000,2.55000000,0.45000000,0,uncovered,targeted_high_pi_for_base_uncovered_low_pi_for_base_covered,0.15000000,0.85000000,baseline_inputs/large_task3_baseline_80_80.json
16,11,408,403,2.000000,0.85000000,1.70000000,0.30000000,0,uncovered,targeted_high_pi_for_base_uncovered_low_pi_for_base_covered,0.15000000,0.85000000,baseline_inputs/large_task3_baseline_80_80.json
16,12,408,404,7.000000,0.85000000,5.95000000,1.05000000,0,uncovered,targeted_high_pi_for_base_uncovered_low_pi_for_base_covered,0.15000000,0.85000000,baseline_inputs/large_task3_baseline_80_80.json
16,13,408,405,16.000000,0.15000000,2.40000000,13.60000000,1,covered,targeted_high_pi_for_base_uncovered_low_pi_for_base_covered,0.15000000,0.85000000,baseline_inputs/large_task3_baseline_80_80.json
16,14,408,406,9.000000,0.15000000,1.35000000,7.65000000,1,covered,targeted_high_pi_for_base_uncovered_low_pi_for_base_covered,0.15000000,0.85000000,baseline_inputs/large_task3_baseline_80_80.json
16,15,408,407,1.000000,0.15000000,0.15000000,0.85000000,1,covered,targeted_high_pi_for_base_uncovered_low_pi_for_base_covered,0.15000000,0.85000000,baseline_inputs/large_task3_baseline_80_80.json
16,17,408,409,2.000000,0.85000000,1.70000000,0.30000000,0,uncovered,targeted_high_pi_for_base_uncovered_low_pi_for_base_covered,0.15000000,0.85000000,baseline_inputs/large_task3_baseline_80_80.json
16,18,408,410,4.000000,0.15000000,0.60000000,3.40000000,1,covered,targeted_high_pi_for_base_uncovered_low_pi_for_base_covered,0.15000000,0.85000000,baseline_inputs/large_task3_baseline_80_80.json
16,19,408,412,5.000000,0.15000000,0.75000000,4.25000000,1,covered,targeted_high_pi_for_base_uncovered_low_pi_for_base_covered,0.15000000,0.85000000,baseline_inputs/large_task3_baseline_80_80.json
16,20,408,413,5.000000,0.15000000,0.75000000,4.25000000,1,covered,targeted_high_pi_for_base_uncovered_low_pi_for_base_covered,0.15000000,0.85000000,baseline_inputs/large_task3_baseline_80_80.json
16,21,408,414,2.000000,0.85000000,1.70000000,0.30000000,0,uncovered,targeted_high_pi_for_base_uncovered_low_pi_for_base_covered,0.15000000,0.85000000,baseline_inputs/large_task3_baseline_80_80.json
16,26,408,419,4.000000,0.15000000,0.60000000,3.40000000,1,covered,targeted_high_pi_for_base_uncovered_low_pi_for_base_covered,0.15000000,0.85000000,baseline_inputs/large_task3_baseline_80_80.json
16,27,408,420,1.000000,0.85000000,0.85000000,0.15000000,0,uncovered,targeted_high_pi_for_base_uncovered_low_pi_for_base_covered,0.15000000,0.85000000,baseline_inputs/large_task3_baseline_80_80.json
16,28,408,421,2.000000,0.85000000,1.70000000,0.30000000,0,uncovered,targeted_high_pi_for_base_uncovered_low_pi_for_base_covered,0.15000000,0.85000000,baseline_inputs/large_task3_baseline_80_80.json
16,29,408,423,1.000000,0.15000000,0.15000000,0.85000000,1,covered,targeted_high_pi_for_base_uncovered_low_pi_for_base_covered,0.15000000,0.85000000,baseline_inputs/large_task3_baseline_80_80.json
17,2,409,393,3.000000,0.15000000,0.45000000,2.55000000,1,covered,targeted_high_pi_for_base_uncovered_low_pi_for_base_covered,0.15000000,0.85000000,baseline_inputs/large_task3_baseline_80_80.json
17,3,409,394,2.000000,0.15000000,0.30000000,1.70000000,1,covered,targeted_high_pi_for_base_uncovered_low_pi_for_base_covered,0.15000000,0.85000000,baseline_inputs/large_task3_baseline_80_80.json
17,4,409,395,3.000000,0.15000000,0.45000000,2.55000000,1,covered,targeted_high_pi_for_base_uncovered_low_pi_for_base_covered,0.15000000,0.85000000,baseline_inputs/large_task3_baseline_80_80.json
17,5,409,396,5.000000,0.15000000,0.75000000,4.25000000,1,covered,targeted_high_pi_for_base_uncovered_low_pi_for_base_covered,0.15000000,0.85000000,baseline_inputs/large_task3_baseline_80_80.json
17,6,409,397,9.000000,0.15000000,1.35000000,7.65000000,1,covered,targeted_high_pi_for_base_uncovered_low_pi_for_base_covered,0.15000000,0.85000000,baseline_inputs/large_task3_baseline_80_80.json
17,7,409,398,4.000000,0.15000000,0.60000000,3.40000000,1,covered,targeted_high_pi_for_base_uncovered_low_pi_for_base_covered,0.15000000,0.85000000,baseline_inputs/large_task3_baseline_80_80.json
17,8,409,399,7.000000,0.85000000,5.95000000,1.05000000,0,uncovered,targeted_high_pi_for_base_uncovered_low_pi_for_base_covered,0.15000000,0.85000000,baseline_inputs/large_task3_baseline_80_80.json
17,9,409,401,2.000000,0.15000000,0.30000000,1.70000000,1,covered,targeted_high_pi_for_base_uncovered_low_pi_for_base_covered,0.15000000,0.85000000,baseline_inputs/large_task3_baseline_80_80.json
17,10,409,402,2.000000,0.85000000,1.70000000,0.30000000,0,uncovered,targeted_high_pi_for_base_uncovered_low_pi_for_base_covered,0.15000000,0.85000000,baseline_inputs/large_task3_baseline_80_80.json
17,11,409,403,2.000000,0.85000000,1.70000000,0.30000000,0,uncovered,targeted_high_pi_for_base_uncovered_low_pi_for_base_covered,0.15000000,0.85000000,baseline_inputs/large_task3_baseline_80_80.json
17,12,409,404,3.000000,0.15000000,0.45000000,2.55000000,1,covered,targeted_high_pi_for_base_uncovered_low_pi_for_base_covered,0.15000000,0.85000000,baseline_inputs/large_task3_baseline_80_80.json
17,13,409,405,16.000000,0.15000000,2.40000000,13.60000000,1,covered,targeted_high_pi_for_base_uncovered_low_pi_for_base_covered,0.15000000,0.85000000,baseline_inputs/large_task3_baseline_80_80.json
17,14,409,406,10.000000,0.15000000,1.50000000,8.50000000,1,covered,targeted_high_pi_for_base_uncovered_low_pi_for_base_covered,0.15000000,0.85000000,baseline_inputs/large_task3_baseline_80_80.json
17,15,409,407,1.000000,0.15000000,0.15000000,0.85000000,1,covered,targeted_high_pi_for_base_uncovered_low_pi_for_base_covered,0.15000000,0.85000000,baseline_inputs/large_task3_baseline_80_80.json
17,16,409,408,4.000000,0.85000000,3.40000000,0.60000000,0,uncovered,targeted_high_pi_for_base_uncovered_low_pi_for_base_covered,0.15000000,0.85000000,baseline_inputs/large_task3_baseline_80_80.json
17,18,409,410,4.000000,0.15000000,0.60000000,3.40000000,1,covered,targeted_high_pi_for_base_uncovered_low_pi_for_base_covered,0.15000000,0.85000000,baseline_inputs/large_task3_baseline_80_80.json
17,19,409,412,10.000000,0.15000000,1.50000000,8.50000000,1,covered,targeted_high_pi_for_base_uncovered_low_pi_for_base_covered,0.15000000,0.85000000,baseline_inputs/large_task3_baseline_80_80.json
17,20,409,413,5.000000,0.15000000,0.75000000,4.25000000,1,covered,targeted_high_pi_for_base_uncovered_low_pi_for_base_covered,0.15000000,0.85000000,baseline_inputs/large_task3_baseline_80_80.json
17,21,409,414,1.000000,0.15000000,0.15000000,0.85000000,1,covered,targeted_high_pi_for_base_uncovered_low_pi_for_base_covered,0.15000000,0.85000000,baseline_inputs/large_task3_baseline_80_80.json
17,22,409,415,2.000000,0.85000000,1.70000000,0.30000000,0,uncovered,targeted_high_pi_for_base_uncovered_low_pi_for_base_covered,0.15000000,0.85000000,baseline_inputs/large_task3_baseline_80_80.json
17,26,409,419,5.000000,0.15000000,0.75000000,4.25000000,1,covered,targeted_high_pi_for_base_uncovered_low_pi_for_base_covered,0.15000000,0.85000000,baseline_inputs/large_task3_baseline_80_80.json
17,27,409,420,1.000000,0.85000000,0.85000000,0.15000000,0,uncovered,targeted_high_pi_for_base_uncovered_low_pi_for_base_covered,0.15000000,0.85000000,baseline_inputs/large_task3_baseline_80_80.json
17,28,409,421,1.000000,0.85000000,0.85000000,0.15000000,0,uncovered,targeted_high_pi_for_base_uncovered_low_pi_for_base_covered,0.15000000,0.85000000,baseline_inputs/large_task3_baseline_80_80.json
17,29,409,423,1.000000,0.85000000,0.85000000,0.15000000,0,uncovered,targeted_high_pi_for_base_uncovered_low_pi_for_base_covered,0.15000000,0.85000000,baseline_inputs/large_task3_baseline_80_80.json
18,1,410,392,1.000000,0.85000000,0.85000000,0.15000000,0,uncovered,targeted_high_pi_for_base_uncovered_low_pi_for_base_covered,0.15000000,0.85000000,baseline_inputs/large_task3_baseline_80_80.json
18,2,410,393,3.000000,0.85000000,2.55000000,0.45000000,0,uncovered,targeted_high_pi_for_base_uncovered_low_pi_for_base_covered,0.15000000,0.85000000,baseline_inputs/large_task3_baseline_80_80.json
18,3,410,394,2.000000,0.15000000,0.30000000,1.70000000,1,covered,targeted_high_pi_for_base_uncovered_low_pi_for_base_covered,0.15000000,0.85000000,baseline_inputs/large_task3_baseline_80_80.json
18,4,410,395,4.000000,0.15000000,0.60000000,3.40000000,1,covered,targeted_high_pi_for_base_uncovered_low_pi_for_base_covered,0.15000000,0.85000000,baseline_inputs/large_task3_baseline_80_80.json
18,5,410,396,7.000000,0.15000000,1.05000000,5.95000000,1,covered,targeted_high_pi_for_base_uncovered_low_pi_for_base_covered,0.15000000,0.85000000,baseline_inputs/large_task3_baseline_80_80.json
18,6,410,397,18.000000,0.15000000,2.70000000,15.30000000,1,covered,targeted_high_pi_for_base_uncovered_low_pi_for_base_covered,0.15000000,0.85000000,baseline_inputs/large_task3_baseline_80_80.json
18,7,410,398,6.000000,0.15000000,0.90000000,5.10000000,1,covered,targeted_high_pi_for_base_uncovered_low_pi_for_base_covered,0.15000000,0.85000000,baseline_inputs/large_task3_baseline_80_80.json
18,8,410,399,15.000000,0.15000000,2.25000000,12.75000000,1,covered,targeted_high_pi_for_base_uncovered_low_pi_for_base_covered,0.15000000,0.85000000,baseline_inputs/large_task3_baseline_80_80.json
18,9,410,401,3.000000,0.15000000,0.45000000,2.55000000,1,covered,targeted_high_pi_for_base_uncovered_low_pi_for_base_covered,0.15000000,0.85000000,baseline_inputs/large_task3_baseline_80_80.json
18,10,410,402,5.000000,0.15000000,0.75000000,4.25000000,1,covered,targeted_high_pi_for_base_uncovered_low_pi_for_base_covered,0.15000000,0.85000000,baseline_inputs/large_task3_baseline_80_80.json
18,11,410,403,8.000000,0.15000000,1.20000000,6.80000000,1,covered,targeted_high_pi_for_base_uncovered_low_pi_for_base_covered,0.15000000,0.85000000,baseline_inputs/large_task3_baseline_80_80.json
18,12,410,404,6.000000,0.15000000,0.90000000,5.10000000,1,covered,targeted_high_pi_for_base_uncovered_low_pi_for_base_covered,0.15000000,0.85000000,baseline_inputs/large_task3_baseline_80_80.json
18,13,410,405,33.000000,0.15000000,4.95000000,28.05000000,1,covered,targeted_high_pi_for_base_uncovered_low_pi_for_base_covered,0.15000000,0.85000000,baseline_inputs/large_task3_baseline_80_80.json
18,14,410,406,18.000000,0.15000000,2.70000000,15.30000000,1,covered,targeted_high_pi_for_base_uncovered_low_pi_for_base_covered,0.15000000,0.85000000,baseline_inputs/large_task3_baseline_80_80.json
18,15,410,407,2.000000,0.15000000,0.30000000,1.70000000,1,covered,targeted_high_pi_for_base_uncovered_low_pi_for_base_covered,0.15000000,0.85000000,baseline_inputs/large_task3_baseline_80_80.json
18,16,410,408,4.000000,0.15000000,0.60000000,3.40000000,1,covered,targeted_high_pi_for_base_uncovered_low_pi_for_base_covered,0.15000000,0.85000000,baseline_inputs/large_task3_baseline_80_80.json
18,17,410,409,4.000000,0.15000000,0.60000000,3.40000000,1,covered,targeted_high_pi_for_base_uncovered_low_pi_for_base_covered,0.15000000,0.85000000,baseline_inputs/large_task3_baseline_80_80.json
18,19,410,412,13.000000,0.15000000,1.95000000,11.05000000,1,covered,targeted_high_pi_for_base_uncovered_low_pi_for_base_covered,0.15000000,0.85000000,baseline_inputs/large_task3_baseline_80_80.json
18,20,410,413,15.000000,0.15000000,2.25000000,12.75000000,1,covered,targeted_high_pi_for_base_uncovered_low_pi_for_base_covered,0.15000000,0.85000000,baseline_inputs/large_task3_baseline_80_80.json
18,21,410,414,5.000000,0.15000000,0.75000000,4.25000000,1,covered,targeted_high_pi_for_base_uncovered_low_pi_for_base_covered,0.15000000,0.85000000,baseline_inputs/large_task3_baseline_80_80.json
18,22,410,415,5.000000,0.85000000,4.25000000,0.75000000,0,uncovered,targeted_high_pi_for_base_uncovered_low_pi_for_base_covered,0.15000000,0.85000000,baseline_inputs/large_task3_baseline_80_80.json
18,23,410,416,1.000000,0.85000000,0.85000000,0.15000000,0,uncovered,targeted_high_pi_for_base_uncovered_low_pi_for_base_covered,0.15000000,0.85000000,baseline_inputs/large_task3_baseline_80_80.json
18,25,410,418,3.000000,0.15000000,0.45000000,2.55000000,1,covered,targeted_high_pi_for_base_uncovered_low_pi_for_base_covered,0.15000000,0.85000000,baseline_inputs/large_task3_baseline_80_80.json
18,26,410,419,14.000000,0.15000000,2.10000000,11.90000000,1,covered,targeted_high_pi_for_base_uncovered_low_pi_for_base_covered,0.15000000,0.85000000,baseline_inputs/large_task3_baseline_80_80.json
18,27,410,420,3.000000,0.85000000,2.55000000,0.45000000,0,uncovered,targeted_high_pi_for_base_uncovered_low_pi_for_base_covered,0.15000000,0.85000000,baseline_inputs/large_task3_baseline_80_80.json
18,28,410,421,4.000000,0.15000000,0.60000000,3.40000000,1,covered,targeted_high_pi_for_base_uncovered_low_pi_for_base_covered,0.15000000,0.85000000,baseline_inputs/large_task3_baseline_80_80.json
18,29,410,423,9.000000,0.15000000,1.35000000,7.65000000,1,covered,targeted_high_pi_for_base_uncovered_low_pi_for_base_covered,0.15000000,0.85000000,baseline_inputs/large_task3_baseline_80_80.json
19,1,412,392,2.000000,0.85000000,1.70000000,0.30000000,0,uncovered,targeted_high_pi_for_base_uncovered_low_pi_for_base_covered,0.15000000,0.85000000,baseline_inputs/large_task3_baseline_80_80.json
19,2,412,393,6.000000,0.15000000,0.90000000,5.10000000,1,covered,targeted_high_pi_for_base_uncovered_low_pi_for_base_covered,0.15000000,0.85000000,baseline_inputs/large_task3_baseline_80_80.json
19,3,412,394,7.000000,0.15000000,1.05000000,5.95000000,1,covered,targeted_high_pi_for_base_uncovered_low_pi_for_base_covered,0.15000000,0.85000000,baseline_inputs/large_task3_baseline_80_80.json
19,4,412,395,8.000000,0.15000000,1.20000000,6.80000000,1,covered,targeted_high_pi_for_base_uncovered_low_pi_for_base_covered,0.15000000,0.85000000,baseline_inputs/large_task3_baseline_80_80.json
19,5,412,396,7.000000,0.15000000,1.05000000,5.95000000,1,covered,targeted_high_pi_for_base_uncovered_low_pi_for_base_covered,0.15000000,0.85000000,baseline_inputs/large_task3_baseline_80_80.json
19,6,412,397,13.000000,0.15000000,1.95000000,11.05000000,1,covered,targeted_high_pi_for_base_uncovered_low_pi_for_base_covered,0.15000000,0.85000000,baseline_inputs/large_task3_baseline_80_80.json
19,7,412,398,4.000000,0.15000000,0.60000000,3.40000000,1,covered,targeted_high_pi_for_base_uncovered_low_pi_for_base_covered,0.15000000,0.85000000,baseline_inputs/large_task3_baseline_80_80.json
19,8,412,399,20.000000,0.15000000,3.00000000,17.00000000,1,covered,targeted_high_pi_for_base_uncovered_low_pi_for_base_covered,0.15000000,0.85000000,baseline_inputs/large_task3_baseline_80_80.json
19,9,412,401,4.000000,0.15000000,0.60000000,3.40000000,1,covered,targeted_high_pi_for_base_uncovered_low_pi_for_base_covered,0.15000000,0.85000000,baseline_inputs/large_task3_baseline_80_80.json
19,10,412,402,7.000000,0.15000000,1.05000000,5.95000000,1,covered,targeted_high_pi_for_base_uncovered_low_pi_for_base_covered,0.15000000,0.85000000,baseline_inputs/large_task3_baseline_80_80.json
19,11,412,403,4.000000,0.15000000,0.60000000,3.40000000,1,covered,targeted_high_pi_for_base_uncovered_low_pi_for_base_covered,0.15000000,0.85000000,baseline_inputs/large_task3_baseline_80_80.json
19,12,412,404,7.000000,0.15000000,1.05000000,5.95000000,1,covered,targeted_high_pi_for_base_uncovered_low_pi_for_base_covered,0.15000000,0.85000000,baseline_inputs/large_task3_baseline_80_80.json
19,13,412,405,11.000000,0.15000000,1.65000000,9.35000000,1,covered,targeted_high_pi_for_base_uncovered_low_pi_for_base_covered,0.15000000,0.85000000,baseline_inputs/large_task3_baseline_80_80.json
19,14,412,406,18.000000,0.15000000,2.70000000,15.30000000,1,covered,targeted_high_pi_for_base_uncovered_low_pi_for_base_covered,0.15000000,0.85000000,baseline_inputs/large_task3_baseline_80_80.json
19,15,412,407,3.000000,0.15000000,0.45000000,2.55000000,1,covered,targeted_high_pi_for_base_uncovered_low_pi_for_base_covered,0.15000000,0.85000000,baseline_inputs/large_task3_baseline_80_80.json
19,16,412,408,5.000000,0.15000000,0.75000000,4.25000000,1,covered,targeted_high_pi_for_base_uncovered_low_pi_for_base_covered,0.15000000,0.85000000,baseline_inputs/large_task3_baseline_80_80.json
19,17,412,409,7.000000,0.15000000,1.05000000,5.95000000,1,covered,targeted_high_pi_for_base_uncovered_low_pi_for_base_covered,0.15000000,0.85000000,baseline_inputs/large_task3_baseline_80_80.json
19,18,412,410,11.000000,0.15000000,1.65000000,9.35000000,1,covered,targeted_high_pi_for_base_uncovered_low_pi_for_base_covered,0.15000000,0.85000000,baseline_inputs/large_task3_baseline_80_80.json
19,20,412,413,15.000000,0.15000000,2.25000000,12.75000000,1,covered,targeted_high_pi_for_base_uncovered_low_pi_for_base_covered,0.15000000,0.85000000,baseline_inputs/large_task3_baseline_80_80.json
19,21,412,414,12.000000,0.15000000,1.80000000,10.20000000,1,covered,targeted_high_pi_for_base_uncovered_low_pi_for_base_covered,0.15000000,0.85000000,baseline_inputs/large_task3_baseline_80_80.json
19,22,412,415,3.000000,0.85000000,2.55000000,0.45000000,0,uncovered,targeted_high_pi_for_base_uncovered_low_pi_for_base_covered,0.15000000,0.85000000,baseline_inputs/large_task3_baseline_80_80.json
19,23,412,416,1.000000,0.85000000,0.85000000,0.15000000,0,uncovered,targeted_high_pi_for_base_uncovered_low_pi_for_base_covered,0.15000000,0.85000000,baseline_inputs/large_task3_baseline_80_80.json
19,24,412,417,3.000000,0.85000000,2.55000000,0.45000000,0,uncovered,targeted_high_pi_for_base_uncovered_low_pi_for_base_covered,0.15000000,0.85000000,baseline_inputs/large_task3_baseline_80_80.json
19,25,412,418,3.000000,0.15000000,0.45000000,2.55000000,1,covered,targeted_high_pi_for_base_uncovered_low_pi_for_base_covered,0.15000000,0.85000000,baseline_inputs/large_task3_baseline_80_80.json
19,26,412,419,27.000000,0.15000000,4.05000000,22.95000000,1,covered,targeted_high_pi_for_base_uncovered_low_pi_for_base_covered,0.15000000,0.85000000,baseline_inputs/large_task3_baseline_80_80.json
19,27,412,420,3.000000,0.85000000,2.55000000,0.45000000,0,uncovered,targeted_high_pi_for_base_uncovered_low_pi_for_base_covered,0.15000000,0.85000000,baseline_inputs/large_task3_baseline_80_80.json
19,28,412,421,11.000000,0.15000000,1.65000000,9.35000000,1,covered,targeted_high_pi_for_base_uncovered_low_pi_for_base_covered,0.15000000,0.85000000,baseline_inputs/large_task3_baseline_80_80.json
19,29,412,423,5.000000,0.15000000,0.75000000,4.25000000,1,covered,targeted_high_pi_for_base_uncovered_low_pi_for_base_covered,0.15000000,0.85000000,baseline_inputs/large_task3_baseline_80_80.json
19,30,412,424,2.000000,0.85000000,1.70000000,0.30000000,0,uncovered,targeted_high_pi_for_base_uncovered_low_pi_for_base_covered,0.15000000,0.85000000,baseline_inputs/large_task3_baseline_80_80.json
20,1,413,392,1.000000,0.85000000,0.85000000,0.15000000,0,uncovered,targeted_high_pi_for_base_uncovered_low_pi_for_base_covered,0.15000000,0.85000000,baseline_inputs/large_task3_baseline_80_80.json
20,2,413,393,9.000000,0.15000000,1.35000000,7.65000000,1,covered,targeted_high_pi_for_base_uncovered_low_pi_for_base_covered,0.15000000,0.85000000,baseline_inputs/large_task3_baseline_80_80.json
20,3,413,394,15.000000,0.85000000,12.75000000,2.25000000,0,uncovered,targeted_high_pi_for_base_uncovered_low_pi_for_base_covered,0.15000000,0.85000000,baseline_inputs/large_task3_baseline_80_80.json
20,4,413,395,10.000000,0.15000000,1.50000000,8.50000000,1,covered,targeted_high_pi_for_base_uncovered_low_pi_for_base_covered,0.15000000,0.85000000,baseline_inputs/large_task3_baseline_80_80.json
20,5,413,396,10.000000,0.15000000,1.50000000,8.50000000,1,covered,targeted_high_pi_for_base_uncovered_low_pi_for_base_covered,0.15000000,0.85000000,baseline_inputs/large_task3_baseline_80_80.json
20,6,413,397,16.000000,0.15000000,2.40000000,13.60000000,1,covered,targeted_high_pi_for_base_uncovered_low_pi_for_base_covered,0.15000000,0.85000000,baseline_inputs/large_task3_baseline_80_80.json
20,7,413,398,11.000000,0.15000000,1.65000000,9.35000000,1,covered,targeted_high_pi_for_base_uncovered_low_pi_for_base_covered,0.15000000,0.85000000,baseline_inputs/large_task3_baseline_80_80.json
20,8,413,399,24.000000,0.15000000,3.60000000,20.40000000,1,covered,targeted_high_pi_for_base_uncovered_low_pi_for_base_covered,0.15000000,0.85000000,baseline_inputs/large_task3_baseline_80_80.json
20,9,413,401,3.000000,0.15000000,0.45000000,2.55000000,1,covered,targeted_high_pi_for_base_uncovered_low_pi_for_base_covered,0.15000000,0.85000000,baseline_inputs/large_task3_baseline_80_80.json
20,10,413,402,6.000000,0.15000000,0.90000000,5.10000000,1,covered,targeted_high_pi_for_base_uncovered_low_pi_for_base_covered,0.15000000,0.85000000,baseline_inputs/large_task3_baseline_80_80.json
20,11,413,403,8.000000,0.15000000,1.20000000,6.80000000,1,covered,targeted_high_pi_for_base_uncovered_low_pi_for_base_covered,0.15000000,0.85000000,baseline_inputs/large_task3_baseline_80_80.json
20,12,413,404,8.000000,0.15000000,1.20000000,6.80000000,1,covered,targeted_high_pi_for_base_uncovered_low_pi_for_base_covered,0.15000000,0.85000000,baseline_inputs/large_task3_baseline_80_80.json
20,13,413,405,5.000000,0.15000000,0.75000000,4.25000000,1,covered,targeted_high_pi_for_base_uncovered_low_pi_for_base_covered,0.15000000,0.85000000,baseline_inputs/large_task3_baseline_80_80.json
20,14,413,406,16.000000,0.15000000,2.40000000,13.60000000,1,covered,targeted_high_pi_for_base_uncovered_low_pi_for_base_covered,0.15000000,0.85000000,baseline_inputs/large_task3_baseline_80_80.json
20,15,413,407,2.000000,0.15000000,0.30000000,1.70000000,1,covered,targeted_high_pi_for_base_uncovered_low_pi_for_base_covered,0.15000000,0.85000000,baseline_inputs/large_task3_baseline_80_80.json
20,16,413,408,5.000000,0.15000000,0.75000000,4.25000000,1,covered,targeted_high_pi_for_base_uncovered_low_pi_for_base_covered,0.15000000,0.85000000,baseline_inputs/large_task3_baseline_80_80.json
20,17,413,409,8.000000,0.15000000,1.20000000,6.80000000,1,covered,targeted_high_pi_for_base_uncovered_low_pi_for_base_covered,0.15000000,0.85000000,baseline_inputs/large_task3_baseline_80_80.json
20,18,413,410,15.000000,0.15000000,2.25000000,12.75000000,1,covered,targeted_high_pi_for_base_uncovered_low_pi_for_base_covered,0.15000000,0.85000000,baseline_inputs/large_task3_baseline_80_80.json
20,19,413,412,16.000000,0.15000000,2.40000000,13.60000000,1,covered,targeted_high_pi_for_base_uncovered_low_pi_for_base_covered,0.15000000,0.85000000,baseline_inputs/large_task3_baseline_80_80.json
20,21,413,414,7.000000,0.15000000,1.05000000,5.95000000,1,covered,targeted_high_pi_for_base_uncovered_low_pi_for_base_covered,0.15000000,0.85000000,baseline_inputs/large_task3_baseline_80_80.json
20,22,413,415,6.000000,0.15000000,0.90000000,5.10000000,1,covered,targeted_high_pi_for_base_uncovered_low_pi_for_base_covered,0.15000000,0.85000000,baseline_inputs/large_task3_baseline_80_80.json
20,23,413,416,7.000000,0.85000000,5.95000000,1.05000000,0,uncovered,targeted_high_pi_for_base_uncovered_low_pi_for_base_covered,0.15000000,0.85000000,baseline_inputs/large_task3_baseline_80_80.json
20,24,413,417,1.000000,0.85000000,0.85000000,0.15000000,0,uncovered,targeted_high_pi_for_base_uncovered_low_pi_for_base_covered,0.15000000,0.85000000,baseline_inputs/large_task3_baseline_80_80.json
20,25,413,418,9.000000,0.85000000,7.65000000,1.35000000,0,uncovered,targeted_high_pi_for_base_uncovered_low_pi_for_base_covered,0.15000000,0.85000000,baseline_inputs/large_task3_baseline_80_80.json
20,26,413,419,41.000000,0.15000000,6.15000000,34.85000000,1,covered,targeted_high_pi_for_base_uncovered_low_pi_for_base_covered,0.15000000,0.85000000,baseline_inputs/large_task3_baseline_80_80.json
20,27,413,420,10.000000,0.85000000,8.50000000,1.50000000,0,uncovered,targeted_high_pi_for_base_uncovered_low_pi_for_base_covered,0.15000000,0.85000000,baseline_inputs/large_task3_baseline_80_80.json
20,28,413,421,14.000000,0.15000000,2.10000000,11.90000000,1,covered,targeted_high_pi_for_base_uncovered_low_pi_for_base_covered,0.15000000,0.85000000,baseline_inputs/large_task3_baseline_80_80.json
20,29,413,423,13.000000,0.15000000,1.95000000,11.05000000,1,covered,targeted_high_pi_for_base_uncovered_low_pi_for_base_covered,0.15000000,0.85000000,baseline_inputs/large_task3_baseline_80_80.json
20,30,413,424,3.000000,0.85000000,2.55000000,0.45000000,0,uncovered,targeted_high_pi_for_base_uncovered_low_pi_for_base_covered,0.15000000,0.85000000,baseline_inputs/large_task3_baseline_80_80.json
21,2,414,393,1.000000,0.15000000,0.15000000,0.85000000,1,covered,targeted_high_pi_for_base_uncovered_low_pi_for_base_covered,0.15000000,0.85000000,baseline_inputs/large_task3_baseline_80_80.json
21,3,414,394,1.000000,0.85000000,0.85000000,0.15000000,0,uncovered,targeted_high_pi_for_base_uncovered_low_pi_for_base_covered,0.15000000,0.85000000,baseline_inputs/large_task3_baseline_80_80.json
21,4,414,395,4.000000,0.15000000,0.60000000,3.40000000,1,covered,targeted_high_pi_for_base_uncovered_low_pi_for_base_covered,0.15000000,0.85000000,baseline_inputs/large_task3_baseline_80_80.json
21,5,414,396,1.000000,0.15000000,0.15000000,0.85000000,1,covered,targeted_high_pi_for_base_uncovered_low_pi_for_base_covered,0.15000000,0.85000000,baseline_inputs/large_task3_baseline_80_80.json
21,6,414,397,2.000000,0.15000000,0.30000000,1.70000000,1,covered,targeted_high_pi_for_base_uncovered_low_pi_for_base_covered,0.15000000,0.85000000,baseline_inputs/large_task3_baseline_80_80.json
21,7,414,398,1.000000,0.85000000,0.85000000,0.15000000,0,uncovered,targeted_high_pi_for_base_uncovered_low_pi_for_base_covered,0.15000000,0.85000000,baseline_inputs/large_task3_baseline_80_80.json
21,8,414,399,6.000000,0.15000000,0.90000000,5.10000000,1,covered,targeted_high_pi_for_base_uncovered_low_pi_for_base_covered,0.15000000,0.85000000,baseline_inputs/large_task3_baseline_80_80.json
21,10,414,402,4.000000,0.85000000,3.40000000,0.60000000,0,uncovered,targeted_high_pi_for_base_uncovered_low_pi_for_base_covered,0.15000000,0.85000000,baseline_inputs/large_task3_baseline_80_80.json
21,11,414,403,1.000000,0.15000000,0.15000000,0.85000000,1,covered,targeted_high_pi_for_base_uncovered_low_pi_for_base_covered,0.15000000,0.85000000,baseline_inputs/large_task3_baseline_80_80.json
21,12,414,404,3.000000,0.15000000,0.45000000,2.55000000,1,covered,targeted_high_pi_for_base_uncovered_low_pi_for_base_covered,0.15000000,0.85000000,baseline_inputs/large_task3_baseline_80_80.json
21,13,414,405,3.000000,0.15000000,0.45000000,2.55000000,1,covered,targeted_high_pi_for_base_uncovered_low_pi_for_base_covered,0.15000000,0.85000000,baseline_inputs/large_task3_baseline_80_80.json
21,14,414,406,8.000000,0.15000000,1.20000000,6.80000000,1,covered,targeted_high_pi_for_base_uncovered_low_pi_for_base_covered,0.15000000,0.85000000,baseline_inputs/large_task3_baseline_80_80.json
21,15,414,407,2.000000,0.15000000,0.30000000,1.70000000,1,covered,targeted_high_pi_for_base_uncovered_low_pi_for_base_covered,0.15000000,0.85000000,baseline_inputs/large_task3_baseline_80_80.json
21,16,414,408,1.000000,0.85000000,0.85000000,0.15000000,0,uncovered,targeted_high_pi_for_base_uncovered_low_pi_for_base_covered,0.15000000,0.85000000,baseline_inputs/large_task3_baseline_80_80.json
21,17,414,409,2.000000,0.85000000,1.70000000,0.30000000,0,uncovered,targeted_high_pi_for_base_uncovered_low_pi_for_base_covered,0.15000000,0.85000000,baseline_inputs/large_task3_baseline_80_80.json
21,18,414,410,3.000000,0.15000000,0.45000000,2.55000000,1,covered,targeted_high_pi_for_base_uncovered_low_pi_for_base_covered,0.15000000,0.85000000,baseline_inputs/large_task3_baseline_80_80.json
21,19,414,412,7.000000,0.15000000,1.05000000,5.95000000,1,covered,targeted_high_pi_for_base_uncovered_low_pi_for_base_covered,0.15000000,0.85000000,baseline_inputs/large_task3_baseline_80_80.json
21,20,414,413,7.000000,0.15000000,1.05000000,5.95000000,1,covered,targeted_high_pi_for_base_uncovered_low_pi_for_base_covered,0.15000000,0.85000000,baseline_inputs/large_task3_baseline_80_80.json
21,22,414,415,4.000000,0.15000000,0.60000000,3.40000000,1,covered,targeted_high_pi_for_base_uncovered_low_pi_for_base_covered,0.15000000,0.85000000,baseline_inputs/large_task3_baseline_80_80.json
21,23,414,416,1.000000,0.85000000,0.85000000,0.15000000,0,uncovered,targeted_high_pi_for_base_uncovered_low_pi_for_base_covered,0.15000000,0.85000000,baseline_inputs/large_task3_baseline_80_80.json
21,25,414,418,2.000000,0.15000000,0.30000000,1.70000000,1,covered,targeted_high_pi_for_base_uncovered_low_pi_for_base_covered,0.15000000,0.85000000,baseline_inputs/large_task3_baseline_80_80.json
21,26,414,419,15.000000,0.15000000,2.25000000,12.75000000,1,covered,targeted_high_pi_for_base_uncovered_low_pi_for_base_covered,0.15000000,0.85000000,baseline_inputs/large_task3_baseline_80_80.json
21,27,414,420,5.000000,0.85000000,4.25000000,0.75000000,0,uncovered,targeted_high_pi_for_base_uncovered_low_pi_for_base_covered,0.15000000,0.85000000,baseline_inputs/large_task3_baseline_80_80.json
21,28,414,421,8.000000,0.15000000,1.20000000,6.80000000,1,covered,targeted_high_pi_for_base_uncovered_low_pi_for_base_covered,0.15000000,0.85000000,baseline_inputs/large_task3_baseline_80_80.json
21,29,414,423,2.000000,0.15000000,0.30000000,1.70000000,1,covered,targeted_high_pi_for_base_uncovered_low_pi_for_base_covered,0.15000000,0.85000000,baseline_inputs/large_task3_baseline_80_80.json
21,30,414,424,1.000000,0.85000000,0.85000000,0.15000000,0,uncovered,targeted_high_pi_for_base_uncovered_low_pi_for_base_covered,0.15000000,0.85000000,baseline_inputs/large_task3_baseline_80_80.json
22,1,415,392,1.000000,0.85000000,0.85000000,0.15000000,0,uncovered,targeted_high_pi_for_base_uncovered_low_pi_for_base_covered,0.15000000,0.85000000,baseline_inputs/large_task3_baseline_80_80.json
22,3,415,394,2.000000,0.85000000,1.70000000,0.30000000,0,uncovered,targeted_high_pi_for_base_uncovered_low_pi_for_base_covered,0.15000000,0.85000000,baseline_inputs/large_task3_baseline_80_80.json
22,4,415,395,2.000000,0.15000000,0.30000000,1.70000000,1,covered,targeted_high_pi_for_base_uncovered_low_pi_for_base_covered,0.15000000,0.85000000,baseline_inputs/large_task3_baseline_80_80.json
22,5,415,396,1.000000,0.85000000,0.85000000,0.15000000,0,uncovered,targeted_high_pi_for_base_uncovered_low_pi_for_base_covered,0.15000000,0.85000000,baseline_inputs/large_task3_baseline_80_80.json
22,6,415,397,2.000000,0.85000000,1.70000000,0.30000000,0,uncovered,targeted_high_pi_for_base_uncovered_low_pi_for_base_covered,0.15000000,0.85000000,baseline_inputs/large_task3_baseline_80_80.json
22,7,415,398,1.000000,0.85000000,0.85000000,0.15000000,0,uncovered,targeted_high_pi_for_base_uncovered_low_pi_for_base_covered,0.15000000,0.85000000,baseline_inputs/large_task3_baseline_80_80.json
22,8,415,399,4.000000,0.85000000,3.40000000,0.60000000,0,uncovered,targeted_high_pi_for_base_uncovered_low_pi_for_base_covered,0.15000000,0.85000000,baseline_inputs/large_task3_baseline_80_80.json
22,10,415,402,4.000000,0.85000000,3.40000000,0.60000000,0,uncovered,targeted_high_pi_for_base_uncovered_low_pi_for_base_covered,0.15000000,0.85000000,baseline_inputs/large_task3_baseline_80_80.json
22,11,415,403,4.000000,0.85000000,3.40000000,0.60000000,0,uncovered,targeted_high_pi_for_base_uncovered_low_pi_for_base_covered,0.15000000,0.85000000,baseline_inputs/large_task3_baseline_80_80.json
22,12,415,404,3.000000,0.15000000,0.45000000,2.55000000,1,covered,targeted_high_pi_for_base_uncovered_low_pi_for_base_covered,0.15000000,0.85000000,baseline_inputs/large_task3_baseline_80_80.json
22,13,415,405,7.000000,0.15000000,1.05000000,5.95000000,1,covered,targeted_high_pi_for_base_uncovered_low_pi_for_base_covered,0.15000000,0.85000000,baseline_inputs/large_task3_baseline_80_80.json
22,14,415,406,18.000000,0.15000000,2.70000000,15.30000000,1,covered,targeted_high_pi_for_base_uncovered_low_pi_for_base_covered,0.15000000,0.85000000,baseline_inputs/large_task3_baseline_80_80.json
22,15,415,407,1.000000,0.15000000,0.15000000,0.85000000,1,covered,targeted_high_pi_for_base_uncovered_low_pi_for_base_covered,0.15000000,0.85000000,baseline_inputs/large_task3_baseline_80_80.json
22,16,415,408,1.000000,0.85000000,0.85000000,0.15000000,0,uncovered,targeted_high_pi_for_base_uncovered_low_pi_for_base_covered,0.15000000,0.85000000,baseline_inputs/large_task3_baseline_80_80.json
22,17,415,409,1.000000,0.85000000,0.85000000,0.15000000,0,uncovered,targeted_high_pi_for_base_uncovered_low_pi_for_base_covered,0.15000000,0.85000000,baseline_inputs/large_task3_baseline_80_80.json
22,18,415,410,2.000000,0.85000000,1.70000000,0.30000000,0,uncovered,targeted_high_pi_for_base_uncovered_low_pi_for_base_covered,0.15000000,0.85000000,baseline_inputs/large_task3_baseline_80_80.json
22,19,415,412,5.000000,0.85000000,4.25000000,0.75000000,0,uncovered,targeted_high_pi_for_base_uncovered_low_pi_for_base_covered,0.15000000,0.85000000,baseline_inputs/large_task3_baseline_80_80.json
22,20,415,413,5.000000,0.15000000,0.75000000,4.25000000,1,covered,targeted_high_pi_for_base_uncovered_low_pi_for_base_covered,0.15000000,0.85000000,baseline_inputs/large_task3_baseline_80_80.json
22,21,415,414,3.000000,0.15000000,0.45000000,2.55000000,1,covered,targeted_high_pi_for_base_uncovered_low_pi_for_base_covered,0.15000000,0.85000000,baseline_inputs/large_task3_baseline_80_80.json
22,23,415,416,2.000000,0.85000000,1.70000000,0.30000000,0,uncovered,targeted_high_pi_for_base_uncovered_low_pi_for_base_covered,0.15000000,0.85000000,baseline_inputs/large_task3_baseline_80_80.json
22,24,415,417,1.000000,0.85000000,0.85000000,0.15000000,0,uncovered,targeted_high_pi_for_base_uncovered_low_pi_for_base_covered,0.15000000,0.85000000,baseline_inputs/large_task3_baseline_80_80.json
22,25,415,418,3.000000,0.85000000,2.55000000,0.45000000,0,uncovered,targeted_high_pi_for_base_uncovered_low_pi_for_base_covered,0.15000000,0.85000000,baseline_inputs/large_task3_baseline_80_80.json
22,26,415,419,16.000000,0.15000000,2.40000000,13.60000000,1,covered,targeted_high_pi_for_base_uncovered_low_pi_for_base_covered,0.15000000,0.85000000,baseline_inputs/large_task3_baseline_80_80.json
22,27,415,420,7.000000,0.85000000,5.95000000,1.05000000,0,uncovered,targeted_high_pi_for_base_uncovered_low_pi_for_base_covered,0.15000000,0.85000000,baseline_inputs/large_task3_baseline_80_80.json
22,28,415,421,9.000000,0.85000000,7.65000000,1.35000000,0,uncovered,targeted_high_pi_for_base_uncovered_low_pi_for_base_covered,0.15000000,0.85000000,baseline_inputs/large_task3_baseline_80_80.json
22,29,415,423,2.000000,0.85000000,1.70000000,0.30000000,0,uncovered,targeted_high_pi_for_base_uncovered_low_pi_for_base_covered,0.15000000,0.85000000,baseline_inputs/large_task3_baseline_80_80.json
23,6,416,397,1.000000,0.85000000,0.85000000,0.15000000,0,uncovered,targeted_high_pi_for_base_uncovered_low_pi_for_base_covered,0.15000000,0.85000000,baseline_inputs/large_task3_baseline_80_80.json
23,8,416,399,1.000000,0.85000000,0.85000000,0.15000000,0,uncovered,targeted_high_pi_for_base_uncovered_low_pi_for_base_covered,0.15000000,0.85000000,baseline_inputs/large_task3_baseline_80_80.json
23,10,416,402,2.000000,0.85000000,1.70000000,0.30000000,0,uncovered,targeted_high_pi_for_base_uncovered_low_pi_for_base_covered,0.15000000,0.85000000,baseline_inputs/large_task3_baseline_80_80.json
23,11,416,403,2.000000,0.85000000,1.70000000,0.30000000,0,uncovered,targeted_high_pi_for_base_uncovered_low_pi_for_base_covered,0.15000000,0.85000000,baseline_inputs/large_task3_baseline_80_80.json
23,12,416,404,9.000000,0.85000000,7.65000000,1.35000000,0,uncovered,targeted_high_pi_for_base_uncovered_low_pi_for_base_covered,0.15000000,0.85000000,baseline_inputs/large_task3_baseline_80_80.json
23,13,416,405,11.000000,0.85000000,9.35000000,1.65000000,0,uncovered,targeted_high_pi_for_base_uncovered_low_pi_for_base_covered,0.15000000,0.85000000,baseline_inputs/large_task3_baseline_80_80.json
23,14,416,406,5.000000,0.85000000,4.25000000,0.75000000,0,uncovered,targeted_high_pi_for_base_uncovered_low_pi_for_base_covered,0.15000000,0.85000000,baseline_inputs/large_task3_baseline_80_80.json
23,19,416,412,1.000000,0.85000000,0.85000000,0.15000000,0,uncovered,targeted_high_pi_for_base_uncovered_low_pi_for_base_covered,0.15000000,0.85000000,baseline_inputs/large_task3_baseline_80_80.json
23,20,416,413,6.000000,0.85000000,5.10000000,0.90000000,0,uncovered,targeted_high_pi_for_base_uncovered_low_pi_for_base_covered,0.15000000,0.85000000,baseline_inputs/large_task3_baseline_80_80.json
23,21,416,414,2.000000,0.85000000,1.70000000,0.30000000,0,uncovered,targeted_high_pi_for_base_uncovered_low_pi_for_base_covered,0.15000000,0.85000000,baseline_inputs/large_task3_baseline_80_80.json
23,22,416,415,3.000000,0.85000000,2.55000000,0.45000000,0,uncovered,targeted_high_pi_for_base_uncovered_low_pi_for_base_covered,0.15000000,0.85000000,baseline_inputs/large_task3_baseline_80_80.json
23,24,416,417,4.000000,0.85000000,3.40000000,0.60000000,0,uncovered,targeted_high_pi_for_base_uncovered_low_pi_for_base_covered,0.15000000,0.85000000,baseline_inputs/large_task3_baseline_80_80.json
23,25,416,418,1.000000,0.85000000,0.85000000,0.15000000,0,uncovered,targeted_high_pi_for_base_uncovered_low_pi_for_base_covered,0.15000000,0.85000000,baseline_inputs/large_task3_baseline_80_80.json
23,26,416,419,5.000000,0.85000000,4.25000000,0.75000000,0,uncovered,targeted_high_pi_for_base_uncovered_low_pi_for_base_covered,0.15000000,0.85000000,baseline_inputs/large_task3_baseline_80_80.json
24,8,417,399,1.000000,0.85000000,0.85000000,0.15000000,0,uncovered,targeted_high_pi_for_base_uncovered_low_pi_for_base_covered,0.15000000,0.85000000,baseline_inputs/large_task3_baseline_80_80.json
24,10,417,402,1.000000,0.85000000,0.85000000,0.15000000,0,uncovered,targeted_high_pi_for_base_uncovered_low_pi_for_base_covered,0.15000000,0.85000000,baseline_inputs/large_task3_baseline_80_80.json
24,12,417,404,1.000000,0.85000000,0.85000000,0.15000000,0,uncovered,targeted_high_pi_for_base_uncovered_low_pi_for_base_covered,0.15000000,0.85000000,baseline_inputs/large_task3_baseline_80_80.json
24,13,417,405,3.000000,0.85000000,2.55000000,0.45000000,0,uncovered,targeted_high_pi_for_base_uncovered_low_pi_for_base_covered,0.15000000,0.85000000,baseline_inputs/large_task3_baseline_80_80.json
24,14,417,406,3.000000,0.85000000,2.55000000,0.45000000,0,uncovered,targeted_high_pi_for_base_uncovered_low_pi_for_base_covered,0.15000000,0.85000000,baseline_inputs/large_task3_baseline_80_80.json
24,15,417,407,2.000000,0.85000000,1.70000000,0.30000000,0,uncovered,targeted_high_pi_for_base_uncovered_low_pi_for_base_covered,0.15000000,0.85000000,baseline_inputs/large_task3_baseline_80_80.json
24,19,417,412,3.000000,0.85000000,2.55000000,0.45000000,0,uncovered,targeted_high_pi_for_base_uncovered_low_pi_for_base_covered,0.15000000,0.85000000,baseline_inputs/large_task3_baseline_80_80.json
24,20,417,413,1.000000,0.85000000,0.85000000,0.15000000,0,uncovered,targeted_high_pi_for_base_uncovered_low_pi_for_base_covered,0.15000000,0.85000000,baseline_inputs/large_task3_baseline_80_80.json
24,21,417,414,1.000000,0.85000000,0.85000000,0.15000000,0,uncovered,targeted_high_pi_for_base_uncovered_low_pi_for_base_covered,0.15000000,0.85000000,baseline_inputs/large_task3_baseline_80_80.json
24,22,417,415,1.000000,0.85000000,0.85000000,0.15000000,0,uncovered,targeted_high_pi_for_base_uncovered_low_pi_for_base_covered,0.15000000,0.85000000,baseline_inputs/large_task3_baseline_80_80.json
24,23,417,416,2.000000,0.85000000,1.70000000,0.30000000,0,uncovered,targeted_high_pi_for_base_uncovered_low_pi_for_base_covered,0.15000000,0.85000000,baseline_inputs/large_task3_baseline_80_80.json
24,25,417,418,1.000000,0.85000000,0.85000000,0.15000000,0,uncovered,targeted_high_pi_for_base_uncovered_low_pi_for_base_covered,0.15000000,0.85000000,baseline_inputs/large_task3_baseline_80_80.json
24,26,417,419,5.000000,0.85000000,4.25000000,0.75000000,0,uncovered,targeted_high_pi_for_base_uncovered_low_pi_for_base_covered,0.15000000,0.85000000,baseline_inputs/large_task3_baseline_80_80.json
24,27,417,420,1.000000,0.85000000,0.85000000,0.15000000,0,uncovered,targeted_high_pi_for_base_uncovered_low_pi_for_base_covered,0.15000000,0.85000000,baseline_inputs/large_task3_baseline_80_80.json
24,28,417,421,1.000000,0.85000000,0.85000000,0.15000000,0,uncovered,targeted_high_pi_for_base_uncovered_low_pi_for_base_covered,0.15000000,0.85000000,baseline_inputs/large_task3_baseline_80_80.json
24,29,417,423,1.000000,0.85000000,0.85000000,0.15000000,0,uncovered,targeted_high_pi_for_base_uncovered_low_pi_for_base_covered,0.15000000,0.85000000,baseline_inputs/large_task3_baseline_80_80.json
25,2,418,393,1.000000,0.85000000,0.85000000,0.15000000,0,uncovered,targeted_high_pi_for_base_uncovered_low_pi_for_base_covered,0.15000000,0.85000000,baseline_inputs/large_task3_baseline_80_80.json
25,3,418,394,5.000000,0.85000000,4.25000000,0.75000000,0,uncovered,targeted_high_pi_for_base_uncovered_low_pi_for_base_covered,0.15000000,0.85000000,baseline_inputs/large_task3_baseline_80_80.json
25,4,418,395,1.000000,0.85000000,0.85000000,0.15000000,0,uncovered,targeted_high_pi_for_base_uncovered_low_pi_for_base_covered,0.15000000,0.85000000,baseline_inputs/large_task3_baseline_80_80.json
25,8,418,399,1.000000,0.85000000,0.85000000,0.15000000,0,uncovered,targeted_high_pi_for_base_uncovered_low_pi_for_base_covered,0.15000000,0.85000000,baseline_inputs/large_task3_baseline_80_80.json
25,10,418,402,1.000000,0.85000000,0.85000000,0.15000000,0,uncovered,targeted_high_pi_for_base_uncovered_low_pi_for_base_covered,0.15000000,0.85000000,baseline_inputs/large_task3_baseline_80_80.json
25,13,418,405,1.000000,0.85000000,0.85000000,0.15000000,0,uncovered,targeted_high_pi_for_base_uncovered_low_pi_for_base_covered,0.15000000,0.85000000,baseline_inputs/large_task3_baseline_80_80.json
25,14,418,406,1.000000,0.85000000,0.85000000,0.15000000,0,uncovered,targeted_high_pi_for_base_uncovered_low_pi_for_base_covered,0.15000000,0.85000000,baseline_inputs/large_task3_baseline_80_80.json
25,19,418,412,1.000000,0.85000000,0.85000000,0.15000000,0,uncovered,targeted_high_pi_for_base_uncovered_low_pi_for_base_covered,0.15000000,0.85000000,baseline_inputs/large_task3_baseline_80_80.json
25,20,418,413,2.000000,0.85000000,1.70000000,0.30000000,0,uncovered,targeted_high_pi_for_base_uncovered_low_pi_for_base_covered,0.15000000,0.85000000,baseline_inputs/large_task3_baseline_80_80.json
25,21,418,414,1.000000,0.15000000,0.15000000,0.85000000,1,covered,targeted_high_pi_for_base_uncovered_low_pi_for_base_covered,0.15000000,0.85000000,baseline_inputs/large_task3_baseline_80_80.json
25,22,418,415,1.000000,0.85000000,0.85000000,0.15000000,0,uncovered,targeted_high_pi_for_base_uncovered_low_pi_for_base_covered,0.15000000,0.85000000,baseline_inputs/large_task3_baseline_80_80.json
25,23,418,416,1.000000,0.85000000,0.85000000,0.15000000,0,uncovered,targeted_high_pi_for_base_uncovered_low_pi_for_base_covered,0.15000000,0.85000000,baseline_inputs/large_task3_baseline_80_80.json
25,24,418,417,2.000000,0.85000000,1.70000000,0.30000000,0,uncovered,targeted_high_pi_for_base_uncovered_low_pi_for_base_covered,0.15000000,0.85000000,baseline_inputs/large_task3_baseline_80_80.json
25,26,418,419,13.000000,0.15000000,1.95000000,11.05000000,1,covered,targeted_high_pi_for_base_uncovered_low_pi_for_base_covered,0.15000000,0.85000000,baseline_inputs/large_task3_baseline_80_80.json
25,27,418,420,3.000000,0.85000000,2.55000000,0.45000000,0,uncovered,targeted_high_pi_for_base_uncovered_low_pi_for_base_covered,0.15000000,0.85000000,baseline_inputs/large_task3_baseline_80_80.json
25,28,418,421,3.000000,0.15000000,0.45000000,2.55000000,1,covered,targeted_high_pi_for_base_uncovered_low_pi_for_base_covered,0.15000000,0.85000000,baseline_inputs/large_task3_baseline_80_80.json
26,1,419,392,2.000000,0.85000000,1.70000000,0.30000000,0,uncovered,targeted_high_pi_for_base_uncovered_low_pi_for_base_covered,0.15000000,0.85000000,baseline_inputs/large_task3_baseline_80_80.json
26,2,419,393,8.000000,0.15000000,1.20000000,6.80000000,1,covered,targeted_high_pi_for_base_uncovered_low_pi_for_base_covered,0.15000000,0.85000000,baseline_inputs/large_task3_baseline_80_80.json
26,3,419,394,6.000000,0.85000000,5.10000000,0.90000000,0,uncovered,targeted_high_pi_for_base_uncovered_low_pi_for_base_covered,0.15000000,0.85000000,baseline_inputs/large_task3_baseline_80_80.json
26,4,419,395,5.000000,0.15000000,0.75000000,4.25000000,1,covered,targeted_high_pi_for_base_uncovered_low_pi_for_base_covered,0.15000000,0.85000000,baseline_inputs/large_task3_baseline_80_80.json
26,5,419,396,3.000000,0.15000000,0.45000000,2.55000000,1,covered,targeted_high_pi_for_base_uncovered_low_pi_for_base_covered,0.15000000,0.85000000,baseline_inputs/large_task3_baseline_80_80.json
26,6,419,397,6.000000,0.85000000,5.10000000,0.90000000,0,uncovered,targeted_high_pi_for_base_uncovered_low_pi_for_base_covered,0.15000000,0.85000000,baseline_inputs/large_task3_baseline_80_80.json
26,7,419,398,2.000000,0.85000000,1.70000000,0.30000000,0,uncovered,targeted_high_pi_for_base_uncovered_low_pi_for_base_covered,0.15000000,0.85000000,baseline_inputs/large_task3_baseline_80_80.json
26,8,419,399,12.000000,0.15000000,1.80000000,10.20000000,1,covered,targeted_high_pi_for_base_uncovered_low_pi_for_base_covered,0.15000000,0.85000000,baseline_inputs/large_task3_baseline_80_80.json
26,9,419,401,1.000000,0.85000000,0.85000000,0.15000000,0,uncovered,targeted_high_pi_for_base_uncovered_low_pi_for_base_covered,0.15000000,0.85000000,baseline_inputs/large_task3_baseline_80_80.json
26,10,419,402,6.000000,0.85000000,5.10000000,0.90000000,0,uncovered,targeted_high_pi_for_base_uncovered_low_pi_for_base_covered,0.15000000,0.85000000,baseline_inputs/large_task3_baseline_80_80.json
26,11,419,403,3.000000,0.85000000,2.55000000,0.45000000,0,uncovered,targeted_high_pi_for_base_uncovered_low_pi_for_base_covered,0.15000000,0.85000000,baseline_inputs/large_task3_baseline_80_80.json
26,12,419,404,8.000000,0.15000000,1.20000000,6.80000000,1,covered,targeted_high_pi_for_base_uncovered_low_pi_for_base_covered,0.15000000,0.85000000,baseline_inputs/large_task3_baseline_80_80.json
26,13,419,405,3.000000,0.15000000,0.45000000,2.55000000,1,covered,targeted_high_pi_for_base_uncovered_low_pi_for_base_covered,0.15000000,0.85000000,baseline_inputs/large_task3_baseline_80_80.json
26,14,419,406,9.000000,0.15000000,1.35000000,7.65000000,1,covered,targeted_high_pi_for_base_uncovered_low_pi_for_base_covered,0.15000000,0.85000000,baseline_inputs/large_task3_baseline_80_80.json
26,15,419,407,1.000000,0.15000000,0.15000000,0.85000000,1,covered,targeted_high_pi_for_base_uncovered_low_pi_for_base_covered,0.15000000,0.85000000,baseline_inputs/large_task3_baseline_80_80.json
26,16,419,408,1.000000,0.15000000,0.15000000,0.85000000,1,covered,targeted_high_pi_for_base_uncovered_low_pi_for_base_covered,0.15000000,0.85000000,baseline_inputs/large_task3_baseline_80_80.json
26,17,419,409,3.000000,0.15000000,0.45000000,2.55000000,1,covered,targeted_high_pi_for_base_uncovered_low_pi_for_base_covered,0.15000000,0.85000000,baseline_inputs/large_task3_baseline_80_80.json
26,18,419,410,7.000000,0.15000000,1.05000000,5.95000000,1,covered,targeted_high_pi_for_base_uncovered_low_pi_for_base_covered,0.15000000,0.85000000,baseline_inputs/large_task3_baseline_80_80.json
26,19,419,412,15.000000,0.15000000,2.25000000,12.75000000,1,covered,targeted_high_pi_for_base_uncovered_low_pi_for_base_covered,0.15000000,0.85000000,baseline_inputs/large_task3_baseline_80_80.json
26,20,419,413,30.000000,0.15000000,4.50000000,25.50000000,1,covered,targeted_high_pi_for_base_uncovered_low_pi_for_base_covered,0.15000000,0.85000000,baseline_inputs/large_task3_baseline_80_80.json
26,21,419,414,15.000000,0.15000000,2.25000000,12.75000000,1,covered,targeted_high_pi_for_base_uncovered_low_pi_for_base_covered,0.15000000,0.85000000,baseline_inputs/large_task3_baseline_80_80.json
26,22,419,415,10.000000,0.15000000,1.50000000,8.50000000,1,covered,targeted_high_pi_for_base_uncovered_low_pi_for_base_covered,0.15000000,0.85000000,baseline_inputs/large_task3_baseline_80_80.json
26,23,419,416,3.000000,0.85000000,2.55000000,0.45000000,0,uncovered,targeted_high_pi_for_base_uncovered_low_pi_for_base_covered,0.15000000,0.85000000,baseline_inputs/large_task3_baseline_80_80.json
26,24,419,417,5.000000,0.85000000,4.25000000,0.75000000,0,uncovered,targeted_high_pi_for_base_uncovered_low_pi_for_base_covered,0.15000000,0.85000000,baseline_inputs/large_task3_baseline_80_80.json
26,25,419,418,9.000000,0.15000000,1.35000000,7.65000000,1,covered,targeted_high_pi_for_base_uncovered_low_pi_for_base_covered,0.15000000,0.85000000,baseline_inputs/large_task3_baseline_80_80.json
26,27,419,420,34.000000,0.85000000,28.90000000,5.10000000,0,uncovered,targeted_high_pi_for_base_uncovered_low_pi_for_base_covered,0.15000000,0.85000000,baseline_inputs/large_task3_baseline_80_80.json
26,28,419,421,20.000000,0.15000000,3.00000000,17.00000000,1,covered,targeted_high_pi_for_base_uncovered_low_pi_for_base_covered,0.15000000,0.85000000,baseline_inputs/large_task3_baseline_80_80.json
26,29,419,423,3.000000,0.15000000,0.45000000,2.55000000,1,covered,targeted_high_pi_for_base_uncovered_low_pi_for_base_covered,0.15000000,0.85000000,baseline_inputs/large_task3_baseline_80_80.json
26,30,419,424,1.000000,0.85000000,0.85000000,0.15000000,0,uncovered,targeted_high_pi_for_base_uncovered_low_pi_for_base_covered,0.15000000,0.85000000,baseline_inputs/large_task3_baseline_80_80.json
27,2,420,393,3.000000,0.85000000,2.55000000,0.45000000,0,uncovered,targeted_high_pi_for_base_uncovered_low_pi_for_base_covered,0.15000000,0.85000000,baseline_inputs/large_task3_baseline_80_80.json
27,3,420,394,1.000000,0.85000000,0.85000000,0.15000000,0,uncovered,targeted_high_pi_for_base_uncovered_low_pi_for_base_covered,0.15000000,0.85000000,baseline_inputs/large_task3_baseline_80_80.json
27,4,420,395,6.000000,0.85000000,5.10000000,0.90000000,0,uncovered,targeted_high_pi_for_base_uncovered_low_pi_for_base_covered,0.15000000,0.85000000,baseline_inputs/large_task3_baseline_80_80.json
27,5,420,396,1.000000,0.85000000,0.85000000,0.15000000,0,uncovered,targeted_high_pi_for_base_uncovered_low_pi_for_base_covered,0.15000000,0.85000000,baseline_inputs/large_task3_baseline_80_80.json
27,6,420,397,4.000000,0.85000000,3.40000000,0.60000000,0,uncovered,targeted_high_pi_for_base_uncovered_low_pi_for_base_covered,0.15000000,0.85000000,baseline_inputs/large_task3_baseline_80_80.json
27,8,420,399,2.000000,0.85000000,1.70000000,0.30000000,0,uncovered,targeted_high_pi_for_base_uncovered_low_pi_for_base_covered,0.15000000,0.85000000,baseline_inputs/large_task3_baseline_80_80.json
27,10,420,402,1.000000,0.85000000,0.85000000,0.15000000,0,uncovered,targeted_high_pi_for_base_uncovered_low_pi_for_base_covered,0.15000000,0.85000000,baseline_inputs/large_task3_baseline_80_80.json
27,11,420,403,1.000000,0.85000000,0.85000000,0.15000000,0,uncovered,targeted_high_pi_for_base_uncovered_low_pi_for_base_covered,0.15000000,0.85000000,baseline_inputs/large_task3_baseline_80_80.json
27,12,420,404,1.000000,0.85000000,0.85000000,0.15000000,0,uncovered,targeted_high_pi_for_base_uncovered_low_pi_for_base_covered,0.15000000,0.85000000,baseline_inputs/large_task3_baseline_80_80.json
27,13,420,405,2.000000,0.85000000,1.70000000,0.30000000,0,uncovered,targeted_high_pi_for_base_uncovered_low_pi_for_base_covered,0.15000000,0.85000000,baseline_inputs/large_task3_baseline_80_80.json
27,14,420,406,4.000000,0.85000000,3.40000000,0.60000000,0,uncovered,targeted_high_pi_for_base_uncovered_low_pi_for_base_covered,0.15000000,0.85000000,baseline_inputs/large_task3_baseline_80_80.json
27,16,420,408,1.000000,0.85000000,0.85000000,0.15000000,0,uncovered,targeted_high_pi_for_base_uncovered_low_pi_for_base_covered,0.15000000,0.85000000,baseline_inputs/large_task3_baseline_80_80.json
27,17,420,409,1.000000,0.85000000,0.85000000,0.15000000,0,uncovered,targeted_high_pi_for_base_uncovered_low_pi_for_base_covered,0.15000000,0.85000000,baseline_inputs/large_task3_baseline_80_80.json
27,18,420,410,3.000000,0.85000000,2.55000000,0.45000000,0,uncovered,targeted_high_pi_for_base_uncovered_low_pi_for_base_covered,0.15000000,0.85000000,baseline_inputs/large_task3_baseline_80_80.json
27,19,420,412,3.000000,0.85000000,2.55000000,0.45000000,0,uncovered,targeted_high_pi_for_base_uncovered_low_pi_for_base_covered,0.15000000,0.85000000,baseline_inputs/large_task3_baseline_80_80.json
27,20,420,413,11.000000,0.85000000,9.35000000,1.65000000,0,uncovered,targeted_high_pi_for_base_uncovered_low_pi_for_base_covered,0.15000000,0.85000000,baseline_inputs/large_task3_baseline_80_80.json
27,21,420,414,6.000000,0.85000000,5.10000000,0.90000000,0,uncovered,targeted_high_pi_for_base_uncovered_low_pi_for_base_covered,0.15000000,0.85000000,baseline_inputs/large_task3_baseline_80_80.json
27,22,420,415,4.000000,0.85000000,3.40000000,0.60000000,0,uncovered,targeted_high_pi_for_base_uncovered_low_pi_for_base_covered,0.15000000,0.85000000,baseline_inputs/large_task3_baseline_80_80.json
27,25,420,418,2.000000,0.85000000,1.70000000,0.30000000,0,uncovered,targeted_high_pi_for_base_uncovered_low_pi_for_base_covered,0.15000000,0.85000000,baseline_inputs/large_task3_baseline_80_80.json
27,26,420,419,35.000000,0.85000000,29.75000000,5.25000000,0,uncovered,targeted_high_pi_for_base_uncovered_low_pi_for_base_covered,0.15000000,0.85000000,baseline_inputs/large_task3_baseline_80_80.json
27,28,420,421,10.000000,0.85000000,8.50000000,1.50000000,0,uncovered,targeted_high_pi_for_base_uncovered_low_pi_for_base_covered,0.15000000,0.85000000,baseline_inputs/large_task3_baseline_80_80.json
27,29,420,423,2.000000,0.85000000,1.70000000,0.30000000,0,uncovered,targeted_high_pi_for_base_uncovered_low_pi_for_base_covered,0.15000000,0.85000000,baseline_inputs/large_task3_baseline_80_80.json
28,1,421,392,3.000000,0.85000000,2.55000000,0.45000000,0,uncovered,targeted_high_pi_for_base_uncovered_low_pi_for_base_covered,0.15000000,0.85000000,baseline_inputs/large_task3_baseline_80_80.json
28,2,421,393,3.000000,0.15000000,0.45000000,2.55000000,1,covered,targeted_high_pi_for_base_uncovered_low_pi_for_base_covered,0.15000000,0.85000000,baseline_inputs/large_task3_baseline_80_80.json
28,3,421,394,10.000000,0.85000000,8.50000000,1.50000000,0,uncovered,targeted_high_pi_for_base_uncovered_low_pi_for_base_covered,0.15000000,0.85000000,baseline_inputs/large_task3_baseline_80_80.json
28,4,421,395,3.000000,0.85000000,2.55000000,0.45000000,0,uncovered,targeted_high_pi_for_base_uncovered_low_pi_for_base_covered,0.15000000,0.85000000,baseline_inputs/large_task3_baseline_80_80.json
28,5,421,396,3.000000,0.15000000,0.45000000,2.55000000,1,covered,targeted_high_pi_for_base_uncovered_low_pi_for_base_covered,0.15000000,0.85000000,baseline_inputs/large_task3_baseline_80_80.json
28,6,421,397,6.000000,0.15000000,0.90000000,5.10000000,1,covered,targeted_high_pi_for_base_uncovered_low_pi_for_base_covered,0.15000000,0.85000000,baseline_inputs/large_task3_baseline_80_80.json
28,7,421,398,5.000000,0.85000000,4.25000000,0.75000000,0,uncovered,targeted_high_pi_for_base_uncovered_low_pi_for_base_covered,0.15000000,0.85000000,baseline_inputs/large_task3_baseline_80_80.json
28,8,421,399,6.000000,0.15000000,0.90000000,5.10000000,1,covered,targeted_high_pi_for_base_uncovered_low_pi_for_base_covered,0.15000000,0.85000000,baseline_inputs/large_task3_baseline_80_80.json
28,10,421,402,1.000000,0.85000000,0.85000000,0.15000000,0,uncovered,targeted_high_pi_for_base_uncovered_low_pi_for_base_covered,0.15000000,0.85000000,baseline_inputs/large_task3_baseline_80_80.json
28,11,421,403,1.000000,0.15000000,0.15000000,0.85000000,1,covered,targeted_high_pi_for_base_uncovered_low_pi_for_base_covered,0.15000000,0.85000000,baseline_inputs/large_task3_baseline_80_80.json
28,12,421,404,4.000000,0.85000000,3.40000000,0.60000000,0,uncovered,targeted_high_pi_for_base_uncovered_low_pi_for_base_covered,0.15000000,0.85000000,baseline_inputs/large_task3_baseline_80_80.json
28,13,421,405,2.000000,0.85000000,1.70000000,0.30000000,0,uncovered,targeted_high_pi_for_base_uncovered_low_pi_for_base_covered,0.15000000,0.85000000,baseline_inputs/large_task3_baseline_80_80.json
28,14,421,406,7.000000,0.85000000,5.95000000,1.05000000,0,uncovered,targeted_high_pi_for_base_uncovered_low_pi_for_base_covered,0.15000000,0.85000000,baseline_inputs/large_task3_baseline_80_80.json
28,15,421,407,1.000000,0.15000000,0.15000000,0.85000000,1,covered,targeted_high_pi_for_base_uncovered_low_pi_for_base_covered,0.15000000,0.85000000,baseline_inputs/large_task3_baseline_80_80.json
28,16,421,408,1.000000,0.85000000,0.85000000,0.15000000,0,uncovered,targeted_high_pi_for_base_uncovered_low_pi_for_base_covered,0.15000000,0.85000000,baseline_inputs/large_task3_baseline_80_80.json
28,17,421,409,2.000000,0.15000000,0.30000000,1.70000000,1,covered,targeted_high_pi_for_base_uncovered_low_pi_for_base_covered,0.15000000,0.85000000,baseline_inputs/large_task3_baseline_80_80.json
28,18,421,410,6.000000,0.15000000,0.90000000,5.10000000,1,covered,targeted_high_pi_for_base_uncovered_low_pi_for_base_covered,0.15000000,0.85000000,baseline_inputs/large_task3_baseline_80_80.json
28,19,421,412,10.000000,0.15000000,1.50000000,8.50000000,1,covered,targeted_high_pi_for_base_uncovered_low_pi_for_base_covered,0.15000000,0.85000000,baseline_inputs/large_task3_baseline_80_80.json
28,20,421,413,17.000000,0.15000000,2.55000000,14.45000000,1,covered,targeted_high_pi_for_base_uncovered_low_pi_for_base_covered,0.15000000,0.85000000,baseline_inputs/large_task3_baseline_80_80.json
28,21,421,414,6.000000,0.85000000,5.10000000,0.90000000,0,uncovered,targeted_high_pi_for_base_uncovered_low_pi_for_base_covered,0.15000000,0.85000000,baseline_inputs/large_task3_baseline_80_80.json
28,22,421,415,5.000000,0.85000000,4.25000000,0.75000000,0,uncovered,targeted_high_pi_for_base_uncovered_low_pi_for_base_covered,0.15000000,0.85000000,baseline_inputs/large_task3_baseline_80_80.json
28,23,421,416,1.000000,0.85000000,0.85000000,0.15000000,0,uncovered,targeted_high_pi_for_base_uncovered_low_pi_for_base_covered,0.15000000,0.85000000,baseline_inputs/large_task3_baseline_80_80.json
28,24,421,417,1.000000,0.85000000,0.85000000,0.15000000,0,uncovered,targeted_high_pi_for_base_uncovered_low_pi_for_base_covered,0.15000000,0.85000000,baseline_inputs/large_task3_baseline_80_80.json
28,25,421,418,3.000000,0.15000000,0.45000000,2.55000000,1,covered,targeted_high_pi_for_base_uncovered_low_pi_for_base_covered,0.15000000,0.85000000,baseline_inputs/large_task3_baseline_80_80.json
28,26,421,419,22.000000,0.15000000,3.30000000,18.70000000,1,covered,targeted_high_pi_for_base_uncovered_low_pi_for_base_covered,0.15000000,0.85000000,baseline_inputs/large_task3_baseline_80_80.json
28,27,421,420,9.000000,0.85000000,7.65000000,1.35000000,0,uncovered,targeted_high_pi_for_base_uncovered_low_pi_for_base_covered,0.15000000,0.85000000,baseline_inputs/large_task3_baseline_80_80.json
28,29,421,423,7.000000,0.15000000,1.05000000,5.95000000,1,covered,targeted_high_pi_for_base_uncovered_low_pi_for_base_covered,0.15000000,0.85000000,baseline_inputs/large_task3_baseline_80_80.json
28,30,421,424,1.000000,0.85000000,0.85000000,0.15000000,0,uncovered,targeted_high_pi_for_base_uncovered_low_pi_for_base_covered,0.15000000,0.85000000,baseline_inputs/large_task3_baseline_80_80.json
29,1,423,392,1.000000,0.85000000,0.85000000,0.15000000,0,uncovered,targeted_high_pi_for_base_uncovered_low_pi_for_base_covered,0.15000000,0.85000000,baseline_inputs/large_task3_baseline_80_80.json
29,2,423,393,2.000000,0.15000000,0.30000000,1.70000000,1,covered,targeted_high_pi_for_base_uncovered_low_pi_for_base_covered,0.15000000,0.85000000,baseline_inputs/large_task3_baseline_80_80.json
29,3,423,394,3.000000,0.85000000,2.55000000,0.45000000,0,uncovered,targeted_high_pi_for_base_uncovered_low_pi_for_base_covered,0.15000000,0.85000000,baseline_inputs/large_task3_baseline_80_80.json
29,4,423,395,6.000000,0.15000000,0.90000000,5.10000000,1,covered,targeted_high_pi_for_base_uncovered_low_pi_for_base_covered,0.15000000,0.85000000,baseline_inputs/large_task3_baseline_80_80.json
29,5,423,396,3.000000,0.15000000,0.45000000,2.55000000,1,covered,targeted_high_pi_for_base_uncovered_low_pi_for_base_covered,0.15000000,0.85000000,baseline_inputs/large_task3_baseline_80_80.json
29,6,423,397,6.000000,0.15000000,0.90000000,5.10000000,1,covered,targeted_high_pi_for_base_uncovered_low_pi_for_base_covered,0.15000000,0.85000000,baseline_inputs/large_task3_baseline_80_80.json
29,7,423,398,5.000000,0.85000000,4.25000000,0.75000000,0,uncovered,targeted_high_pi_for_base_uncovered_low_pi_for_base_covered,0.15000000,0.85000000,baseline_inputs/large_task3_baseline_80_80.json
29,8,423,399,4.000000,0.15000000,0.60000000,3.40000000,1,covered,targeted_high_pi_for_base_uncovered_low_pi_for_base_covered,0.15000000,0.85000000,baseline_inputs/large_task3_baseline_80_80.json
29,10,423,402,2.000000,0.85000000,1.70000000,0.30000000,0,uncovered,targeted_high_pi_for_base_uncovered_low_pi_for_base_covered,0.15000000,0.85000000,baseline_inputs/large_task3_baseline_80_80.json
29,14,423,406,1.000000,0.85000000,0.85000000,0.15000000,0,uncovered,targeted_high_pi_for_base_uncovered_low_pi_for_base_covered,0.15000000,0.85000000,baseline_inputs/large_task3_baseline_80_80.json
29,17,423,409,2.000000,0.85000000,1.70000000,0.30000000,0,uncovered,targeted_high_pi_for_base_uncovered_low_pi_for_base_covered,0.15000000,0.85000000,baseline_inputs/large_task3_baseline_80_80.json
29,18,423,410,5.000000,0.15000000,0.75000000,4.25000000,1,covered,targeted_high_pi_for_base_uncovered_low_pi_for_base_covered,0.15000000,0.85000000,baseline_inputs/large_task3_baseline_80_80.json
29,19,423,412,6.000000,0.15000000,0.90000000,5.10000000,1,covered,targeted_high_pi_for_base_uncovered_low_pi_for_base_covered,0.15000000,0.85000000,baseline_inputs/large_task3_baseline_80_80.json
29,20,423,413,12.000000,0.15000000,1.80000000,10.20000000,1,covered,targeted_high_pi_for_base_uncovered_low_pi_for_base_covered,0.15000000,0.85000000,baseline_inputs/large_task3_baseline_80_80.json
29,21,423,414,2.000000,0.15000000,0.30000000,1.70000000,1,covered,targeted_high_pi_for_base_uncovered_low_pi_for_base_covered,0.15000000,0.85000000,baseline_inputs/large_task3_baseline_80_80.json
29,26,423,419,4.000000,0.15000000,0.60000000,3.40000000,1,covered,targeted_high_pi_for_base_uncovered_low_pi_for_base_covered,0.15000000,0.85000000,baseline_inputs/large_task3_baseline_80_80.json
29,27,423,420,1.000000,0.85000000,0.85000000,0.15000000,0,uncovered,targeted_high_pi_for_base_uncovered_low_pi_for_base_covered,0.15000000,0.85000000,baseline_inputs/large_task3_baseline_80_80.json
29,28,423,421,6.000000,0.15000000,0.90000000,5.10000000,1,covered,targeted_high_pi_for_base_uncovered_low_pi_for_base_covered,0.15000000,0.85000000,baseline_inputs/large_task3_baseline_80_80.json
29,30,423,424,2.000000,0.85000000,1.70000000,0.30000000,0,uncovered,targeted_high_pi_for_base_uncovered_low_pi_for_base_covered,0.15000000,0.85000000,baseline_inputs/large_task3_baseline_80_80.json
30,4,424,395,1.000000,0.85000000,0.85000000,0.15000000,0,uncovered,targeted_high_pi_for_base_uncovered_low_pi_for_base_covered,0.15000000,0.85000000,baseline_inputs/large_task3_baseline_80_80.json
30,5,424,396,1.000000,0.85000000,0.85000000,0.15000000,0,uncovered,targeted_high_pi_for_base_uncovered_low_pi_for_base_covered,0.15000000,0.85000000,baseline_inputs/large_task3_baseline_80_80.json
30,6,424,397,2.000000,0.85000000,1.70000000,0.30000000,0,uncovered,targeted_high_pi_for_base_uncovered_low_pi_for_base_covered,0.15000000,0.85000000,baseline_inputs/large_task3_baseline_80_80.json
30,8,424,399,1.000000,0.85000000,0.85000000,0.15000000,0,uncovered,targeted_high_pi_for_base_uncovered_low_pi_for_base_covered,0.15000000,0.85000000,baseline_inputs/large_task3_baseline_80_80.json
30,14,424,406,2.000000,0.85000000,1.70000000,0.30000000,0,uncovered,targeted_high_pi_for_base_uncovered_low_pi_for_base_covered,0.15000000,0.85000000,baseline_inputs/large_task3_baseline_80_80.json
30,19,424,412,1.000000,0.85000000,0.85000000,0.15000000,0,uncovered,targeted_high_pi_for_base_uncovered_low_pi_for_base_covered,0.15000000,0.85000000,baseline_inputs/large_task3_baseline_80_80.json
30,20,424,413,2.000000,0.85000000,1.70000000,0.30000000,0,uncovered,targeted_high_pi_for_base_uncovered_low_pi_for_base_covered,0.15000000,0.85000000,baseline_inputs/large_task3_baseline_80_80.json
30,26,424,419,2.000000,0.85000000,1.70000000,0.30000000,0,uncovered,targeted_high_pi_for_base_uncovered_low_pi_for_base_covered,0.15000000,0.85000000,baseline_inputs/large_task3_baseline_80_80.json
30,29,424,423,2.000000,0.85000000,1.70000000,0.30000000,0,uncovered,targeted_high_pi_for_base_uncovered_low_pi_for_base_covered,0.15000000,0.85000000,baseline_inputs/large_task3_baseline_80_80.json
