od,origin,destination,original_origin,original_destination,demand,pi_w,protected_demand,unprotected_demand,z_value,covered,u_w,path_length,shortest_length,detour_cap,model_uncovered_length,uncovered_cap_if_required
1->14,1,14,392,406,3.0,0.85,2.55,0.45000000000000007,1.0,True,0.04061677973360562,2265.516877593976,2265.516877593976,2718.620253112771,92.01800000000048,453.10337551879525
1->15,1,15,392,407,2.0,0.85,1.7,0.30000000000000004,1.0,True,0.19142568687738346,1954.721992141428,1954.721992141428,2345.6663905697137,374.1840000000002,390.94439842828564
1->16,1,16,392,408,1.0,0.85,0.85,0.15000000000000002,0.0,False,1.0,1828.267624468033,1828.267624468033,2193.9211493616394,0.0,365.65352489360663
1->17,1,17,392,409,2.0,0.85,1.7,0.30000000000000004,1.0,True,0.08954194306989671,1455.26214344357,1455.26214344357,1746.314572132284,130.30700000000002,291.05242868871403
1->18,1,18,392,410,1.0,0.85,0.85,0.15000000000000002,0.0,False,1.0,1636.7328253284159,1578.701208904545,1894.441450685454,0.0,315.740241780909
1->19,1,19,392,412,1.0,0.85,0.85,0.15000000000000002,0.0,False,1.0,1478.7821800292297,1328.730208904545,1594.4762506854538,0.0,265.746041780909
1->2,1,2,392,393,2.0,0.85,1.7,0.30000000000000004,1.0,True,0.07756670504221139,543.704357868384,529.818049236598,635.7816590839176,41.09624035117503,105.9636098473196
1->20,1,20,392,413,1.0,0.85,0.85,0.15000000000000002,1.0,True,0.19381835790696936,1145.78418002923,1061.69118002923,1274.029416035076,205.77524111757793,212.33823600584603
1->24,1,24,392,417,1.0,0.85,0.85,0.15000000000000002,0.0,False,1.0,2200.926027172309,2032.375680183543,2438.8508162202515,0.0,406.4751360367086
1->26,1,26,392,419,2.0,0.85,1.7,0.30000000000000004,1.0,True,0.1735769784365356,2002.330973488463,1730.0705855462556,2076.0847026555066,300.30042472104697,346.0141171092512
1->28,1,28,392,421,2.0,0.85,1.7,0.30000000000000004,0.0,False,1.0,1493.6789127069228,1257.1445213119498,1508.5734255743398,0.0,251.42890426238998
1->29,1,29,392,423,1.0,0.85,0.85,0.15000000000000002,0.0,False,1.0,1188.579267592846,1013.905,1216.686,0.0,202.781
1->3,1,3,392,394,8.0,0.85,6.8,1.2000000000000002,1.0,True,0.0,957.315385892906,909.4529329092419,1091.3435194910903,0.0,181.8905865818484
1->4,1,4,392,395,3.0,0.85,2.55,0.45000000000000007,1.0,True,0.15898395552616515,766.755251295046,762.944912262152,915.5338947145824,121.29599999999994,152.5889824524304
1->5,1,5,392,396,1.0,0.85,0.85,0.15000000000000002,1.0,True,0.14387617314555787,934.76214344357,934.76214344357,1121.714572132284,134.4899999999999,186.952428688714
1->6,1,6,392,397,4.0,0.85,3.4,0.6000000000000001,1.0,True,0.07099035852388395,1296.204187629811,1296.204187629811,1555.4450251557732,92.01800000000003,259.2408375259622
1->7,1,7,392,398,3.0,0.85,2.55,0.45000000000000007,0.0,False,1.0,1289.4488208016157,1289.4488208016157,1547.3385849619387,0.0,257.8897641603232
1->8,1,8,392,399,1.0,0.85,0.85,0.15000000000000002,1.0,True,0.04330520409850682,2124.8716387685236,2124.8716387685236,2549.845966522228,92.01799999999957,424.97432775370476
1->9,1,9,392,401,1.0,0.85,0.85,0.15000000000000002,0.0,False,1.0,2235.8443638059935,2235.8443638059935,2683.013236567192,0.0,447.1688727611987
10->11,10,11,402,403,35.0,0.15,5.25,29.75,1.0,True,0.14855023082380156,572.298,572.298,686.7576,85.01499999999999,114.45960000000001
10->12,10,12,402,404,23.0,0.15,3.4499999999999997,19.55,1.0,True,0.1746443356188804,1078.7591846217792,1060.0919929658592,1272.1103915590309,185.13906180641732,212.01839859317184
10->13,10,13,402,405,14.0,0.15,2.1,11.9,1.0,True,0.051374879860182646,1408.7684784888982,1403.1169913161282,1683.7403895793539,72.08496685864702,280.6233982632256
10->14,10,14,402,406,18.0,0.85,15.299999999999999,2.7,1.0,True,0.031440491345238256,647.5089646804561,647.5089646804561,777.0107576165473,20.35800000000006,129.50179293609122
10->15,10,15,402,407,3.0,0.85,2.55,0.45000000000000007,1.0,True,0.0,850.2211831777349,850.2211831777349,1020.2654198132818,0.0,170.044236635547
10->16,10,16,402,408,4.0,0.85,3.4,0.6000000000000001,1.0,True,0.05902666271302458,918.144403038417,918.144403038417,1101.7732836461003,54.194999999999936,183.6288806076834
10->17,10,17,402,409,1.0,0.85,0.85,0.15000000000000002,1.0,True,0.03215083845808073,1354.058666894587,1294.5541079517059,1553.464929542047,41.621000000000095,258.9108215903412
10->18,10,18,402,410,4.0,0.15,0.6,3.4,1.0,True,0.0,1229.299031875593,1229.299031875593,1475.1588382507116,0.0,245.85980637511864
10->19,10,19,402,412,3.0,0.15,0.44999999999999996,2.55,1.0,True,0.06979728483072861,1479.5312036113921,1426.3791385579962,1711.6549662695954,99.55739101054178,285.2758277115992
10->2,10,2,402,393,2.0,0.85,1.7,0.30000000000000004,1.0,True,0.1488196081074609,2293.622357965525,2207.134250549871,2648.561100659845,328.4648542073862,441.4268501099742
10->20,10,20,402,413,5.0,0.15,0.75,4.25,1.0,True,0.1370774068929453,1825.8236668945872,1762.763138557996,2115.315766269595,241.63499999999976,352.5526277115992
10->21,10,21,402,414,2.0,0.85,1.7,0.30000000000000004,1.0,True,0.03986372415454346,1582.625064512358,1582.625064512358,1899.1500774148294,63.089329011787186,316.52501290247164
10->22,10,22,402,415,4.0,0.85,3.4,0.6000000000000001,1.0,True,0.05302554540878636,1189.791232233757,1189.791232233757,1427.7494786805084,63.08932901178696,237.95824644675142
10->23,10,23,402,416,1.0,0.85,0.85,0.15000000000000002,0.0,False,1.0,1910.4789255381688,1886.2684818670791,2263.5221782404947,0.0,377.25369637341583
10->25,10,25,402,418,1.0,0.85,0.85,0.15000000000000002,1.0,True,0.031628653678400176,1994.689045359915,1994.689045359915,2393.626854431898,63.08932901178741,398.93780907198305
10->26,10,26,402,419,7.0,0.85,5.95,1.0500000000000003,1.0,True,0.1362842203075815,2239.4470053990913,2239.4470053990913,2687.3364064789093,305.2012890509634,447.8894010798183
10->27,10,27,402,420,3.0,0.85,2.55,0.45000000000000007,1.0,True,0.1166337378043679,3044.0533723149547,3044.0533723149547,3652.8640467779455,355.03932288908436,608.810674462991
10->28,10,28,402,421,2.0,0.85,1.7,0.30000000000000004,1.0,True,0.049008611072389664,2221.977640278163,2221.977640278163,2666.3731683337955,108.89603798393864,444.39552805563267
10->3,10,3,402,394,2.0,0.85,1.7,0.30000000000000004,0.0,False,1.0,3013.160313395739,2799.429549767183,3359.3154597206194,0.0,559.8859099534366
10->4,10,4,402,395,2.0,0.15,0.3,1.7,0.0,False,1.0,2057.748975486947,1956.670414937656,2348.004497925187,0.0,391.33408298753125
10->5,10,5,402,396,3.0,0.15,0.44999999999999996,2.55,1.0,True,0.046970947920446045,1964.2666668945872,1790.3194149376561,2148.3832979251874,84.09300000000007,358.06388298753126
10->6,10,6,402,397,7.0,0.15,1.05,5.95,0.0,False,1.0,1423.0235090152898,1423.0235090152898,1707.6282108183477,0.0,284.604701803058
10->7,10,7,402,398,3.0,0.85,2.55,0.45000000000000007,0.0,False,1.0,2458.2745722867103,2223.102843356902,2667.7234120282824,0.0,444.62056867138045
10->8,10,8,402,399,35.0,0.15,5.25,29.75,1.0,True,0.16237810014909856,1667.2199006603719,1667.2199006603719,2000.6638807924462,270.72,333.4439801320744
10->9,10,9,402,401,8.0,0.15,1.2,6.8,1.0,True,0.1135265794341568,477.37719457523195,477.37719457523195,572.8526334902783,54.19499999999999,95.4754389150464
11->10,11,10,403,402,37.0,0.15,5.55,31.45,1.0,True,0.14855023082380156,572.298,572.298,686.7576,85.01499999999999,114.45960000000001
11->12,11,12,403,404,39.0,0.15,5.85,33.15,1.0,True,0.05592612048173739,651.9684828787709,636.304851827467,763.5658221929604,35.58606180641698,127.2609703654934
11->13,11,13,403,405,23.0,0.15,3.4499999999999997,19.55,1.0,True,0.07355620283186352,979.998478488898,979.998478488898,1175.9981741866775,72.08496685864702,195.9996956977796
11->14,11,14,403,406,24.0,0.15,3.5999999999999996,20.4,1.0,True,0.12260307493519537,1216.3398028868721,1216.3398028868721,1459.6077634642465,149.12699999999995,243.26796057737442
11->15,11,15,403,407,2.0,0.15,0.3,1.7,1.0,True,0.16087104109039713,1419.31319311995,1419.31319311995,1703.17583174394,228.32639101054224,283.86263862399
11->16,11,16,403,408,3.0,0.85,2.55,0.45000000000000007,1.0,True,0.09340179782607275,1490.442403038417,1490.442403038417,1788.5308836461004,139.21000000000026,298.08848060768344
11->17,11,17,403,409,3.0,0.15,0.44999999999999996,2.55,1.0,True,0.0745693777279124,1866.852107951706,1866.852107951706,2240.222529542047,139.21000000000026,373.37042159034127
11->18,11,18,403,410,4.0,0.15,0.6,3.4,1.0,True,0.126961481513915,1798.3910418178082,1798.3910418178082,2158.0692501813696,228.326391010542,359.6782083635617
11->19,11,19,403,412,3.0,0.15,0.44999999999999996,2.55,1.0,True,0.08877377305330121,2060.418198768525,1998.677138557996,2398.412566269595,177.430110705169,399.7354277115992
11->2,11,2,403,393,3.0,0.15,0.44999999999999996,2.55,0.0,False,1.0,2863.095196171942,2779.4322505498712,3335.3187006598455,0.0,555.8864501099742
11->20,11,20,403,413,5.0,0.15,0.75,4.25,1.0,True,0.12221906967979436,2395.492505101003,2335.061138557996,2802.073366269595,285.38899999999967,467.0122277115992
11->21,11,21,403,414,3.0,0.85,2.55,0.45000000000000007,1.0,True,0.08917604528604907,2151.455902718774,2151.455902718774,2581.7470832625286,191.85832901178696,430.29118054375476
11->22,11,22,403,415,5.0,0.85,4.25,0.7500000000000001,1.0,True,0.10909582691849543,1758.622070440173,1758.622070440173,2110.3464845282074,191.8583290117872,351.7244140880346
11->23,11,23,403,416,2.0,0.85,1.7,0.30000000000000004,1.0,True,0.19817398556489602,1463.149969039849,1463.149969039849,1755.779962847819,289.9582608437811,292.6299938079698
11->26,11,26,403,419,4.0,0.85,3.4,0.6000000000000001,1.0,True,0.1649140555596936,2818.124287105568,2766.89593614156,3320.275123369872,456.30003014073964,553.379187228312
11->27,11,27,403,420,1.0,0.85,0.85,0.15000000000000002,0.0,False,1.0,4028.5560166403357,3571.502303057423,4285.802763668908,0.0,714.3004606114846
11->28,11,28,403,421,1.0,0.85,0.85,0.15000000000000002,1.0,True,0.12082193254039882,2791.0696502203787,2791.0696502203787,3349.2835802644545,337.2224289944811,558.2139300440757
11->3,11,3,403,394,2.0,0.15,0.3,1.7,1.0,True,0.18402674843803177,3663.341259021066,3371.727549767183,4046.0730597206193,620.4880576025867,674.3455099534367
11->4,11,4,403,395,3.0,0.15,0.44999999999999996,2.55,1.0,True,0.19340980511373632,2623.498939079153,2528.9684149376562,3034.7620979251874,489.12728827188675,505.79368298753127
11->5,11,5,403,396,1.0,0.15,0.15,0.85,1.0,True,0.19128725309418898,2530.7829285061443,2362.617414937656,2835.1408979251873,451.9385954159179,472.5234829875312
11->6,11,6,403,397,12.0,0.15,1.7999999999999998,10.2,1.0,True,0.14166909429550756,2089.631806186461,1995.3215090152896,2394.3858108183476,282.6753910105415,399.06430180305796
11->8,11,8,403,399,36.0,0.15,5.3999999999999995,30.599999999999998,1.0,True,0.15884445482445286,2239.5179006603717,2239.5179006603717,2687.421480792446,355.7349999999999,447.90358013207435
11->9,11,9,403,401,9.0,0.15,1.3499999999999999,7.6499999999999995,1.0,True,0.1326219774644991,1049.6751945752321,1049.6751945752321,1259.6102334902785,139.21000000000015,209.93503891504645
12->10,12,10,404,402,27.0,0.15,4.05,22.95,1.0,True,0.06799878438565715,1065.074851827467,1060.091992965859,1272.1103915590306,72.08496685864702,212.0183985931718
12->11,12,11,404,403,50.0,0.15,7.5,42.5,1.0,True,0.05592612048173757,651.968482878771,636.304851827467,763.5658221929604,35.58606180641709,127.2609703654934
12->13,12,13,404,405,31.0,0.15,4.6499999999999995,26.349999999999998,1.0,True,0.0,692.1219239092029,692.1219239092029,830.5463086910435,0.0,138.4243847818406
12->14,12,14,404,406,25.0,0.15,3.75,21.25,1.0,True,0.0,1067.8876570367659,1067.8876570367659,1281.465188444119,0.0,213.57753140735318
12->15,12,15,404,407,5.0,0.85,4.25,0.7500000000000001,1.0,True,0.19432813398805068,1406.31755465898,1406.31755465898,1687.581065590776,273.2870661915181,281.263510931796
12->16,12,16,404,408,1.0,0.85,0.85,0.15000000000000002,1.0,True,0.19888350501285132,1535.673188039312,1535.673188039312,1842.8078256471742,305.4200661915179,307.13463760786243
12->17,12,17,404,409,5.0,0.15,0.75,4.25,1.0,True,0.04285423219591205,1757.2685361578929,1757.2685361578929,2108.7222433894713,75.30639387908082,351.4537072315786
12->18,12,18,404,410,4.0,0.15,0.6,3.4,1.0,True,0.04615695785280043,1631.5285361578929,1631.5285361578929,1957.8342433894713,75.30639387908104,326.3057072315786
12->19,12,19,404,412,6.0,0.15,0.8999999999999999,5.1,1.0,True,0.04002466778857682,1881.4995361578929,1881.4995361578929,2257.7994433894714,75.30639387908104,376.2999072315786
12->2,12,2,404,393,5.0,0.15,0.75,4.25,0.0,False,1.0,2680.411695825839,2680.411695825839,3216.494034991007,0.0,536.0823391651678
12->20,12,20,404,413,3.0,0.15,0.44999999999999996,2.55,1.0,True,0.03395416966282035,2217.883536157893,2217.883536157893,2661.4602433894715,75.30639387908104,443.57670723157867
12->21,12,21,404,414,2.0,0.15,0.3,1.7,1.0,True,0.02281715451663287,1872.7720400296619,1872.7720400296619,2247.3264480355942,42.731329011786556,374.5544080059324
12->22,12,22,404,415,2.0,0.15,0.3,1.7,1.0,True,0.028873725124457753,1479.9382077510609,1479.9382077510609,1775.925849301273,42.731329011786784,295.9876415502122
12->23,12,23,404,416,6.0,0.85,5.1,0.9000000000000001,1.0,True,0.18538094311034103,1175.273414460154,1175.273414460154,1410.3280973521848,217.87329398513407,235.05468289203083
12->24,12,24,404,417,1.0,0.85,0.85,0.15000000000000002,0.0,False,1.0,2178.2650226971045,1949.678130406484,2339.6137564877804,0.0,389.9356260812968
12->26,12,26,404,419,9.0,0.15,1.3499999999999999,7.6499999999999995,1.0,True,0.1126043512120364,2529.5939809163947,2529.5939809163947,3035.5127770996737,284.843289050963,505.91879618327897
12->27,12,27,404,420,1.0,0.85,0.85,0.15000000000000002,1.0,True,0.10037828803739382,3334.2003478322586,3334.2003478322586,4001.04041739871,334.6813228890851,666.8400695664518
12->28,12,28,404,421,1.0,0.85,0.85,0.15000000000000002,1.0,True,0.07019355626892476,2624.207144560463,2624.207144560463,3149.0485734725553,184.20243186301923,524.8414289120926
12->4,12,4,404,395,3.0,0.15,0.44999999999999996,2.55,1.0,True,0.11147159787358017,2452.242536157893,2452.242536157893,2942.6910433894714,273.355393879081,490.4485072315786
12->5,12,5,404,396,3.0,0.15,0.44999999999999996,2.55,1.0,True,0.13923112625163567,2292.471536157893,2292.471536157893,2750.9658433894715,319.18339387908077,458.4943072315786
12->6,12,6,404,397,9.0,0.85,7.6499999999999995,1.35,1.0,True,0.1685628863176363,2075.641167725491,2075.641167725491,2490.7694012705892,349.8760661915178,415.1282335450982
12->7,12,7,404,398,2.0,0.15,0.3,1.7,1.0,True,0.19532745510177776,3074.3474595784814,3014.109772032156,3616.931726438587,588.7383911684406,602.8219544064312
12->8,12,8,404,399,16.0,0.15,2.4,13.6,1.0,True,0.19570299542434214,2771.359312411654,2611.8761727208057,3134.251407264967,511.1519906789281,522.3752345441611
12->9,12,9,404,401,4.0,0.15,0.6,3.4,1.0,True,0.15607183604759248,1556.1363791970107,1533.4865525220966,1840.1838630265158,239.33406180641646,306.69731050441936
13->10,13,10,405,402,13.0,0.15,1.95,11.049999999999999,1.0,True,0.0513748798601825,1408.768478488898,1403.1169913161277,1683.7403895793532,72.0849668586468,280.62339826322557
13->11,13,11,405,403,26.0,0.15,3.9,22.099999999999998,1.0,True,0.07355620283186352,979.998478488898,979.998478488898,1175.9981741866775,72.08496685864702,195.9996956977796
13->12,13,12,405,404,32.0,0.15,4.8,27.2,1.0,True,0.0,692.121923909203,692.121923909203,830.5463086910436,0.0,138.42438478184062
13->14,13,14,405,406,29.0,0.15,4.35,24.65,1.0,True,1.2625818006244787e-16,900.431462463549,900.431462463549,1080.5177549562588,1.1368683772161603e-13,180.08629249270982
13->15,13,15,405,407,18.0,0.15,2.6999999999999997,15.299999999999999,1.0,True,0.053928497826854736,1318.6739587800348,1318.6739587800348,1582.4087505360417,71.11410572039904,263.734791756007
13->16,13,16,405,408,11.0,0.15,1.65,9.35,1.0,True,0.0808229688514337,1647.7867613539108,1647.7867613539108,1977.344113624693,133.17901808671195,329.5573522707822
13->17,13,17,405,409,7.0,0.15,1.05,5.95,1.0,True,0.04736810245416635,1589.812341584676,1589.812341584676,1907.7748099016112,75.30639387908104,317.9624683169352
13->18,13,18,405,410,26.0,0.15,3.9,22.099999999999998,1.0,True,0.05143625198026146,1464.072341584676,1464.072341584676,1756.886809901611,75.30639387908082,292.81446831693523
13->19,13,19,405,412,8.0,0.15,1.2,6.8,1.0,True,0.043934941463882805,1714.043341584676,1714.043341584676,2056.852009901611,75.30639387908082,342.8086683169352
13->2,13,2,405,393,1.0,0.15,0.15,0.85,0.0,False,1.0,2846.601390985193,2512.9555012526225,3015.546601503147,0.0,502.5911002505245
13->20,13,20,405,413,5.0,0.15,0.75,4.25,1.0,True,0.03672717016194322,2050.427341584676,2050.427341584676,2460.512809901611,75.30639387908127,410.08546831693525
13->21,13,21,405,414,4.0,0.85,3.4,0.6000000000000001,1.0,True,0.09020977226419268,1757.6101063532938,1703.1125345171101,2043.735041420532,153.6373938790805,340.62250690342205
13->22,13,22,405,415,6.0,0.15,0.8999999999999999,5.1,1.0,True,0.03261239684258291,1312.482013177844,1310.2787022385091,1572.3344426862109,42.731329011786784,262.05574044770185
13->23,13,23,405,416,12.0,0.85,10.2,1.8000000000000003,1.0,True,0.18646771918512486,783.3528978359741,783.3528978359741,940.0234774031688,146.07002817653222,156.67057956719484
13->24,13,24,405,417,1.0,0.85,0.85,0.15000000000000002,0.0,False,1.0,1927.287838059591,1678.503461992464,2014.2041543909568,0.0,335.70069239849283
13->25,13,25,405,418,1.0,0.85,0.85,0.15000000000000002,1.0,True,0.1765420073622515,2144.7758263040023,1991.4825613734492,2389.779073648139,351.58032901178694,398.29651227468986
13->26,13,26,405,419,4.0,0.15,0.6,3.4,1.0,True,0.10667272173438869,2365.8702535268985,2336.069993519432,2803.2839922233184,249.19494437075355,467.21399870388643
13->27,13,27,405,420,1.0,0.85,0.85,0.15000000000000002,0.0,False,1.0,3323.5375641380106,2958.9837875858066,3550.7805451029676,0.0,591.7967575171614
13->28,13,28,405,421,1.0,0.85,0.85,0.15000000000000002,1.0,True,0.07497806477452504,2456.7509499872463,2456.7509499872463,2948.1011399846952,184.20243186301968,491.35018999744926
13->3,13,3,405,394,1.0,0.85,0.85,0.15000000000000002,0.0,False,1.0,3166.92997589666,3166.92997589666,3800.315971075992,0.0,633.385995179332
13->4,13,4,405,395,3.0,0.15,0.44999999999999996,2.55,1.0,True,0.11964155636955014,2284.786341584676,2284.786341584676,2741.743609901611,273.35539387908125,456.9572683169352
13->5,13,5,405,396,18.0,0.15,2.6999999999999997,15.299999999999999,1.0,True,0.12390605413640277,2139.434900979339,2125.0153415846758,2550.018409901611,263.30226595507725,425.0030683169352
13->6,13,6,405,397,22.0,0.15,3.3,18.7,1.0,True,0.08119512427716721,2187.75474104009,2187.75474104009,2625.3056892481077,177.63501808671185,437.550948208018
13->7,13,7,405,398,4.0,0.15,0.6,3.4,0.0,False,1.0,2904.9242650052643,2904.9242650052643,3485.909118006317,0.0,580.9848530010529
13->8,13,8,405,399,15.0,0.15,2.25,12.75,1.0,True,0.06054816872793375,2933.780192178803,2933.780192178803,3520.536230614564,177.63501808671208,586.7560384357606
13->9,13,9,405,401,2.0,0.15,0.3,1.7,1.0,True,0.06729506503700475,1886.1456730641296,1876.5115508723657,2251.8138610468386,126.2799668586465,375.3023101744732
14->1,14,1,406,392,2.0,0.85,1.7,0.30000000000000004,1.0,True,0.040616779733605425,2265.5168775939756,2265.5168775939756,2718.6202531127706,92.01800000000003,453.10337551879513
14->10,14,10,406,402,23.0,0.85,19.55,3.4500000000000006,1.0,True,0.031440491345238256,647.5089646804561,647.5089646804561,777.0107576165473,20.35800000000006,129.50179293609122
14->11,14,11,406,403,24.0,0.15,3.5999999999999996,20.4,1.0,True,0.12260307493519537,1216.3398028868721,1216.3398028868721,1459.6077634642465,149.12699999999995,243.26796057737442
14->12,14,12,406,404,22.0,0.15,3.3,18.7,1.0,True,2.1291909682162743e-16,1067.887657036766,1067.887657036766,1281.4651884441193,2.2737367544323206e-13,213.57753140735323
14->13,14,13,406,405,40.0,0.15,6.0,34.0,1.0,True,1.2625818006244787e-16,900.431462463549,900.431462463549,1080.5177549562588,1.1368683772161603e-13,180.08629249270982
14->15,14,15,406,407,6.0,0.85,5.1,0.9000000000000001,1.0,True,0.17003079875122654,418.24249631648604,418.24249631648604,501.89099557978324,71.11410572039904,83.64849926329721
14->16,14,16,406,408,5.0,0.15,0.75,4.25,1.0,True,0.1381499614356057,796.347382547778,747.355298890362,896.8263586684343,103.24710572039908,149.4710597780724
14->17,14,17,406,409,3.0,0.15,0.44999999999999996,2.55,1.0,True,1.398933819372915e-16,812.6677341504061,812.6677341504061,975.2012809804872,1.1368683772161603e-13,162.53354683008124
14->18,14,18,406,410,12.0,0.15,1.7999999999999998,10.2,1.0,True,1.6550043340763377e-16,686.9277341504061,686.9277341504061,824.3132809804873,1.1368683772161603e-13,137.3855468300812
14->19,14,19,406,412,9.0,0.15,1.3499999999999999,7.6499999999999995,1.0,True,0.0,936.898734150406,936.898734150406,1124.278480980487,0.0,187.37974683008122
14->2,14,2,406,393,3.0,0.15,0.44999999999999996,2.55,0.0,False,1.0,1735.810893818353,1735.810893818353,2082.9730725820236,0.0,347.1621787636706
14->20,14,20,406,413,9.0,0.15,1.3499999999999999,7.6499999999999995,1.0,True,0.0,1273.2827341504058,1273.2827341504058,1527.939280980487,0.0,254.65654683008117
14->21,14,21,406,414,7.0,0.15,1.05,5.95,1.0,True,0.07989164339424575,980.465498919024,980.465498919024,1176.5585987028287,78.3309999999999,196.0930997838048
14->22,14,22,406,415,17.0,0.15,2.55,14.45,1.0,True,0.06447803352913677,662.7269268762251,662.7269268762251,795.2723122514701,42.73132901178701,132.54538537524502
14->23,14,23,406,416,4.0,0.85,3.4,0.6000000000000001,1.0,True,0.1574703515321867,1383.5829530145002,1383.5829530145002,1660.2995436174,217.8732939851343,276.71659060290006
14->24,14,24,406,417,3.0,0.85,2.55,0.45000000000000007,1.0,True,0.1400872342311729,1237.5002253295931,1187.4600916561149,1424.9521099873377,166.34800000000018,237.492018331223
14->25,14,25,406,418,3.0,0.85,2.55,0.45000000000000007,1.0,True,0.056250873779081285,1392.529479766581,1392.529479766581,1671.0353757198973,78.33099999999968,278.5058959533162
14->26,14,26,406,419,15.0,0.15,2.25,12.75,1.0,True,0.09735989478933962,1718.6732462802759,1637.287439805757,1964.7449277669084,159.40613287939573,327.4574879611514
14->27,14,27,406,420,4.0,0.85,3.4,0.6000000000000001,1.0,True,0.15163681273037036,2441.8938067216204,2441.8938067216204,2930.2725680659446,370.28099387729753,488.3787613443241
14->28,14,28,406,421,6.0,0.15,0.8999999999999999,5.1,1.0,True,0.06483426218694706,1679.606342552976,1679.606342552976,2015.5276110635712,108.89603798393887,335.9212685105952
14->29,14,29,406,423,1.0,0.15,0.15,0.85,1.0,True,0.10004272665485152,1745.2942941308038,1745.2942941308038,2094.3531529569645,174.60400000000004,349.05885882616076
14->3,14,3,406,394,1.0,0.85,0.85,0.15000000000000002,0.0,False,1.0,2389.78536846239,2389.78536846239,2867.742442154868,0.0,477.95707369247805
14->30,14,30,406,424,1.0,0.85,0.85,0.15000000000000002,0.0,False,1.0,2259.693220765693,1992.1957341504058,2390.6348809804867,0.0,398.4391468300812
14->4,14,4,406,395,5.0,0.15,0.75,4.25,1.0,True,0.13136343702478215,1507.6417341504061,1507.6417341504061,1809.1700809804872,198.0490000000002,301.52834683008126
14->5,14,5,406,396,10.0,0.15,1.5,8.5,1.0,True,0.18093500646686378,1347.8707341504062,1347.8707341504062,1617.4448809804874,243.87700000000018,269.57414683008125
14->6,14,6,406,397,24.0,0.15,3.5999999999999996,20.4,1.0,True,0.1379878862154437,1287.3232785765406,1287.3232785765406,1544.7879342918486,177.63501808671163,257.46465571530814
14->7,14,7,406,398,8.0,0.15,1.2,6.8,0.0,False,1.0,2127.7796575709954,2127.7796575709954,2553.3355890851944,0.0,425.5559315141991
14->8,14,8,406,399,27.0,0.15,4.05,22.95,1.0,True,0.08736082280956661,2033.3487297152535,2033.3487297152535,2440.018475658304,177.63501808671163,406.6697459430507
14->9,14,9,406,401,4.0,0.85,3.4,0.6000000000000001,1.0,True,0.07441009957515453,1124.8861592556882,1001.9204439405601,1202.304532728672,74.55300000000011,200.38408878811202
15->1,15,1,407,392,1.0,0.85,0.85,0.15000000000000002,1.0,True,0.19142568687738334,1954.7219921414278,1954.7219921414278,2345.6663905697133,374.18399999999997,390.9443984282856
15->10,15,10,407,402,5.0,0.85,4.25,0.7500000000000001,1.0,True,0.0,863.834921722973,863.834921722973,1036.6019060675676,0.0,172.76698434459462
15->11,15,11,407,403,4.0,0.15,0.6,3.4,1.0,True,0.15934266148882187,1432.926931665188,1432.926931665188,1719.5123179982256,228.32639101054224,286.5853863330376
15->12,15,12,407,404,4.0,0.15,0.6,3.4,1.0,True,0.17011626169323998,1496.1397969019592,1419.9312932042178,1703.9175518450613,241.5534034611494,283.9862586408436
15->13,15,13,407,405,26.0,0.15,3.9,22.099999999999998,1.0,True,0.0585232017992107,1325.109503966308,1325.109503966308,1590.1314047595695,77.54965090667224,265.02190079326164
15->14,15,14,407,406,12.0,0.15,1.7999999999999998,10.2,1.0,True,0.18260810149791604,424.678041502759,424.678041502759,509.6136498033108,77.54965090667201,84.9356083005518
15->16,15,16,407,408,2.0,0.15,0.3,1.7,1.0,True,0.0850977277715182,378.10488623129197,377.601151540438,453.12138184852563,32.13299999999998,75.5202303080876
15->17,15,17,407,409,1.0,0.15,0.15,0.85,1.0,True,0.0,501.199848697858,501.199848697858,601.4398184374296,0.0,100.2399697395716
15->18,15,18,407,410,3.0,0.15,0.44999999999999996,2.55,1.0,True,1.4995183457980093e-16,379.07784869785803,379.07784869785803,454.8934184374296,5.684341886080802e-14,75.81556973957161
15->19,15,19,407,412,7.0,0.15,1.05,5.95,1.0,True,0.0,627.026848697858,627.026848697858,752.4322184374296,0.0,125.4053697395716
15->20,15,20,407,413,4.0,0.15,0.6,3.4,1.0,True,0.0,963.410848697858,963.410848697858,1156.0930184374295,0.0,192.6821697395716
15->21,15,21,407,414,1.0,0.15,0.15,0.85,1.0,True,0.06750884535105793,974.6288486978581,972.568848697858,1167.0826184374296,65.65700000000015,194.51376973957161
15->22,15,22,407,415,1.0,0.15,0.15,0.85,0.0,False,1.0,1089.206935470678,1004.835344613042,1205.8024135356504,0.0,200.9670689226084
15->23,15,23,407,416,1.0,0.85,0.85,0.15000000000000002,1.0,True,0.1633740625869515,1808.260994517259,1808.260994517259,2169.9131934207107,295.42294489180586,361.6521989034518
15->24,15,24,407,417,2.0,0.85,1.7,0.30000000000000004,1.0,True,0.15909858023669696,1532.9970295386422,1532.9970295386422,1839.5964354463706,243.89765090667174,306.59940590772845
15->26,15,26,407,419,5.0,0.15,0.75,4.25,1.0,True,0.11498282192600039,1936.9727168590496,1632.6264815522898,1959.1517778627476,187.72399999999948,326.525296310458
15->27,15,27,407,420,1.0,0.85,0.85,0.15000000000000002,1.0,True,0.16791020366503326,2574.1466562997566,2574.1466562997566,3088.975987559708,432.2254893229565,514.8293312599513
15->28,15,28,407,421,3.0,0.15,0.44999999999999996,2.55,1.0,True,0.036752372568488484,1518.4046528214149,1371.756457100428,1646.1077485205135,50.415304384584715,274.3512914200856
15->3,15,3,407,394,1.0,0.85,0.85,0.15000000000000002,0.0,False,1.0,2122.9307208681576,2078.9904830098417,2494.78857961181,0.0,415.7980966019684
15->4,15,4,407,395,3.0,0.15,0.44999999999999996,2.55,1.0,True,0.16505286387721374,1203.0998486978579,1196.846848697858,1436.2162184374295,197.54299999999978,239.3693697395716
15->5,15,5,407,396,4.0,0.15,0.6,3.4,1.0,True,0.0,1042.6298486978578,1035.287848697858,1242.3454184374295,0.0,207.0575697395716
15->6,15,6,407,397,11.0,0.15,1.65,9.35,1.0,True,0.0863313436254913,918.0728659174711,887.1517201475049,1064.5820641770058,76.58899999999994,177.430344029501
15->7,15,7,407,398,5.0,0.15,0.75,4.25,1.0,True,0.16553524793381008,1816.9367721184472,1805.9355999448217,2167.122719933786,298.9459972893601,361.18711998896435
15->8,15,8,407,399,5.0,0.15,0.75,4.25,0.0,False,1.0,1663.5945823653299,1663.5945823653299,1996.3134988383958,0.0,332.718916473066
15->9,15,9,407,401,2.0,0.15,0.3,1.7,1.0,True,0.04623082148974867,818.8720946944769,695.055786692546,834.0669440310552,32.132999999999925,139.0111573385092
16->10,16,10,408,402,3.0,0.85,2.55,0.45000000000000007,1.0,True,0.04065144456648674,900.558403038417,900.558403038417,1080.6700836461005,36.60900000000004,180.1116806076834
16->11,16,11,408,403,2.0,0.85,1.7,0.30000000000000004,1.0,True,0.08257695709445742,1472.856403038417,1472.856403038417,1767.4276836461004,121.62400000000025,294.57128060768343
16->12,16,12,408,404,7.0,0.85,5.95,1.0500000000000003,1.0,True,0.1971358958439193,1549.2869265845497,1549.2869265845497,1859.1443119014596,305.42006619151766,309.85738531691
16->13,16,13,408,405,16.0,0.15,2.4,13.6,1.0,True,0.07994924854312245,1646.221951200904,1646.221951200904,1975.4663414410848,131.61420793370507,329.2443902401808
16->14,16,14,408,406,9.0,0.15,1.3499999999999999,7.6499999999999995,1.0,True,0.1764761148355911,745.790488737355,745.790488737355,894.9485864848259,131.61420793370507,149.158097747471
16->15,16,15,408,407,1.0,0.15,0.15,0.85,1.0,True,0.08509772777151833,378.104886231292,377.601151540438,453.12138184852563,32.13300000000004,75.5202303080876
16->17,16,17,408,409,2.0,0.85,1.7,0.30000000000000004,1.0,True,1.5101475365493737e-16,376.40970491328903,376.40970491328903,451.6916458959468,5.684341886080802e-14,75.28194098265782
16->18,16,18,408,410,4.0,0.15,0.6,3.4,1.0,True,0.0,749.161704913289,740.0743205859859,888.089184703183,0.0,148.0148641171972
16->19,16,19,408,412,5.0,0.15,0.75,4.25,1.0,True,0.0,748.609704913289,740.069320585986,888.0831847031832,0.0,148.01386411719722
16->2,16,2,408,393,1.0,0.85,0.85,0.15000000000000002,1.0,True,0.034149959384133954,1471.2588353025048,1301.787785453535,1562.1453425442419,44.455999999999904,260.357557090707
16->20,16,20,408,413,5.0,0.15,0.75,4.25,1.0,True,0.0,1084.9937049132889,1076.453320585986,1291.743984703183,0.0,215.2906641171972
16->21,16,21,408,414,2.0,0.85,1.7,0.30000000000000004,1.0,True,0.0493519132389258,1346.670704913289,1333.565320585986,1600.278384703183,65.81399999999985,266.71306411719723
16->26,16,26,408,419,4.0,0.15,0.6,3.4,1.0,True,0.15518435608761375,2091.674963972444,1992.844953440418,2391.4139441285015,309.2583608821019,398.56899068808366
16->27,16,27,408,420,1.0,0.85,0.85,0.15000000000000002,1.0,True,0.09619791579365793,2842.7751938397787,2808.4777125037117,3370.173255004454,270.1697024957971,561.6955425007424
16->28,16,28,408,421,2.0,0.85,1.7,0.30000000000000004,1.0,True,0.12373039305959584,1752.1099416744382,1612.32628400963,1934.791540811556,199.49376486082906,322.465256801926
16->29,16,29,408,423,1.0,0.15,0.15,0.85,0.0,False,1.0,1565.562603501908,1321.606541691887,1585.9278500302644,0.0,264.32130833837743
16->3,16,3,408,394,1.0,0.85,0.85,0.15000000000000002,0.0,False,1.0,2047.878483723854,1915.6412758109109,2298.769530973093,0.0,383.1282551621822
16->4,16,4,408,395,3.0,0.15,0.44999999999999996,2.55,1.0,True,0.15813147368698305,1194.822717762388,1071.614625785588,1285.9375509427057,169.4559999999999,214.32292515711762
16->5,16,5,408,396,1.0,0.15,0.15,0.85,1.0,True,0.04691144172179057,986.617704913289,905.365481024463,1086.4385772293556,42.47199999999998,181.0730962048926
16->6,16,6,408,397,6.0,0.15,0.8999999999999999,5.1,1.0,True,0.08233080788575121,539.967979686179,539.967979686179,647.9615756234148,44.45600000000002,107.9935959372358
16->7,16,7,408,398,1.0,0.85,0.85,0.15000000000000002,0.0,False,1.0,1697.184648552524,1478.4365839928437,1774.1239007914123,0.0,295.68731679856876
16->8,16,8,408,399,9.0,0.15,1.3499999999999999,7.6499999999999995,1.0,True,0.034569383431052134,1285.993430824892,1285.993430824892,1543.1921169898703,44.455999999999904,257.19868616497837
16->9,16,9,408,401,4.0,0.85,3.4,0.6000000000000001,1.0,True,0.0,440.767208463185,440.767208463185,528.9206501558219,0.0,88.153441692637
17->10,17,10,409,402,2.0,0.85,1.7,0.30000000000000004,1.0,True,0.028668687786355177,1276.9681079517059,1276.9681079517059,1532.361729542047,36.60900000000015,255.39362159034118
17->11,17,11,409,403,2.0,0.85,1.7,0.30000000000000004,1.0,True,0.06576879307798154,1849.2661079517059,1849.2661079517059,2219.119329542047,121.62400000000002,369.8532215903412
17->12,17,12,409,404,3.0,0.15,0.44999999999999996,2.55,1.0,True,0.04944981175171917,1769.4616897382473,1769.4616897382473,2123.3540276858967,87.49954745943523,353.8923379476495
17->13,17,13,409,405,16.0,0.15,2.4,13.6,1.0,True,0.04840785574127131,1826.3093526641662,1602.0054951650302,1922.4065941980361,77.5496509066727,320.40109903300606
17->14,17,14,409,406,10.0,0.15,1.5,8.5,1.0,True,0.0,812.667734150406,812.667734150406,975.2012809804871,0.0,162.5335468300812
17->15,17,15,409,407,1.0,0.15,0.15,0.85,1.0,True,0.0,501.199848697858,501.199848697858,601.4398184374296,0.0,100.2399697395716
17->16,17,16,409,408,4.0,0.85,3.4,0.6000000000000001,1.0,True,0.0,376.409704913289,376.409704913289,451.69164589594675,0.0,75.2819409826578
17->18,17,18,409,410,4.0,0.15,0.6,3.4,1.0,True,0.0,372.75199999999995,372.75199999999995,447.3023999999999,0.0,74.5504
17->19,17,19,409,412,10.0,0.15,1.5,8.5,1.0,True,0.0,372.2,372.2,446.64,0.0,74.44
17->2,17,2,409,393,3.0,0.15,0.44999999999999996,2.55,1.0,True,2.4513092016007727e-16,1095.1128114300852,927.560159667947,1113.0721916015364,2.2737367544323206e-13,185.5120319335894
17->20,17,20,409,413,5.0,0.15,0.75,4.25,1.0,True,0.0,708.584,708.584,850.3007999999999,0.0,141.7168
17->21,17,21,409,414,1.0,0.15,0.15,0.85,1.0,True,0.040351133203552235,971.535,966.2429999999999,1159.4915999999998,38.98899999999992,193.2486
17->22,17,22,409,415,2.0,0.85,1.7,0.30000000000000004,1.0,True,0.11828196101654148,1093.43702852516,1033.289082983144,1239.9468995797727,122.21945903223013,206.6578165966288
17->26,17,26,409,419,5.0,0.15,0.75,4.25,1.0,True,0.1653621934947558,1624.9756328544318,1624.9756328544318,1949.970759425318,268.7095350243378,324.9951265708864
17->27,17,27,409,420,1.0,0.85,0.85,0.15000000000000002,1.0,True,0.19371107375749383,2463.4898331800596,2432.068007590424,2918.4816091085086,471.11850520158964,486.41360151808476
17->28,17,28,409,421,1.0,0.85,0.85,0.15000000000000002,1.0,True,0.08810953734722135,1365.43060840257,1235.916579096341,1483.099894915609,108.8960379839391,247.1833158192682
17->29,17,29,409,423,1.0,0.85,0.85,0.15000000000000002,0.0,False,1.0,1004.042280949319,945.196836778598,1134.2362041343176,0.0,189.0393673557196
17->3,17,3,409,394,2.0,0.15,0.3,1.7,0.0,False,1.0,1639.3764613966946,1579.5306343119837,1895.4367611743803,0.0,315.9061268623968
17->4,17,4,409,395,3.0,0.15,0.44999999999999996,2.55,1.0,True,0.0,821.006674455639,697.3870000000002,836.8644000000002,0.0,139.47740000000005
17->5,17,5,409,396,5.0,0.15,0.75,4.25,1.0,True,0.0,535.828,535.828,642.9935999999999,0.0,107.1656
17->6,17,6,409,397,9.0,0.15,1.3499999999999999,7.6499999999999995,1.0,True,0.0,841.956044186241,834.793847882601,1001.7526174591211,0.0,166.9587695765202
17->7,17,7,409,398,4.0,0.15,0.6,3.4,1.0,True,0.10320521470067925,1322.514943639235,1315.736923420589,1578.8843081047066,135.79091167123306,263.1473846841178
17->8,17,8,409,399,7.0,0.85,5.95,1.0500000000000003,1.0,True,0.10430508332562584,1658.059467894256,1658.059467894256,1989.671361473107,172.9440309575532,331.6118935788512
17->9,17,9,409,401,2.0,0.15,0.3,1.7,1.0,True,0.0,817.176913376474,817.176913376474,980.6122960517687,0.0,163.43538267529482
18->1,18,1,410,392,1.0,0.85,0.85,0.15000000000000002,1.0,True,0.13847585519472297,1580.3841434435699,1578.7012089045447,1894.4414506854537,218.61199999999985,315.74024178090895
18->10,18,10,410,402,5.0,0.15,0.75,4.25,1.0,True,0.0,1242.912770420831,1242.912770420831,1491.4953245049971,0.0,248.58255408416622
18->11,18,11,410,403,8.0,0.15,1.2,6.8,1.0,True,0.12600760962937152,1812.004780363046,1812.004780363046,2174.405736435655,228.32639101054178,362.40095607260923
18->12,18,12,410,404,6.0,0.15,0.8999999999999999,5.1,1.0,True,0.05323258067694478,1643.721689738247,1643.721689738247,1972.4660276858963,87.49954745943523,328.74433794764946
18->13,18,13,410,405,33.0,0.15,4.95,28.05,1.0,True,0.0592708748839607,1476.26549516503,1476.26549516503,1771.518594198036,87.49954745943478,295.253099033006
18->14,18,14,410,406,18.0,0.15,2.6999999999999997,15.299999999999999,1.0,True,0.0,686.927734150406,686.927734150406,824.3132809804871,0.0,137.3855468300812
18->15,18,15,410,407,2.0,0.15,0.3,1.7,1.0,True,1.4995183457980093e-16,379.07784869785803,379.07784869785803,454.8934184374296,5.684341886080802e-14,75.81556973957161
18->16,18,16,410,408,4.0,0.15,0.6,3.4,1.0,True,0.0,752.444704913289,740.074320585986,888.0891847031832,0.0,148.01486411719722
18->17,18,17,410,409,4.0,0.15,0.6,3.4,1.0,True,0.0,372.752,372.752,447.3024,0.0,74.55040000000001
18->19,18,19,410,412,13.0,0.15,1.95,11.049999999999999,1.0,True,0.0,249.971,249.971,299.9652,0.0,49.994200000000006
18->2,18,2,410,393,3.0,0.85,2.55,0.45000000000000007,1.0,True,0.120694091456361,1215.4708114300852,1048.8831596679468,1258.659791601536,126.59400000000005,209.77663193358936
18->20,18,20,410,413,15.0,0.15,2.25,12.75,1.0,True,0.0,586.355,586.355,703.626,0.0,117.27100000000002
18->21,18,21,410,414,5.0,0.15,0.75,4.25,1.0,True,0.11062846782849264,595.5509999999999,593.491,712.1891999999999,65.65699999999993,118.6982
18->22,18,22,410,415,5.0,0.85,4.25,0.7500000000000001,1.0,True,0.17839801678392866,720.68502852516,685.094269743252,822.1131236919024,122.21945903223002,137.0188539486504
18->23,18,23,410,416,1.0,0.85,0.85,0.15000000000000002,0.0,False,1.0,1830.958598216832,1544.8432979987242,1853.811957598469,0.0,308.96865959974485
18->25,18,25,410,418,3.0,0.15,0.44999999999999996,2.55,1.0,True,0.18934617180719956,1310.3204172072667,1258.738888771963,1510.4866665263555,238.3373898938196,251.74777775439262
18->26,18,26,410,419,14.0,0.15,2.1,11.9,1.0,True,0.15460828157794018,1308.259868161192,1253.5486328544318,1504.258359425318,193.80899999999997,250.70972657088637
18->27,18,27,410,420,3.0,0.85,2.55,0.45000000000000007,1.0,True,0.19690749001857502,2195.068807601898,2195.068807601898,2634.082569122277,432.22548932295604,439.0137615203796
18->28,18,28,410,421,4.0,0.15,0.6,3.4,1.0,True,0.10969918870234925,992.6786084025699,992.6786084025699,1191.214330083084,108.89603798393898,198.535721680514
18->29,18,29,410,423,9.0,0.15,1.3499999999999999,7.6499999999999995,1.0,True,0.15503519235823193,1138.956280949319,1058.366559980398,1270.0398719764776,164.08406321208122,211.67331199607963
18->3,18,3,410,394,2.0,0.15,0.3,1.7,0.0,False,1.0,1704.6526343119838,1704.6526343119838,2045.5831611743804,0.0,340.9305268623968
18->4,18,4,410,395,4.0,0.15,0.6,3.4,1.0,True,0.1539119936681543,943.721674455639,822.509,987.0108,126.59399999999994,164.5018
18->5,18,5,410,396,7.0,0.15,1.05,5.95,1.0,True,0.0,908.58,774.25,929.0999999999999,0.0,154.85000000000002
18->6,18,6,410,397,18.0,0.15,2.6999999999999997,15.299999999999999,1.0,True,0.10483577101604832,1214.5520441862411,1207.545847882601,1449.0550174591212,126.59400000000028,241.5091695765202
18->7,18,7,410,398,6.0,0.15,0.8999999999999999,5.1,1.0,True,0.08130966275170336,1695.266943639235,1670.046425919881,2004.055711103857,135.79091167123306,334.0092851839762
18->8,18,8,410,399,15.0,0.15,2.25,12.75,1.0,True,0.1114447907516967,2026.0677514108777,2026.0677514108777,2431.281301693053,225.79469660474592,405.21355028217556
18->9,18,9,410,401,3.0,0.15,0.44999999999999996,2.55,1.0,True,0.029915569888911978,1197.9499433923352,1074.1229439827641,1288.9475327793168,32.133000000000266,214.82458879655283
19->1,19,1,412,392,2.0,0.85,1.7,0.30000000000000004,1.0,True,0.15486608172115432,1482.16818002923,1328.730208904545,1594.4762506854538,205.7752411175777,265.746041780909
19->10,19,10,412,402,7.0,0.15,1.05,5.95,1.0,True,0.014450666632886832,1503.6005511460878,1408.793138557996,1690.551766269595,20.357999999999947,281.7586277115992
19->11,19,11,412,403,4.0,0.15,0.6,3.4,1.0,True,0.10412049869181272,2063.156586653094,1981.091138557996,2377.309366269595,206.2721973005896,396.2182277115992
19->12,19,12,412,404,7.0,0.15,1.05,5.95,1.0,True,0.046205779815060556,1893.692689738247,1893.692689738247,2272.4312276858964,87.49954745943523,378.73853794764943
19->13,19,13,412,405,11.0,0.15,1.65,9.35,1.0,True,0.05068804170489382,1726.23649516503,1726.23649516503,2071.483794198036,87.49954745943478,345.247299033006
19->14,19,14,412,406,18.0,0.15,2.6999999999999997,15.299999999999999,1.0,True,0.0,936.8987341504059,936.8987341504059,1124.278480980487,0.0,187.3797468300812
19->15,19,15,412,407,3.0,0.15,0.44999999999999996,2.55,1.0,True,0.0,627.026848697858,627.026848697858,752.4322184374296,0.0,125.4053697395716
19->16,19,16,412,408,5.0,0.15,0.75,4.25,1.0,True,0.0,748.609704913289,740.069320585986,888.0831847031832,0.0,148.01386411719722
19->17,19,17,412,409,7.0,0.15,1.05,5.95,1.0,True,0.0,372.2,372.2,446.64,0.0,74.44
19->18,19,18,412,410,11.0,0.15,1.65,9.35,1.0,True,0.0,249.971,249.971,299.9652,0.0,49.994200000000006
19->2,19,2,412,393,6.0,0.15,0.8999999999999999,5.1,0.0,False,1.0,818.459958775325,798.9121596679471,958.6945916015364,0.0,159.78243193358944
19->20,19,20,412,413,15.0,0.15,2.25,12.75,1.0,True,0.0,336.38400000000007,336.38400000000007,403.66080000000005,0.0,67.27680000000002
19->21,19,21,412,414,12.0,0.15,1.7999999999999998,10.2,1.0,True,0.06562037161707271,599.3349999999999,594.16,712.992,38.98899999999992,118.832
19->22,19,22,412,415,3.0,0.85,2.55,0.45000000000000007,1.0,True,0.1694306182528892,721.3540285251601,721.3540285251601,865.624834230192,122.21945903223013,144.27080570503202
19->23,19,23,412,416,1.0,0.85,0.85,0.15000000000000002,0.0,False,1.0,1836.6415982168319,1614.4558087558732,1937.346970507048,0.0,322.89116175117465
19->24,19,24,412,417,3.0,0.85,2.55,0.45000000000000007,1.0,True,0.09330815030570194,1249.5157134507601,1249.5157134507601,1499.418856140912,116.58999999999992,249.90314269015204
19->25,19,25,412,418,3.0,0.15,0.44999999999999996,2.55,1.0,True,0.18608691622007512,1309.5474172072668,1281.629008305802,1537.9548099669623,238.49438989381974,256.3258016611604
19->26,19,26,412,419,27.0,0.15,4.05,22.95,1.0,True,0.05240922498660144,1310.988868161192,1252.775632854432,1503.3307594253183,65.65699999999993,250.5551265708864
19->27,19,27,412,420,3.0,0.85,2.55,0.45000000000000007,1.0,True,0.16982843034214992,2111.679451847921,2082.3635768712093,2498.836292245451,353.6445376617023,416.4727153742419
19->28,19,28,412,421,11.0,0.15,1.65,9.35,1.0,True,0.12287806952698019,993.34760840257,886.212148377127,1063.4545780525525,108.8960379839391,177.24242967542543
19->29,19,29,412,423,5.0,0.15,0.75,4.25,1.0,True,0.15709154450756432,879.417779095428,808.3955599803982,970.0746719764777,126.99210709037811,161.67911199607966
19->3,19,3,412,394,7.0,0.15,1.05,5.95,0.0,False,1.0,1703.9576343119838,1513.931976059271,1816.718371271125,0.0,302.7863952118542
19->30,19,30,412,424,2.0,0.85,1.7,0.30000000000000004,0.0,False,1.0,1147.6245599803979,1055.2969999999998,1266.3563999999997,0.0,211.05939999999998
19->4,19,4,412,395,8.0,0.15,1.2,6.8,0.0,False,1.0,593.5991685794829,593.5991685794829,712.3190022953795,0.0,118.71983371589658
19->5,19,5,412,396,7.0,0.15,1.05,5.95,1.0,True,0.05491702063008733,852.4150000000001,773.385,928.0619999999999,42.472000000000094,154.67700000000002
19->6,19,6,412,397,13.0,0.15,1.95,11.049999999999999,1.0,True,0.08355966368588322,1219.9410441862412,1206.993847882601,1448.392617459121,100.85600000000022,241.39876957652018
19->7,19,7,412,398,4.0,0.15,0.6,3.4,1.0,True,0.15605608091863352,1695.574943639235,1669.181425919881,2003.017711103857,260.485911671233,333.8362851839762
19->8,19,8,412,399,20.0,0.15,3.0,17.0,1.0,True,0.11144506577968061,2026.0627514108776,2026.0627514108776,2431.275301693053,225.79469660474592,405.2125502821755
19->9,19,9,412,401,4.0,0.15,0.6,3.4,1.0,True,2.1168408620020278e-16,1189.376913376474,1074.1179439827642,1288.941532779317,2.2737367544323206e-13,214.82358879655285
2->1,2,1,393,392,3.0,0.85,2.55,0.45000000000000007,1.0,True,0.07756670504221116,543.7043578683839,529.8180492365981,635.7816590839177,41.09624035117491,105.96360984731962
2->10,2,10,393,402,2.0,0.85,1.7,0.30000000000000004,1.0,True,0.17130200255043773,2553.220192671103,2189.548250549871,2627.4579006598456,375.0740000000005,437.9096501099743
2->11,2,11,393,403,1.0,0.85,0.85,0.15000000000000002,0.0,False,1.0,2884.872368695329,2761.846250549871,3314.215500659845,0.0,552.3692501099742
2->12,2,12,393,404,3.0,0.15,0.44999999999999996,2.55,0.0,False,1.0,2876.83761161232,2692.6048494061934,3231.125819287432,0.0,538.5209698812387
2->13,2,13,393,405,5.0,0.15,0.75,4.25,1.0,True,0.158639697163578,2853.715964237466,2525.1486548329767,3030.178385799572,400.5888178957198,505.02973096659537
2->14,2,14,393,406,3.0,0.15,0.44999999999999996,2.55,0.0,False,1.0,1785.69581500537,1735.8108938183532,2082.9730725820236,0.0,347.1621787636707
2->16,2,16,393,408,1.0,0.85,0.85,0.15000000000000002,0.0,False,1.0,1466.5486970386298,1301.787785453535,1562.1453425442419,0.0,260.357557090707
2->17,2,17,393,409,2.0,0.15,0.3,1.7,1.0,True,0.0,1095.112811430085,927.5601596679469,1113.0721916015361,0.0,185.51203193358938
2->18,2,18,393,410,2.0,0.85,1.7,0.30000000000000004,1.0,True,0.12069409145636074,1215.470811430085,1048.883159667947,1258.6597916015364,126.59399999999982,209.7766319335894
2->19,2,19,393,412,8.0,0.15,1.2,6.8,0.0,False,1.0,818.4599587753249,798.912159667947,958.6945916015363,0.0,159.7824319335894
2->20,2,20,393,413,9.0,0.15,1.3499999999999999,7.6499999999999995,0.0,False,1.0,728.972374175689,635.264159667947,762.3169916015363,0.0,127.0528319335894
2->21,2,21,393,414,1.0,0.15,0.15,0.85,0.0,False,1.0,898.215159667947,898.215159667947,1077.8581916015364,0.0,179.6430319335894
2->22,2,22,393,415,1.0,0.15,0.15,0.85,0.0,False,1.0,1290.2776216902062,1290.2776216902062,1548.3331460282473,0.0,258.05552433804127
2->26,2,26,393,419,8.0,0.15,1.2,6.8,0.0,False,1.0,1672.050242336881,1556.2127925223788,1867.4553510268545,0.0,311.24255850447577
2->27,2,27,393,420,1.0,0.85,0.85,0.15000000000000002,0.0,False,1.0,2409.0576115158683,2263.139103852999,2715.7669246235987,0.0,452.62782077059984
2->28,2,28,393,421,1.0,0.15,0.15,0.85,0.0,False,1.0,1130.977454986735,1130.977454986735,1357.172945984082,0.0,226.195490997347
2->29,2,29,393,423,1.0,0.15,0.15,0.85,0.0,False,1.0,899.1031568397129,840.257712668992,1008.3092552027904,0.0,168.0515425337984
2->3,2,3,393,394,5.0,0.85,4.25,0.7500000000000001,1.0,True,0.12286415473397877,1106.9904351295038,983.4675746052609,1180.161089526313,120.83291226215158,196.69351492105218
2->4,2,4,393,395,5.0,0.15,0.75,4.25,0.0,False,1.0,277.639771346845,277.639771346845,333.167725616214,0.0,55.527954269369005
2->5,2,5,393,396,5.0,0.15,0.75,4.25,1.0,True,0.07459923590452765,569.848811430085,569.335590170867,683.2027082050404,42.47199999999998,113.86711803417342
2->6,2,6,393,397,11.0,0.15,1.65,9.35,1.0,True,0.0,931.290855616326,930.777634357108,1116.9331612285296,0.0,186.1555268714216
2->7,2,7,393,398,7.0,0.85,5.95,1.0500000000000003,1.0,True,0.19071771517268785,1363.4634624976347,1355.3041695768218,1626.3650034921861,258.48051458570853,271.06083391536436
2->8,2,8,393,399,8.0,0.15,1.2,6.8,1.0,True,0.08494614585232019,1759.4450854958209,1759.4450854958209,2111.334102594985,149.45807885167596,351.8890170991642
2->9,2,9,393,401,5.0,0.15,0.75,4.25,1.0,True,0.18796446187883223,1759.153604447412,1729.7570559746391,2075.708467169567,325.1328542073861,345.95141119492786
20->1,20,1,413,392,1.0,0.85,0.85,0.15000000000000002,0.0,False,1.0,1237.317176509272,1061.6911800292298,1274.0294160350757,0.0,212.33823600584597
20->10,20,10,413,402,6.0,0.15,0.8999999999999999,5.1,1.0,True,0.07515233987104111,1866.228916127094,1773.1051385579956,2127.7261662695946,133.25299999999993,354.62102771159914
20->11,20,11,413,403,8.0,0.15,1.2,6.8,0.0,False,1.0,2516.804729304643,2345.4031385579956,2814.4837662695945,0.0,469.08062771159916
20->12,20,12,413,404,8.0,0.15,1.2,6.8,1.0,True,0.03875082627466905,2258.0046897382467,2258.0046897382467,2709.605627685896,87.49954745943478,451.60093794764936
20->13,20,13,413,405,5.0,0.15,0.75,4.25,1.0,True,0.041854827889332535,2090.54849516503,2090.54849516503,2508.658194198036,87.49954745943546,418.10969903300605
20->14,20,14,413,406,16.0,0.15,2.4,13.6,1.0,True,1.7474008588754086e-16,1301.210734150406,1301.210734150406,1561.4528809804872,2.2737367544323206e-13,260.24214683008125
20->15,20,15,413,407,2.0,0.15,0.3,1.7,1.0,True,0.0,993.360848697858,991.338848697858,1189.6066184374295,0.0,198.2677697395716
20->16,20,16,413,408,5.0,0.15,0.75,4.25,1.0,True,2.0588330425815905e-16,1116.2047049132893,1104.381320585986,1325.2575847031833,2.2737367544323206e-13,220.87626411719722
20->17,20,17,413,409,8.0,0.15,1.2,6.8,1.0,True,0.0,736.5120000000001,736.5120000000001,883.8144000000001,0.0,147.3024
20->18,20,18,413,410,15.0,0.15,2.25,12.75,1.0,True,0.0,614.283,614.283,737.1396,0.0,122.85660000000001
20->19,20,19,413,412,16.0,0.15,2.4,13.6,1.0,True,0.0,364.312,364.312,437.1744,0.0,72.86240000000001
20->2,20,2,413,393,9.0,0.15,1.3499999999999999,7.6499999999999995,0.0,False,1.0,728.972374175689,663.1921596679471,795.8305916015364,0.0,132.63843193358943
20->21,20,21,413,414,7.0,0.15,1.05,5.95,1.0,True,0.0,527.881,459.255,551.106,0.0,91.851
20->22,20,22,413,415,6.0,0.15,0.8999999999999999,5.1,1.0,True,0.0,919.943462022259,851.3174620222591,1021.5809544267108,0.0,170.26349240445182
20->23,20,23,413,416,7.0,0.85,5.95,1.0500000000000003,0.0,False,1.0,1979.695495740134,1719.1260796220042,2062.951295546405,0.0,343.8252159244009
20->24,20,24,413,417,1.0,0.85,0.85,0.15000000000000002,1.0,True,0.1902345197077187,1158.859091643538,1114.188945396201,1337.0267344754411,211.9571988910959,222.83778907924022
20->25,20,25,413,418,9.0,0.85,7.6499999999999995,1.35,1.0,True,0.11954697212845618,1030.047,1030.047,1236.0564,123.1389999999999,206.00940000000003
20->26,20,26,413,419,41.0,0.15,6.1499999999999995,34.85,1.0,True,0.054276452741914526,1032.550155646571,926.444632854432,1111.7335594253184,50.28412833312393,185.28892657088642
20->27,20,27,413,420,10.0,0.85,8.5,1.5000000000000002,1.0,True,0.1705581595322678,1981.165993543588,1745.979576871209,2095.1754922454506,297.7910632120811,349.19591537424185
20->28,20,28,413,421,14.0,0.15,2.1,11.9,1.0,True,0.09169283990532476,550.260804123557,549.828148377127,659.7937780525524,50.415304384585056,109.96562967542542
20->29,20,29,413,423,13.0,0.15,1.95,11.049999999999999,1.0,True,0.0,530.857004151119,472.011559980398,566.4138719764776,0.0,94.4023119960796
20->3,20,3,413,394,15.0,0.85,12.75,2.2500000000000004,1.0,True,0.1255597143022669,1638.8635659221359,1638.8635659221359,1966.636279106563,205.7752411175777,327.7727131844272
20->30,20,30,413,424,3.0,0.85,2.55,0.45000000000000007,0.0,False,1.0,737.819559980398,737.819559980398,885.3834719764776,0.0,147.5639119960796
20->4,20,4,413,395,10.0,0.15,1.5,8.5,0.0,False,1.0,957.911168579483,936.7839999999999,1124.1408,0.0,187.3568
20->5,20,5,413,396,10.0,0.15,1.5,8.5,1.0,True,0.03766747579488663,1346.72,1127.551,1353.0611999999999,42.47200000000021,225.5102
20->6,20,6,413,397,16.0,0.15,2.4,13.6,1.0,True,0.19688705913099383,1595.258471014207,1562.326697239579,1874.7920366874948,307.6019088213393,312.4653394479158
20->7,20,7,413,398,11.0,0.15,1.65,9.35,1.0,True,0.06727702789340544,2059.026943639235,2018.3845202909627,2422.061424349155,135.79091167123283,403.6769040581926
20->8,20,8,413,399,24.0,0.15,3.5999999999999996,20.4,1.0,True,0.16657343149052437,2425.4739612917638,2388.152357061079,2865.7828284732946,397.80273303784793,477.6304714122158
20->9,20,9,413,401,3.0,0.15,0.44999999999999996,2.55,1.0,True,0.12606710348552028,1545.148529049171,1438.429943982764,1726.1159327793166,181.33869660474625,287.6859887965528
21->10,21,10,414,402,4.0,0.85,3.4,0.6000000000000001,1.0,True,0.039883163178032977,1581.8536942560156,1581.8536942560156,1898.2244331072186,63.08932901178696,316.37073885120316
21->11,21,11,414,403,1.0,0.15,0.15,0.85,1.0,True,0.08920802940453487,2150.684532462432,2150.684532462432,2580.821438954918,191.85832901178696,430.1369064924864
21->12,21,12,414,404,3.0,0.15,0.44999999999999996,2.55,1.0,True,0.022826556476051786,1872.0006697733204,1872.0006697733204,2246.4008037279846,42.731329011787466,374.4001339546641
21->13,21,13,414,405,3.0,0.15,0.44999999999999996,2.55,1.0,True,0.025069060756992338,1704.5444752001033,1704.5444752001033,2045.4533702401238,42.73132901178701,340.9088950400207
21->14,21,14,414,406,8.0,0.15,1.2,6.8,1.0,True,0.04233477373926578,1054.789388898484,1009.3671286626819,1211.2405543952182,42.73132901178701,201.8734257325364
21->15,21,15,414,407,2.0,0.15,0.3,1.7,1.0,True,0.0675088453510577,974.6288486978578,972.5688486978579,1167.0826184374293,65.65699999999993,194.5137697395716
21->16,21,16,414,408,1.0,0.85,0.85,0.15000000000000002,1.0,True,0.02923666310013803,1351.227704913289,1333.5653205859858,1600.2783847031828,38.98900000000003,266.7130641171972
21->17,21,17,414,409,2.0,0.85,1.7,0.30000000000000004,1.0,True,0.16648814014694033,973.2220000000001,966.2429999999999,1159.4915999999998,160.86800000000005,193.2486
21->18,21,18,414,410,3.0,0.15,0.44999999999999996,2.55,1.0,True,0.11062846782849264,595.5509999999999,593.491,712.1891999999999,65.65699999999993,118.6982
21->19,21,19,414,412,7.0,0.15,1.05,5.95,1.0,True,0.0656203716170727,599.3349999999999,594.1600000000001,712.9920000000001,38.98899999999992,118.83200000000002
21->2,21,2,414,393,1.0,0.15,0.15,0.85,0.0,False,1.0,898.2151596679469,898.2151596679469,1077.8581916015362,0.0,179.64303193358938
21->20,21,20,414,413,7.0,0.15,1.05,5.95,1.0,True,0.09039313560245482,431.327,431.327,517.5924,38.98900000000003,86.2654
21->22,21,22,414,415,4.0,0.15,0.6,3.4,1.0,True,0.0,392.06246202225896,392.06246202225896,470.4749544267107,0.0,78.4124924044518
21->23,21,23,414,416,1.0,0.85,0.85,0.15000000000000002,0.0,False,1.0,1611.0469571637468,1353.76644448499,1624.5197333819879,0.0,270.753288896998
21->25,21,25,414,418,2.0,0.15,0.3,1.7,1.0,True,0.1769569050725391,710.9660000000001,695.8699913378471,835.0439896054164,123.13900000000001,139.17399826756943
21->26,21,26,414,419,15.0,0.15,2.25,12.75,1.0,True,0.0,714.7688681611921,712.2107891061961,854.6529469274353,0.0,142.44215782123922
21->27,21,27,414,420,5.0,0.85,4.25,0.7500000000000001,1.0,True,0.028856597527256743,1826.099127801316,1742.552228675893,2091.0626744110714,50.2841283331245,348.5104457351786
21->28,21,28,414,421,8.0,0.15,1.2,6.8,1.0,True,0.06073416820973184,987.3698041235571,830.0978818132011,996.1174581758412,50.415304384585056,166.01957636264024
21->29,21,29,414,423,2.0,0.15,0.3,1.7,1.0,True,0.0,1014.0016702731759,903.338559980398,1084.0062719764776,0.0,180.66771199607962
21->3,21,3,414,394,1.0,0.85,0.85,0.15000000000000002,1.0,True,0.1793651155798792,2075.5285659221354,1881.6827342732076,2258.019281127849,337.508241117577,376.33654685464154
21->30,21,30,414,424,1.0,0.85,0.85,0.15000000000000002,0.0,False,1.0,1178.5062261024548,1154.5999999999997,1385.5199999999995,0.0,230.91999999999996
21->4,21,4,414,395,4.0,0.15,0.6,3.4,0.0,False,1.0,1189.8191685794827,1171.8069999999998,1406.1683999999998,0.0,234.36139999999997
21->5,21,5,414,396,1.0,0.15,0.15,0.85,1.0,True,0.1806199149550775,1368.7319999999997,1362.5739999999996,1635.0887999999995,246.10799999999972,272.5147999999999
21->6,21,6,414,397,2.0,0.15,0.3,1.7,1.0,True,0.17402734731053648,1811.7790441862408,1797.3496972395787,2156.8196366874945,312.7879999999998,359.46993944791575
21->7,21,7,414,398,1.0,0.85,0.85,0.15000000000000002,1.0,True,0.0913173668165479,2498.42645381451,2253.407520290963,2704.0890243491554,205.77524111757748,450.6815040581926
21->8,21,8,414,399,6.0,0.15,0.8999999999999999,5.1,1.0,True,0.1601810596455413,2619.5587514108774,2619.5587514108774,3143.470501693053,419.60369660474544,523.9117502821755
22->1,22,1,415,392,1.0,0.85,0.85,0.15000000000000002,0.0,False,1.0,1997.921740840578,1820.8670411831458,2185.040449419775,0.0,364.1734082366292
22->10,22,10,415,402,4.0,0.85,3.4,0.6000000000000001,1.0,True,0.05302554540878618,1189.7912322337568,1189.7912322337568,1427.749478680508,63.08932901178673,237.95824644675136
22->11,22,11,415,403,4.0,0.85,3.4,0.6000000000000001,1.0,True,0.10909582691849543,1758.622070440173,1758.622070440173,2110.3464845282074,191.8583290117872,351.7244140880346
22->12,22,12,415,404,3.0,0.15,0.44999999999999996,2.55,1.0,True,0.0288737251244579,1479.938207751061,1479.938207751061,1775.9258493012733,42.73132901178701,295.98764155021223
22->13,22,13,415,405,7.0,0.15,1.05,5.95,1.0,True,0.03255764923461591,1312.482013177844,1312.482013177844,1574.9784158134128,42.731329011786784,262.4964026355688
22->14,22,14,415,406,18.0,0.15,2.6999999999999997,15.299999999999999,1.0,True,0.0644780335291366,662.726926876225,662.726926876225,795.27231225147,42.7313290117869,132.545385375245
22->15,22,15,415,407,1.0,0.15,0.15,0.85,1.0,True,0.11590074815943921,1114.5156546952098,1018.4379718454352,1222.1255662145222,118.03772289086783,203.68759436908704
22->16,22,16,415,408,1.0,0.85,0.85,0.15000000000000002,0.0,False,1.0,1357.185602000645,1357.185602000645,1628.6227224007741,0.0,271.437120400129
22->17,22,17,415,409,1.0,0.85,0.85,0.15000000000000002,1.0,True,0.18339990525521324,1108.5120285251598,1049.59410292148,1259.512923505776,192.49545903222997,209.91882058429601
22->18,22,18,415,410,2.0,0.85,1.7,0.30000000000000004,1.0,True,0.17862542997969127,720.6850285251599,684.222056434661,821.0664677215932,122.2194590322299,136.8444112869322
22->19,22,19,415,412,5.0,0.85,4.25,0.7500000000000001,1.0,True,0.16943061825288905,721.35402852516,721.35402852516,865.6248342301919,122.21945903223002,144.270805705032
22->20,22,20,415,413,5.0,0.15,0.75,4.25,1.0,True,0.0,920.714832278601,824.160832278601,988.9929987343212,0.0,164.8321664557202
22->21,22,21,415,414,3.0,0.15,0.44999999999999996,2.55,1.0,True,0.0,392.833832278601,392.833832278601,471.4005987343212,0.0,78.5667664557202
22->23,22,23,415,416,2.0,0.85,1.7,0.30000000000000004,0.0,False,1.0,1001.812705680529,1001.812705680529,1202.1752468166349,0.0,200.36254113610582
22->24,22,24,415,417,1.0,0.85,0.85,0.15000000000000002,1.0,True,0.1464063396984489,649.86855868917,601.18298279492,721.4195793539039,88.01699999999983,120.236596558984
22->25,22,25,415,418,3.0,0.85,2.55,0.45000000000000007,1.0,True,0.0,804.8978131261581,804.8978131261581,965.8773757513896,0.0,160.97956262523164
22->26,22,26,415,419,16.0,0.15,2.4,13.6,1.0,True,0.0,1107.602700439793,1049.655773165334,1259.586927798401,0.0,209.93115463306682
22->27,22,27,415,420,7.0,0.85,5.95,1.0500000000000003,1.0,True,0.15744806927056865,1854.262140081197,1854.262140081197,2225.1145680974364,291.9499938772972,370.8524280162394
22->28,22,28,415,421,9.0,0.85,7.6499999999999995,1.35,1.0,True,0.08376351797380599,1229.778039023889,1214.17733305606,1457.012799667272,101.7037648608291,242.835466611212
22->29,22,29,415,423,2.0,0.85,1.7,0.30000000000000004,1.0,True,0.19609727134419186,1368.151770535217,1292.1799507559451,1550.615940907134,253.39296242891305,258.43599015118906
22->3,22,3,415,394,2.0,0.85,1.7,0.30000000000000004,0.0,False,1.0,2565.410235056226,2235.2860045844304,2682.3432055013163,0.0,447.05720091688613
22->4,22,4,415,395,2.0,0.15,0.3,1.7,0.0,False,1.0,1314.9531971046429,1314.9531971046429,1577.9438365255714,0.0,262.9906394209286
22->5,22,5,415,396,1.0,0.85,0.85,0.15000000000000002,0.0,False,1.0,1583.1415553013946,1458.472056434661,1750.166467721593,0.0,291.6944112869322
22->6,22,6,415,397,2.0,0.85,1.7,0.30000000000000004,1.0,True,0.18530621773360897,1948.6594516663806,1863.7655623352532,2236.518674802304,345.3673470984986,372.75311246705064
22->7,22,7,415,398,1.0,0.85,0.85,0.15000000000000002,0.0,False,1.0,2483.4089061793807,2354.2684823545424,2825.1221788254506,0.0,470.8536964709085
22->8,22,8,415,399,4.0,0.85,3.4,0.6000000000000001,1.0,True,0.143495946513123,2643.1790328255365,2643.1790328255365,3171.8148393906436,379.28547711894134,528.6358065651074
23->10,23,10,416,402,2.0,0.85,1.7,0.30000000000000004,0.0,False,1.0,2200.635301161823,1886.2684818670787,2263.522178240494,0.0,377.2536963734158
23->11,23,11,416,403,2.0,0.85,1.7,0.30000000000000004,1.0,True,0.19817398556489588,1463.1499690398489,1463.1499690398489,1755.7799628478185,289.95826084378086,292.6299938079698
23->12,23,12,416,404,9.0,0.85,7.6499999999999995,1.35,1.0,True,0.18538094311034103,1175.273414460154,1175.273414460154,1410.3280973521848,217.87329398513407,235.05468289203083
23->13,23,13,416,405,11.0,0.85,9.35,1.6500000000000004,1.0,True,0.1871503935205931,780.495437005102,780.495437005102,936.5945244061223,146.0700281765321,156.0990874010204
23->14,23,14,416,406,5.0,0.85,4.25,0.7500000000000001,1.0,True,0.15747035153218655,1383.5829530145,1383.5829530145,1660.2995436173999,217.87329398513407,276.7165906029
23->19,23,19,416,412,1.0,0.85,0.85,0.15000000000000002,0.0,False,1.0,1851.7165982168322,1610.4681687602583,1932.56180251231,0.0,322.0936337520517
23->20,23,20,416,413,6.0,0.85,5.1,0.9000000000000001,0.0,False,1.0,2043.1453274200887,1714.942328368159,2057.9307940417907,0.0,342.9884656736318
23->21,23,21,416,414,2.0,0.85,1.7,0.30000000000000004,0.0,False,1.0,1390.658897963515,1337.039553392104,1604.4474640705246,0.0,267.4079106784208
23->22,23,22,416,415,3.0,0.85,2.55,0.45000000000000007,0.0,False,1.0,997.8250656849141,997.8250656849141,1197.3900788218969,0.0,199.56501313698283
23->24,23,24,416,417,4.0,0.85,3.4,0.6000000000000001,0.0,False,1.0,1090.838925353126,1089.4216083023218,1307.3059299627862,0.0,217.88432166046437
23->25,23,25,416,418,1.0,0.85,0.85,0.15000000000000002,0.0,False,1.0,1212.4606635374753,1212.4606635374753,1454.9527962449704,0.0,242.49213270749507
23->26,23,26,416,419,5.0,0.85,4.25,0.7500000000000001,0.0,False,1.0,1749.7529688963098,1618.260948630025,1941.91313835603,0.0,323.652189726005
23->6,23,6,416,397,1.0,0.85,0.85,0.15000000000000002,1.0,True,0.14808019367877467,2670.9062315910423,2670.9062315910423,3205.0874779092505,395.50831207184774,534.1812463182085
23->8,23,8,416,399,1.0,0.85,0.85,0.15000000000000002,1.0,True,0.11574955217011516,3416.931682729756,3416.931682729756,4100.318019275707,395.5083120718473,683.3863365459513
24->10,24,10,417,402,1.0,0.85,0.85,0.15000000000000002,0.0,False,1.0,1915.0232374012112,1714.7205082718765,2057.6646099262516,0.0,342.94410165437534
24->12,24,12,417,404,1.0,0.85,0.85,0.15000000000000002,0.0,False,1.0,2248.986157460213,1949.8742416647144,2339.8490899976573,0.0,389.9748483329429
24->13,24,13,417,405,3.0,0.85,2.55,0.45000000000000007,1.0,True,0.16489220422326467,1980.756430272699,1703.7106361222104,2044.4527633466523,280.9286021488117,340.74212722444213
24->14,24,14,417,406,3.0,0.85,2.55,0.45000000000000007,1.0,True,0.1650486054120642,1267.1732253295932,1187.656202914345,1425.187443497214,196.02100000000019,237.531240582869
24->15,24,15,417,407,2.0,0.85,1.7,0.30000000000000004,0.0,False,1.0,1546.599656771035,1546.599656771035,1855.9195881252417,0.0,309.31993135420703
24->19,24,19,417,412,3.0,0.85,2.55,0.45000000000000007,0.0,False,1.0,1243.4093297865788,1243.4093297865788,1492.0911957438946,0.0,248.68186595731578
24->20,24,20,417,413,1.0,0.85,0.85,0.15000000000000002,0.0,False,1.0,1130.532913578983,1114.188945396201,1337.0267344754411,0.0,222.83778907924022
24->21,24,21,417,414,1.0,0.85,0.85,0.15000000000000002,0.0,False,1.0,839.778091643538,736.2861704201459,883.5434045041751,0.0,147.2572340840292
24->22,24,22,417,415,1.0,0.85,0.85,0.15000000000000002,1.0,True,0.1464063396984489,649.86855868917,601.18298279492,721.4195793539039,88.01699999999983,120.236596558984
24->23,24,23,417,416,2.0,0.85,1.7,0.30000000000000004,0.0,False,1.0,1095.022676606971,1093.6053595561668,1312.3264314674002,0.0,218.72107191123337
24->25,24,25,417,418,1.0,0.85,0.85,0.15000000000000002,0.0,False,1.0,584.1520518473441,584.1520518473441,700.9824622168129,0.0,116.83041036946882
24->26,24,26,417,419,5.0,0.85,4.25,0.7500000000000001,1.0,True,0.1788115195333929,1059.19926974585,989.952336939894,1187.9428043278729,177.0148816338558,197.9904673879788
24->27,24,27,417,420,1.0,0.85,0.85,0.15000000000000002,0.0,False,1.0,1551.653278059701,1551.653278059701,1861.9839336716411,0.0,310.33065561194024
24->28,24,28,417,421,1.0,0.85,0.85,0.15000000000000002,0.0,False,1.0,1482.03577513722,1289.6760624836581,1547.6112749803897,0.0,257.93521249673165
24->29,24,29,417,423,1.0,0.85,0.85,0.15000000000000002,0.0,False,1.0,1495.428505376599,1367.6786801835433,1641.214416220252,0.0,273.53573603670867
24->8,24,8,417,399,1.0,0.85,0.85,0.15000000000000002,1.0,True,0.11782272904176636,3171.340717751138,3171.340717751138,3805.6088613013653,373.6560180867132,634.2681435502277
25->10,25,10,418,402,1.0,0.85,0.85,0.15000000000000002,1.0,True,0.031628653678399954,1994.6890453599146,1994.6890453599146,2393.6268544318973,63.08932901178696,398.93780907198294
25->13,25,13,418,405,1.0,0.85,0.85,0.15000000000000002,1.0,True,0.17679568105414195,2144.775826304002,1988.6251005425775,2386.3501206510928,351.5803290117865,397.72502010851554
25->14,25,14,418,406,1.0,0.85,0.85,0.15000000000000002,1.0,True,0.07594136667355976,1422.2024797665813,1422.2024797665813,1706.6429757198975,108.0039999999999,284.44049595331626
25->19,25,19,418,412,1.0,0.85,0.85,0.15000000000000002,1.0,True,0.12716979275533444,1310.301,1274.8939546667548,1529.8727456001056,162.12799999999993,254.97879093335098
25->2,25,2,418,393,1.0,0.85,0.85,0.15000000000000002,0.0,False,1.0,1672.0507913829556,1578.9491143347016,1894.7389372016419,0.0,315.7898228669403
25->20,25,20,418,413,2.0,0.85,1.7,0.30000000000000004,1.0,True,0.11954697212845618,1030.047,1030.047,1236.0564,123.1389999999999,206.00940000000003
25->21,25,21,418,414,1.0,0.15,0.15,0.85,0.0,False,1.0,727.047679829409,680.7339546667549,816.8807456001059,0.0,136.14679093335099
25->22,25,22,418,415,1.0,0.85,0.85,0.15000000000000002,1.0,True,0.0,804.897813126158,804.897813126158,965.8773757513895,0.0,160.9795626252316
25->23,25,23,418,416,1.0,0.85,0.85,0.15000000000000002,0.0,False,1.0,1212.460663537475,1212.460663537475,1454.95279624497,0.0,242.49213270749502
25->24,25,24,418,417,2.0,0.85,1.7,0.30000000000000004,0.0,False,1.0,584.152051847344,584.152051847344,700.9824622168127,0.0,116.8304103694688
25->26,25,26,418,419,13.0,0.15,1.95,11.049999999999999,1.0,True,0.18745136332152784,474.77852418283805,474.77852418283805,569.7342290194057,88.99788163385597,94.95570483656762
25->27,25,27,418,420,3.0,0.85,2.55,0.45000000000000007,0.0,False,1.0,1298.770800815509,1186.433386738773,1423.7200640865274,0.0,237.2866773477546
25->28,25,28,418,421,3.0,0.15,0.44999999999999996,2.55,1.0,True,0.18023542804977039,1017.3653522460211,1017.3653522460211,1220.8384226952253,183.36527974506703,203.47307044920422
25->3,25,3,418,394,5.0,0.85,4.25,0.7500000000000001,0.0,False,1.0,2848.033484893433,2562.4166889399626,3074.900026727955,0.0,512.4833377879926
25->4,25,4,418,395,1.0,0.85,0.85,0.15000000000000002,0.0,False,1.0,1949.6905627298006,1852.5409546667547,2223.0491456001055,0.0,370.508190933351
25->8,25,8,418,399,1.0,0.85,0.85,0.15000000000000002,0.0,False,1.0,3605.3475341005196,3253.7134110603693,3904.456093272443,0.0,650.7426822120739
26->1,26,1,419,392,2.0,0.85,1.7,0.30000000000000004,1.0,True,0.1735769784365356,2003.444029466978,1730.0705855462559,2076.084702655507,300.30042472104697,346.0141171092512
26->10,26,10,419,402,6.0,0.85,5.1,0.9000000000000001,1.0,True,0.1362842203075813,2239.447005399091,2239.447005399091,2687.336406478909,305.20128905096294,447.8894010798182
26->11,26,11,419,403,3.0,0.85,2.55,0.45000000000000007,1.0,True,0.14890078894700676,2814.1455931010755,2767.0920473997908,3320.5104568797487,412.0221889468171,553.4184094799582
26->12,26,12,419,404,8.0,0.15,1.2,6.8,1.0,True,0.1126043512120364,2529.5939809163947,2529.5939809163947,3035.5127770996737,284.843289050963,505.91879618327897
26->13,26,13,419,405,3.0,0.15,0.44999999999999996,2.55,1.0,True,0.08475082539592385,2367.848535838746,2361.2771676491775,2833.532601179013,200.12018894681705,472.2554335298355
26->14,26,14,419,406,9.0,0.15,1.3499999999999999,7.6499999999999995,1.0,True,0.09562682417224656,1718.673246280276,1666.9604398057572,2000.3525277669087,159.40613287939595,333.39208796115145
26->15,26,15,419,407,1.0,0.15,0.15,0.85,1.0,True,0.11870994510374958,1687.3377168590503,1632.6264815522902,1959.151777862748,193.8090000000002,326.5252963104581
26->16,26,16,419,408,1.0,0.15,0.15,0.85,1.0,True,0.09725242280660694,2063.9345730744812,1992.8449534404176,2391.413944128501,193.80900000000042,398.56899068808355
26->17,26,17,419,409,3.0,0.15,0.44999999999999996,2.55,1.0,True,0.15021340837237682,1679.712155646571,1624.975632854432,1949.9707594253182,244.09312833312424,324.99512657088644
26->18,26,18,419,410,7.0,0.15,1.05,5.95,1.0,True,0.12400461172168124,1307.7617891061961,1253.548632854432,1504.2583594253185,155.4458114913582,250.70972657088643
26->19,26,19,419,412,15.0,0.15,2.25,12.75,1.0,True,0.0925474005819809,1309.689155646571,1252.775632854432,1503.3307594253183,115.94112833312374,250.5551265708864
26->2,26,2,419,393,8.0,0.15,1.2,6.8,0.0,False,1.0,1740.8021533053873,1556.2127925223788,1867.4553510268545,0.0,311.24255850447577
26->20,26,20,419,413,30.0,0.15,4.5,25.5,1.0,True,0.05427645274191453,1032.550155646571,926.4446328544319,1111.7335594253182,50.28412833312393,185.2889265708864
26->21,26,21,419,414,15.0,0.15,2.25,12.75,1.0,True,0.0,714.768868161192,712.2107891061961,854.6529469274353,0.0,142.44215782123922
26->22,26,22,419,415,10.0,0.15,1.5,8.5,1.0,True,0.11396317143391814,1168.779660676196,1049.655773165334,1259.586927798401,119.62210082384286,209.93115463306682
26->23,26,23,419,416,3.0,0.85,2.55,0.45000000000000007,0.0,False,1.0,1775.6384327710562,1618.2609486300248,1941.9131383560298,0.0,323.65218972600496
26->24,26,24,419,417,5.0,0.85,4.25,0.7500000000000001,1.0,True,0.1788115195333929,1059.19926974585,989.952336939894,1187.9428043278729,177.0148816338558,197.9904673879788
26->25,26,25,419,418,9.0,0.15,1.3499999999999999,7.6499999999999995,1.0,True,0.18745136332152784,474.77852418283805,474.77852418283805,569.7342290194057,88.99788163385597,94.95570483656762
26->27,26,27,419,420,34.0,0.85,28.9,5.1000000000000005,1.0,True,0.0,1112.629972154745,1030.341439569697,1236.4097274836365,0.0,206.06828791393943
26->28,26,28,419,421,20.0,0.15,3.0,17.0,1.0,True,0.17392128453995961,542.586828063183,542.586828063183,651.1041936758196,94.367398111211,108.51736561263661
26->29,26,29,419,423,3.0,0.15,0.44999999999999996,2.55,1.0,True,0.12027939197493688,784.56830020287,784.56830020287,941.481960243444,94.36739811121095,156.913660040574
26->3,26,3,419,394,6.0,0.85,5.1,0.9000000000000001,1.0,True,0.16797423439294512,2466.314489961695,2466.314489961695,2959.577387954034,414.27728822354266,493.26289799233905
26->30,26,30,419,424,1.0,0.85,0.85,0.15000000000000002,0.0,False,1.0,1495.4880639454898,1331.1815855462557,1597.4179026555069,0.0,266.23631710925116
26->4,26,4,419,395,5.0,0.15,0.75,4.25,0.0,False,1.0,2046.405099184216,1829.804632854432,2195.7655594253183,0.0,365.9609265708864
26->5,26,5,419,396,3.0,0.15,0.44999999999999996,2.55,1.0,True,0.13445458894685813,2221.8211556465712,2020.5716328544318,2424.685959425318,271.6751283331246,404.11432657088636
26->6,26,6,419,397,6.0,0.85,5.1,0.9000000000000001,1.0,True,0.19865504254929525,2523.4921998328123,2455.347330094011,2946.416796112813,487.7671283331242,491.0694660188022
26->7,26,7,419,398,2.0,0.85,1.7,0.30000000000000004,1.0,True,0.13132757513471746,3003.244099285806,2846.3103778540694,3415.5724534248834,373.79904000435636,569.2620755708139
26->8,26,8,419,399,12.0,0.15,1.7999999999999998,10.2,1.0,True,0.1508168972286468,3278.838384265311,3278.838384265311,3934.606061118373,494.50423162908373,655.7676768530623
26->9,26,9,419,401,1.0,0.85,0.85,0.15000000000000002,1.0,True,0.19981268368223737,2519.822034901634,2326.893576837196,2792.2722922046355,464.94285023080056,465.37871536743927
27->10,27,10,420,402,1.0,0.85,0.85,0.15000000000000002,1.0,True,0.1166337378043679,3044.0533723149547,3044.0533723149547,3652.8640467779455,355.03932288908436,608.810674462991
27->11,27,11,420,403,1.0,0.85,0.85,0.15000000000000002,0.0,False,1.0,4181.1497325987275,3571.6984143156533,4286.038097178784,0.0,714.3396828631307
27->12,27,12,420,404,1.0,0.85,0.85,0.15000000000000002,1.0,True,0.10037828803739357,3334.2003478322576,3334.2003478322576,4001.040417398709,334.6813228890842,666.8400695664516
27->13,27,13,420,405,2.0,0.85,1.7,0.30000000000000004,0.0,False,1.0,3331.6465421756498,2956.126326754933,3547.3515921059193,0.0,591.2252653509867
27->14,27,14,420,406,4.0,0.85,3.4,0.6000000000000001,1.0,True,0.1618220445385456,2471.5668067216197,2471.5668067216197,2965.8801680659435,399.95399387729685,494.313361344324
27->16,27,16,420,408,1.0,0.85,0.85,0.15000000000000002,1.0,True,0.1654380950511037,2961.2710604854315,2809.5907684822278,3371.5089221786734,464.81334461086635,561.9181536964455
27->17,27,17,420,409,1.0,0.85,0.85,0.15000000000000002,1.0,True,0.16215057251723416,2491.807241282494,2433.181063568938,2919.8172762827257,394.541702495796,486.63621271378764
27->18,27,18,420,410,3.0,0.85,2.55,0.45000000000000007,1.0,True,0.19690749001857502,2195.068807601898,2195.068807601898,2634.082569122277,432.22548932295604,439.0137615203796
27->19,27,19,420,412,3.0,0.85,2.55,0.45000000000000007,0.0,False,1.0,2110.248329227214,2110.248329227214,2532.2979950726567,0.0,422.04966584544286
27->2,27,2,420,393,3.0,0.85,2.55,0.45000000000000007,0.0,False,1.0,2352.505113529299,2263.139103852999,2715.7669246235987,0.0,452.62782077059984
27->20,27,20,420,413,11.0,0.85,9.35,1.6500000000000004,1.0,True,0.14306323787600117,1755.644970926809,1745.936329227214,2095.123595072657,249.7793043845852,349.1872658454428
27->21,27,21,420,414,6.0,0.85,5.1,0.9000000000000001,1.0,True,0.029064318985386164,1826.0991278013157,1730.0982816217936,2076.1179379461523,50.28412833312427,346.0196563243587
27->22,27,22,420,415,4.0,0.85,3.4,0.6000000000000001,1.0,True,0.15744806927056865,1854.262140081197,1854.262140081197,2225.1145680974364,291.9499938772972,370.8524280162394
27->25,27,25,420,418,2.0,0.85,1.7,0.30000000000000004,0.0,False,1.0,1273.5550486509578,1186.433386738773,1423.7200640865274,0.0,237.2866773477546
27->26,27,26,420,419,35.0,0.85,29.75,5.250000000000001,1.0,True,0.0,1112.629972154745,1038.036726453875,1245.6440717446499,0.0,207.60734529077502
27->28,27,28,420,421,10.0,0.85,8.5,1.5000000000000002,1.0,True,0.07848011798260356,1292.4328002179282,1202.4370061743462,1442.9244074092153,94.36739811121129,240.48740123486925
27->29,27,29,420,423,2.0,0.85,1.7,0.30000000000000004,1.0,True,0.19868536310211696,1555.0612352790472,1526.1780160487651,1831.413619258518,303.2292332771174,305.23560320975304
27->3,27,3,420,394,1.0,0.85,0.85,0.15000000000000002,0.0,False,1.0,2875.4215414585815,2875.4215414585815,3450.505849750298,0.0,575.0843082917163
27->4,27,4,420,395,6.0,0.85,5.1,0.9000000000000001,0.0,False,1.0,2496.265966878553,2496.265966878553,2995.5191602542636,0.0,499.2531933757107
27->5,27,5,420,396,1.0,0.85,0.85,0.15000000000000002,0.0,False,1.0,2693.1756413341927,2693.1756413341927,3231.810769601031,0.0,538.6351282668386
27->6,27,6,420,397,4.0,0.85,3.4,0.6000000000000001,0.0,False,1.0,3054.617685520434,3054.617685520434,3665.5412226245207,0.0,610.9235371040868
27->8,27,8,420,399,2.0,0.85,1.7,0.30000000000000004,0.0,False,1.0,4257.219681705812,3883.2851366591476,4659.942163990977,0.0,776.6570273318296
28->1,28,1,421,392,3.0,0.85,2.55,0.45000000000000007,0.0,False,1.0,1369.092587554683,1251.339150614321,1501.606980737185,0.0,250.2678301228642
28->10,28,10,421,402,1.0,0.85,0.85,0.15000000000000002,1.0,True,0.04871017083687761,2235.591378823401,2235.591378823401,2682.7096545880813,108.89603798393864,447.1182757646802
28->11,28,11,421,403,1.0,0.15,0.15,0.85,1.0,True,0.12023547126397656,2804.683388765616,2804.683388765616,3365.6200665187393,337.22242899448065,560.9366777531233
28->12,28,12,421,404,4.0,0.85,3.4,0.6000000000000001,1.0,True,0.07449384131153007,2636.400298140816,2636.400298140816,3163.6803577689793,196.3955854433725,527.2800596281633
28->13,28,13,421,405,2.0,0.85,1.7,0.30000000000000004,1.0,True,0.07954638793141704,2468.9441035675995,2468.9441035675995,2962.7329242811193,196.39558544337297,493.78882071351995
28->14,28,14,421,406,7.0,0.85,5.95,1.0500000000000003,1.0,True,0.06483426218694706,1679.606342552976,1679.606342552976,2015.5276110635712,108.89603798393887,335.9212685105952
28->15,28,15,421,407,1.0,0.15,0.15,0.85,1.0,True,0.07938438154985604,1371.756457100428,1371.756457100428,1646.1077485205135,108.8960379839391,274.3512914200856
28->16,28,16,421,408,1.0,0.85,0.85,0.15000000000000002,1.0,True,0.06749310946188967,1748.353313315859,1613.4393399881446,1936.1272079857736,108.89603798393887,322.6878679976289
28->17,28,17,421,409,2.0,0.15,0.3,1.7,1.0,True,0.0407551306412592,1286.729556479562,1237.0296350748558,1484.435562089827,50.41530438458494,247.40592701497118
28->18,28,18,421,410,6.0,0.15,0.8999999999999999,5.1,1.0,True,0.10969918870234925,992.6786084025699,992.6786084025699,1191.214330083084,108.89603798393898,198.535721680514
28->19,28,19,421,412,10.0,0.15,1.5,8.5,1.0,True,0.055153129109343245,914.529556479562,914.096900733132,1096.9162808797582,50.41530438458494,182.8193801466264
28->2,28,2,421,393,3.0,0.15,0.44999999999999996,2.55,0.0,False,1.0,1132.09051096525,1132.09051096525,1358.5086131582998,0.0,226.41810219305
28->20,28,20,421,413,17.0,0.15,2.55,14.45,1.0,True,0.09170005272490525,550.217556479562,549.784900733132,659.7418808797584,50.415304384585,109.95698014662639
28->21,28,21,421,414,6.0,0.85,5.1,0.9000000000000001,1.0,True,0.12252020766355315,836.9442067452879,830.097881813201,996.1174581758411,101.70376486082898,166.0195763626402
28->22,28,22,421,415,5.0,0.85,4.25,0.7500000000000001,1.0,True,0.04152219203243617,1379.3890185018208,1214.1773330560602,1457.0127996672722,50.41530438458494,242.83546661121204
28->23,28,23,421,416,1.0,0.85,0.85,0.15000000000000002,0.0,False,1.0,2028.1892863672922,1992.661247964605,2391.193497557526,0.0,398.53224959292106
28->24,28,24,421,417,1.0,0.85,0.85,0.15000000000000002,0.0,False,1.0,1423.2521521414892,1289.6760624836581,1547.6112749803897,0.0,257.93521249673165
28->25,28,25,421,418,3.0,0.15,0.44999999999999996,2.55,1.0,True,0.18023542804977039,1017.3653522460211,1017.3653522460211,1220.8384226952253,183.36527974506703,203.47307044920422
28->26,28,26,421,419,22.0,0.15,3.3,18.7,1.0,True,0.17392128453995961,542.586828063183,542.586828063183,651.1041936758196,94.367398111211,108.51736561263661
28->27,28,27,421,420,9.0,0.85,7.6499999999999995,1.35,1.0,True,0.1999158642346897,1323.0737631393602,1202.437006174346,1442.924407409215,240.3862332771173,240.4874012348692
28->29,28,29,421,423,7.0,0.15,1.05,5.95,1.0,True,0.0,330.026587554683,330.026587554683,396.0319050656196,0.0,66.00531751093659
28->3,28,3,421,394,10.0,0.85,8.5,1.5000000000000002,1.0,True,0.10084959445834503,2041.9817027116965,2041.9817027116965,2450.3780432540357,205.93302660983545,408.3963405423393
28->30,28,30,421,424,1.0,0.85,0.85,0.15000000000000002,0.0,False,1.0,906.848798296258,906.848798296258,1088.2185579555096,0.0,181.3697596592516
28->4,28,4,421,395,3.0,0.85,2.55,0.45000000000000007,0.0,False,1.0,1405.682351297303,1405.682351297303,1686.8188215567636,0.0,281.1364702594606
28->5,28,5,421,396,3.0,0.15,0.44999999999999996,2.55,1.0,True,0.06821139542914297,1901.2586084025702,1596.4493512973029,1915.7392215567634,108.8960379839391,319.2898702594606
28->6,28,6,421,397,6.0,0.15,0.8999999999999999,5.1,1.0,True,0.19355583555291914,2274.969507017453,2031.225048536882,2437.4700582442583,393.15546146557494,406.2450097073764
28->7,28,7,421,398,5.0,0.85,4.25,0.7500000000000001,1.0,True,0.08502680925238157,2421.9775906040704,2421.9775906040704,2906.3731087248843,205.933026609835,484.39551812081413
28->8,28,8,421,399,6.0,0.15,0.8999999999999999,5.1,0.0,False,1.0,3024.5617728445995,2857.0507083583825,3428.4608500300587,0.0,571.4101416716766
29->1,29,1,423,392,1.0,0.85,0.85,0.15000000000000002,0.0,False,1.0,1172.9765185225328,1013.9050000000001,1216.6860000000001,0.0,202.78100000000003
29->10,29,10,423,402,2.0,0.85,1.7,0.30000000000000004,1.0,True,0.07415880367630254,2659.6663171624764,2222.164944730304,2666.5979336763644,164.79309387261628,444.4329889460608
29->14,29,14,423,406,1.0,0.85,0.85,0.15000000000000002,0.0,False,1.0,1895.3848215631801,1750.5555709290043,2100.666685114805,0.0,350.1111141858009
29->17,29,17,423,409,2.0,0.85,1.7,0.30000000000000004,0.0,False,1.0,1004.0422809493189,945.196836778598,1134.2362041343176,0.0,189.0393673557196
29->18,29,18,423,410,5.0,0.15,0.75,4.25,1.0,True,0.10912868239339449,1140.979797341405,1063.627836778598,1276.3534041343175,116.07230438458487,212.72556735571962
29->19,29,19,423,412,6.0,0.15,0.8999999999999999,5.1,1.0,True,1.397233238667557e-16,895.169004151119,813.6568367785981,976.3882041343177,1.1368683772161603e-13,162.7313673557196
29->2,29,2,423,393,2.0,0.15,0.3,1.7,0.0,False,1.0,908.285156839713,840.257712668992,1008.3092552027904,0.0,168.0515425337984
29->20,29,20,423,413,12.0,0.15,1.7999999999999998,10.2,1.0,True,0.0,530.857004151119,472.01155998039803,566.4138719764776,0.0,94.40231199607962
29->21,29,21,423,414,2.0,0.15,0.3,1.7,1.0,True,0.05551731819508632,1021.8771312193479,908.1004995130861,1089.7205994157032,50.41530438458483,181.62009990261723
29->26,29,26,423,419,4.0,0.15,0.6,3.4,1.0,True,0.12045027307799515,783.455244224355,783.455244224355,940.146293069226,94.36739811121095,156.69104884487103
29->27,29,27,423,420,1.0,0.85,0.85,0.15000000000000002,0.0,False,1.0,1549.2813271651992,1525.0649600702498,1830.0779520842996,0.0,305.01299201405
29->28,29,28,423,421,6.0,0.15,0.8999999999999999,5.1,1.0,True,0.0,328.913531576168,328.913531576168,394.6962378914016,0.0,65.7827063152336
29->3,29,3,423,394,3.0,0.85,2.55,0.45000000000000007,0.0,False,1.0,1750.1489044154387,1750.1489044154387,2100.1786852985265,0.0,350.02978088308777
29->30,29,30,423,424,2.0,0.85,1.7,0.30000000000000004,0.0,False,1.0,673.861444170721,615.0160000000001,738.0192000000001,0.0,123.00320000000002
29->4,29,4,423,395,6.0,0.15,0.8999999999999999,5.1,0.0,False,1.0,1323.1463219543607,1113.8495530010448,1336.6194636012538,0.0,222.76991060020896
29->5,29,5,423,396,3.0,0.15,0.44999999999999996,2.55,0.0,False,1.0,1520.0559964099996,1304.6165530010448,1565.5398636012537,0.0,260.923310600209
29->6,29,6,423,397,6.0,0.15,0.8999999999999999,5.1,0.0,False,1.0,1881.4980405962406,1739.392250240624,2087.2707002887487,0.0,347.8784500481248
29->7,29,7,423,398,5.0,0.85,4.25,0.7500000000000001,1.0,True,0.17864373726330546,2130.1447923078126,2130.1447923078126,2556.173750769375,380.53702660983527,426.0289584615625
29->8,29,8,423,399,4.0,0.15,0.6,3.4,0.0,False,1.0,2934.290639914947,2565.2179100621242,3078.261492074549,0.0,513.0435820124248
3->1,3,1,394,392,8.0,0.85,6.8,1.2000000000000002,1.0,True,0.0,1007.726292708472,917.88310650713,1101.459727808556,0.0,183.57662130142603
3->10,3,10,394,402,2.0,0.85,1.7,0.30000000000000004,0.0,False,1.0,3195.994621468862,2781.8435497671826,3338.212259720619,0.0,556.3687099534366
3->11,3,11,394,403,1.0,0.15,0.15,0.85,0.0,False,1.0,3557.6197572014194,3354.1415497671824,4024.969859720619,0.0,670.8283099534365
3->12,3,12,394,404,1.0,0.85,0.85,0.15000000000000002,0.0,False,1.0,3346.5793240502303,3346.5793240502303,4015.895188860276,0.0,669.3158648100462
3->13,3,13,394,405,2.0,0.85,1.7,0.30000000000000004,0.0,False,1.0,3179.1231294770137,3179.1231294770137,3814.9477553724164,0.0,635.8246258954027
3->16,3,16,394,408,1.0,0.15,0.15,0.85,1.0,True,0.17926216229810255,1989.3068250166068,1915.641275810911,2298.7695309730934,343.40199728935977,383.12825516218226
3->17,3,17,394,409,2.0,0.15,0.3,1.7,0.0,False,1.0,1639.3764613966953,1579.5306343119837,1895.4367611743803,0.0,315.9061268623968
3->18,3,18,394,410,1.0,0.15,0.15,0.85,0.0,False,1.0,2012.1284613966955,1704.6526343119835,2045.5831611743802,0.0,340.93052686239673
3->19,3,19,394,412,4.0,0.15,0.6,3.4,0.0,False,1.0,1703.9576343119834,1546.8578527790503,1856.2294233348603,0.0,309.3715705558101
3->2,3,2,394,393,8.0,0.15,1.2,6.8,0.0,False,1.0,1033.878481420827,1033.878481420827,1240.6541777049924,0.0,206.7756962841654
3->20,3,20,394,413,7.0,0.15,1.05,5.95,0.0,False,1.0,1795.69128653636,1669.1426410887739,2002.9711693065285,0.0,333.8285282177548
3->21,3,21,394,414,1.0,0.85,0.85,0.15000000000000002,1.0,True,0.17468523985586182,2125.939472737702,1932.093641088774,2318.5123693065284,337.5082411175779,386.4187282177548
3->25,3,25,394,418,3.0,0.85,2.55,0.45000000000000007,0.0,False,1.0,2848.0334848934344,2627.9636324266207,3153.5563589119447,0.0,525.5927264853242
3->26,3,26,394,419,5.0,0.85,4.25,0.7500000000000001,1.0,True,0.1646096506015462,2516.725396777261,2516.725396777261,3020.070476132713,414.27728822354266,503.3450793554522
3->27,3,27,394,420,1.0,0.85,0.85,0.15000000000000002,1.0,True,0.12155893515021061,3353.1509616641906,2883.8517150564694,3460.622058067763,350.557943613373,576.7703430112939
3->28,3,28,394,421,5.0,0.85,4.25,0.7500000000000001,1.0,True,0.09903084778109737,2091.2795535487476,2079.48362781908,2495.380353382896,205.93302660983545,415.89672556381606
3->29,3,29,394,423,1.0,0.85,0.85,0.15000000000000002,0.0,False,1.0,1800.559811231005,1800.559811231005,2160.671773477206,0.0,360.111962246201
3->4,3,4,394,395,12.0,0.15,1.7999999999999998,10.2,0.0,False,1.0,1122.576726712014,953.2586841995671,1143.9104210394805,0.0,190.65173683991344
3->5,3,5,394,396,3.0,0.15,0.44999999999999996,2.55,0.0,False,1.0,1217.590801144187,1059.030634311984,1270.8367611743806,0.0,211.8061268623968
3->6,3,6,394,397,21.0,0.15,3.15,17.849999999999998,0.0,False,1.0,1454.37421246972,1382.2586812744853,1658.7104175293823,0.0,276.45173625489707
3->7,3,7,394,398,24.0,0.15,3.5999999999999996,20.4,1.0,True,0.0,623.775887892374,623.775887892374,748.5310654708488,0.0,124.75517757847481
3->8,3,8,394,399,12.0,0.15,1.7999999999999998,10.2,1.0,True,0.12155217136103104,1654.0968313928433,1654.0968313928433,1984.916197671412,201.05906149720136,330.8193662785687
3->9,3,9,394,401,2.0,0.85,1.7,0.30000000000000004,0.0,False,1.0,2560.5456649135454,2322.0523551919505,2786.4628262303404,0.0,464.41047103839014
30->14,30,14,424,406,2.0,0.85,1.7,0.30000000000000004,0.0,False,1.0,2198.467904851574,1992.1957341504062,2390.634880980487,0.0,398.43914683008126
30->19,30,19,424,412,1.0,0.85,0.85,0.15000000000000002,0.0,False,1.0,1127.292559980398,1055.297,1266.3564,0.0,211.0594
30->20,30,20,424,413,2.0,0.85,1.7,0.30000000000000004,0.0,False,1.0,737.8195599803979,737.8195599803979,885.3834719764775,0.0,147.56391199607958
30->26,30,26,424,419,2.0,0.85,1.7,0.30000000000000004,0.0,False,1.0,1360.2774549659302,1331.181585546256,1597.417902655507,0.0,266.2363171092512
30->29,30,29,424,423,2.0,0.85,1.7,0.30000000000000004,0.0,False,1.0,673.8614441707209,615.016,738.0192,0.0,123.00319999999999
30->4,30,4,424,395,1.0,0.85,0.85,0.15000000000000002,0.0,False,1.0,938.7878523328649,938.7878523328649,1126.5454227994378,0.0,187.757570466573
30->5,30,5,424,396,1.0,0.85,0.85,0.15000000000000002,0.0,False,1.0,1135.6975267885036,1135.6975267885036,1362.8370321462044,0.0,227.13950535770073
30->6,30,6,424,397,2.0,0.85,1.7,0.30000000000000004,0.0,False,1.0,1497.1395709747446,1497.1395709747446,1796.5674851696936,0.0,299.4279141949489
30->8,30,8,424,399,1.0,0.85,0.85,0.15000000000000002,1.0,True,0.14002382965112384,2325.807022113457,2325.807022113457,2790.9684265361484,325.66840626580233,465.1614044226915
4->1,4,1,395,392,2.0,0.85,1.7,0.30000000000000004,1.0,True,0.15898395552616496,766.7552512950459,762.9449122621521,915.5338947145825,121.29599999999982,152.58898245243043
4->10,4,10,395,402,4.0,0.15,0.6,3.4,1.0,True,0.16872642091925008,2197.940388487824,1939.0844149376558,2326.901297925187,327.1747731927287,387.8168829875312
4->11,4,11,395,403,2.0,0.15,0.3,1.7,1.0,True,0.19945522879916205,2652.4824575668436,2511.3824149376555,3013.6588979251865,500.9083541735822,502.27648298753115
4->12,4,12,395,404,3.0,0.15,0.44999999999999996,2.55,1.0,True,0.11586772121846811,2464.4356897382463,2464.4356897382463,2957.3228276858954,285.5485474594343,492.8871379476493
4->13,4,13,395,405,5.0,0.15,0.75,4.25,1.0,True,0.12431480039786744,2296.9794951650297,2296.9794951650297,2756.3753941980353,285.548547459435,459.39589903300595
4->14,4,14,395,406,8.0,0.15,1.2,6.8,1.0,True,0.13136343702478215,1507.6417341504061,1507.6417341504061,1809.1700809804872,198.0490000000002,301.52834683008126
4->15,4,15,395,407,3.0,0.15,0.44999999999999996,2.55,1.0,True,0.0,1325.824523153497,1196.846848697858,1436.2162184374295,0.0,239.3693697395716
4->16,4,16,395,408,2.0,0.85,1.7,0.30000000000000004,1.0,True,0.054482272446775504,1198.4773793689278,1071.614625785588,1285.9375509427057,58.38399999999979,214.32292515711762
4->17,4,17,395,409,5.0,0.15,0.75,4.25,1.0,True,0.0,821.006674455639,697.387,836.8643999999999,0.0,139.4774
4->18,4,18,395,410,6.0,0.15,0.8999999999999999,5.1,1.0,True,0.1539119936681543,943.721674455639,822.509,987.0108,126.59399999999994,164.5018
4->19,4,19,395,412,8.0,0.15,1.2,6.8,0.0,False,1.0,593.599168579483,593.599168579483,712.3190022953796,0.0,118.71983371589661
4->2,4,2,395,393,4.0,0.15,0.6,3.4,0.0,False,1.0,277.63977134684495,277.63977134684495,333.16772561621394,0.0,55.52795426936899
4->20,4,20,395,413,8.0,0.15,1.2,6.8,0.0,False,1.0,929.983168579483,908.856,1090.6272,0.0,181.77120000000002
4->21,4,21,395,414,2.0,0.15,0.3,1.7,0.0,False,1.0,1194.6211685794829,1171.807,1406.1684,0.0,234.3614
4->22,4,22,395,415,1.0,0.85,0.85,0.15000000000000002,0.0,False,1.0,1314.953197104643,1314.953197104643,1577.9438365255717,0.0,262.99063942092863
4->23,4,23,395,416,1.0,0.85,0.85,0.15000000000000002,0.0,False,1.0,2208.054977335356,2208.054977335356,2649.665972802427,0.0,441.61099546707123
4->24,4,24,395,417,1.0,0.85,0.85,0.15000000000000002,0.0,False,1.0,1843.114882030243,1843.114882030243,2211.7378584362914,0.0,368.6229764060486
4->26,4,26,395,419,5.0,0.15,0.75,4.25,0.0,False,1.0,1902.2453242260538,1829.804632854432,2195.7655594253183,0.0,365.9609265708864
4->27,4,27,395,420,3.0,0.85,2.55,0.45000000000000007,0.0,False,1.0,2689.556938111331,2496.2659668785536,2995.519160254264,0.0,499.25319337571074
4->28,4,28,395,421,3.0,0.85,2.55,0.45000000000000007,0.0,False,1.0,1586.946776982053,1404.5692953187881,1685.4831543825458,0.0,280.9138590637576
4->29,4,29,395,423,6.0,0.15,0.8999999999999999,5.1,0.0,False,1.0,1323.1463219543607,1113.849553001045,1336.619463601254,0.0,222.76991060020902
4->3,4,3,395,394,10.0,0.15,1.5,8.5,0.0,False,1.0,1072.1658198964478,920.332807479788,1104.3993689757456,0.0,184.06656149595761
4->30,4,30,395,424,1.0,0.85,0.85,0.15000000000000002,0.0,False,1.0,919.65329476186,919.65329476186,1103.583953714232,0.0,183.93065895237203
4->5,4,5,395,396,10.0,0.15,1.5,8.5,1.0,True,0.14247583489501733,298.099674455639,298.099674455639,357.7196093467668,42.47200000000004,59.6199348911278
4->6,4,6,395,397,19.0,0.15,2.85,16.15,1.0,True,0.0,659.54171864188,659.54171864188,791.450062370256,0.0,131.90834372837602
4->7,4,7,395,398,7.0,0.15,1.05,5.95,1.0,True,0.12391731859957741,1140.1006180948739,1095.818673336721,1314.9824080040653,135.79091167123272,219.16373466734422
4->8,4,8,395,399,14.0,0.15,2.1,11.9,1.0,True,0.0,1488.209169780593,1488.209169780593,1785.8510037367114,0.0,297.6418339561186
4->9,4,9,395,401,2.0,0.15,0.3,1.7,1.0,True,1.5370426384265177e-16,1640.540587832113,1479.293220362424,1775.151864434909,2.2737367544323206e-13,295.8586440724848
5->10,5,10,396,402,1.0,0.15,0.15,0.85,0.0,False,1.0,1986.523249195611,1772.7334149376557,2127.2800979251865,0.0,354.54668298753114
5->11,5,11,396,403,2.0,0.15,0.3,1.7,1.0,True,0.15154082701678742,2587.7622436462407,2345.0314149376554,2814.0376979251864,355.3679999999995,469.0062829875311
5->12,5,12,396,404,3.0,0.15,0.44999999999999996,2.55,1.0,True,0.143785145377079,2304.6646897382466,2304.6646897382466,2765.597627685896,331.3765474594345,460.93293794764935
5->13,5,13,396,405,40.0,0.15,6.0,34.0,1.0,True,0.11482672442199966,2437.7853526641657,2137.20849516503,2564.650194198036,245.40865090667148,427.441699033006
5->14,5,14,396,406,13.0,0.15,1.95,11.049999999999999,1.0,True,0.18093500646686364,1347.870734150406,1347.870734150406,1617.4448809804871,243.87699999999995,269.5741468300812
5->15,5,15,396,407,6.0,0.15,0.8999999999999999,5.1,1.0,True,0.041024339321107384,1232.3768486978581,1035.287848697858,1242.3454184374295,42.47200000000021,207.0575697395716
5->16,5,16,396,408,4.0,0.15,0.6,3.4,1.0,True,0.0,912.237704913289,905.365481024463,1086.4385772293556,0.0,181.0730962048926
5->17,5,17,396,409,4.0,0.15,0.6,3.4,1.0,True,0.0,535.828,535.828,642.9935999999999,0.0,107.1656
5->18,5,18,396,410,8.0,0.15,1.2,6.8,1.0,True,0.0,908.5799999999999,774.25,929.0999999999999,0.0,154.85000000000002
5->19,5,19,396,412,8.0,0.15,1.2,6.8,1.0,True,0.0,908.0279999999999,773.385,928.0619999999999,0.0,154.67700000000002
5->2,5,2,396,393,4.0,0.15,0.6,3.4,1.0,True,0.07459923590452765,569.848811430085,569.335590170867,683.2027082050404,42.47199999999998,113.86711803417342
5->20,5,20,396,413,7.0,0.15,1.05,5.95,1.0,True,0.09530811923722961,1317.833,1099.6229999999998,1319.5475999999996,104.80300000000011,219.92459999999997
5->21,5,21,396,414,2.0,0.15,0.3,1.7,1.0,True,0.04818600677834741,1504.1309999999999,1362.5739999999996,1635.0887999999995,65.65699999999993,272.5147999999999
5->22,5,22,396,415,1.0,0.85,0.85,0.15000000000000002,0.0,False,1.0,1583.1415553013949,1459.3442697432522,1751.2131236919026,0.0,291.86885394865044
5->26,5,26,396,419,3.0,0.15,0.44999999999999996,2.55,1.0,True,0.10054912144281933,2114.741516771744,2020.5716328544318,2424.685959425318,203.16670249579602,404.11432657088636
5->27,5,27,396,420,1.0,0.85,0.85,0.15000000000000002,0.0,False,1.0,3167.463595216269,2693.175641334192,3231.81076960103,0.0,538.6351282668384
5->28,5,28,396,421,2.0,0.15,0.3,1.7,0.0,False,1.0,1769.1772067452882,1595.3362953187875,1914.4035543825448,0.0,319.06725906375755
5->29,5,29,396,423,1.0,0.15,0.15,0.85,0.0,False,1.0,1520.0559964099996,1304.6165530010448,1565.5398636012537,0.0,260.923310600209
5->3,5,3,396,394,5.0,0.15,0.75,4.25,0.0,False,1.0,1217.590801144187,1059.030634311984,1270.8367611743806,0.0,211.8061268623968
5->4,5,4,396,395,10.0,0.15,1.5,8.5,1.0,True,0.1424758348950175,298.09967445563905,298.09967445563905,357.71960934676684,42.472000000000094,59.61993489112781
5->6,5,6,396,397,20.0,0.15,3.0,17.0,1.0,True,0.09514634373802205,446.38604418624095,446.38604418624095,535.6632530234891,42.47199999999998,89.2772088372482
5->7,5,7,396,398,15.0,0.15,2.25,12.75,1.0,True,0.1937288845469104,926.944943639235,920.1669234205891,1104.200308104707,178.26291167123304,184.03338468411783
5->8,5,8,396,399,13.0,0.15,1.95,11.049999999999999,1.0,True,0.03330997495848281,1275.0534953249542,1275.0534953249542,1530.064194389945,42.47200000000021,255.01069906499083
5->9,5,9,396,401,1.0,0.85,0.85,0.15000000000000002,0.0,False,1.0,1420.535847185852,1312.942220362424,1575.5306644349087,0.0,262.58844407248483
6->1,6,1,397,392,4.0,0.85,3.4,0.6000000000000001,1.0,True,0.07099035852388412,1296.2041876298113,1296.2041876298113,1555.4450251557735,92.01800000000026,259.24083752596226
6->10,6,10,397,402,7.0,0.15,1.05,5.95,0.0,False,1.0,1405.4375090152898,1405.4375090152898,1686.5250108183477,0.0,281.087501803058
6->11,6,11,397,403,24.0,0.15,3.5999999999999996,20.4,1.0,True,0.1956012366455665,2112.7435610247435,1977.7355090152898,2373.2826108183476,386.8475113212396,395.547101803058
6->12,6,12,397,404,5.0,0.85,4.25,0.7500000000000001,1.0,True,0.16746451815974844,2089.254906270729,2089.254906270729,2507.1058875248746,349.876066191518,417.85098125414584
6->13,6,13,397,405,39.0,0.15,5.85,33.15,1.0,True,0.04002376290514264,2443.961539351271,2186.189930887083,2623.4279170644995,87.49954745943478,437.2379861774166
6->14,6,14,397,406,35.0,0.15,5.25,29.75,1.0,True,0.13693878924988495,1285.7584684235342,1285.7584684235342,1542.910162108241,176.0702079337052,257.15169368470686
6->15,6,15,397,407,13.0,0.15,1.95,11.049999999999999,1.0,True,0.08633134362549116,918.072865917471,887.151720147505,1064.582064177006,76.58899999999983,177.43034402950101
6->16,6,16,397,408,15.0,0.15,2.25,12.75,1.0,True,0.08233080788575121,539.967979686179,539.967979686179,647.9615756234148,44.45600000000002,107.9935959372358
6->17,6,17,397,409,14.0,0.15,2.1,11.9,1.0,True,0.0,841.956044186241,834.793847882601,1001.7526174591211,0.0,166.9587695765202
6->18,6,18,397,410,23.0,0.15,3.4499999999999997,19.55,1.0,True,0.10483577101604813,1214.552044186241,1207.545847882601,1449.0550174591212,126.59400000000005,241.5091695765202
6->19,6,19,397,412,15.0,0.15,2.25,12.75,1.0,True,0.14328493161828776,1286.8500167555426,1206.9938478826011,1448.3926174591213,172.9440309575525,241.39876957652024
6->2,6,2,397,393,11.0,0.15,1.65,9.35,1.0,True,0.0,931.2908556163259,930.777634357108,1116.9331612285296,0.0,186.1555268714216
6->20,6,20,397,413,10.0,0.15,1.5,8.5,1.0,True,0.18101359930585603,1696.6550167555426,1534.3986972395787,1841.2784366874944,277.7470309575526,306.87973944791577
6->21,6,21,397,414,1.0,0.15,0.15,0.85,1.0,True,0.14154241009661145,2137.042730048848,1797.3496972395787,2156.8196366874945,254.40120793370488,359.46993944791575
6->22,6,22,397,415,3.0,0.15,0.44999999999999996,2.55,0.0,False,1.0,1954.526961757118,1859.7244764483653,2231.669371738038,0.0,371.94489528967307
6->23,6,23,397,416,1.0,0.85,0.85,0.15000000000000002,1.0,True,0.1475807848164336,2669.341421438034,2669.341421438034,3203.209705725641,393.9435019188395,533.8682842876068
6->24,6,24,397,417,1.0,0.85,0.85,0.15000000000000002,0.0,False,1.0,2387.886161373965,2387.886161373965,2865.463393648758,0.0,477.577232274793
6->25,6,25,397,418,1.0,0.85,0.85,0.15000000000000002,1.0,True,0.14741136110138542,2526.149461393509,2466.284736654564,2959.5416839854765,363.5583898938212,493.2569473309128
6->26,6,26,397,419,5.0,0.15,0.75,4.25,1.0,True,0.1661802073100191,2581.5391998328123,2455.347330094011,2946.416796112813,408.0301283331246,491.0694660188022
6->27,6,27,397,420,2.0,0.85,1.7,0.30000000000000004,0.0,False,1.0,3521.0871521669433,3054.617685520434,3665.5412226245207,0.0,610.9235371040868
6->28,6,28,397,421,4.0,0.15,0.6,3.4,1.0,True,0.10192690784668118,2211.4786525888107,2030.1119925583662,2436.1343910700393,206.9230379839389,406.02239851167326
6->29,6,29,397,423,5.0,0.15,0.75,4.25,0.0,False,1.0,1822.6525964255202,1739.3922502406235,2087.2707002887482,0.0,347.8784500481247
6->3,6,3,397,394,19.0,0.15,2.85,16.15,1.0,True,0.09823842201955225,1456.1168655490737,1382.2586812744848,1658.7104175293819,135.7909116712326,276.45173625489696
6->30,6,30,397,424,3.0,0.85,2.55,0.45000000000000007,0.0,False,1.0,1478.00501340374,1478.00501340374,1773.606016084488,0.0,295.60100268074797
6->4,6,4,397,395,26.0,0.15,3.9,22.099999999999998,1.0,True,0.0,659.5417186418799,659.5417186418799,791.4500623702559,0.0,131.908343728376
6->5,6,5,397,396,18.0,0.15,2.6999999999999997,15.299999999999999,1.0,True,0.09514634373802205,446.38604418624095,446.38604418624095,535.6632530234891,42.47199999999998,89.2772088372482
6->7,6,7,397,398,37.0,0.15,5.55,31.45,1.0,True,0.13365541828444233,1158.692987825476,1015.977604306665,1219.1731251679978,135.79091167123295,203.195520861333
6->8,6,8,397,399,55.0,0.15,8.25,46.75,1.0,True,0.0,828.667451138713,828.667451138713,994.4009413664555,0.0,165.7334902277426
6->9,6,9,397,401,5.0,0.15,0.75,4.25,1.0,True,0.047011233820885324,980.735188149364,945.6463144400581,1134.7755773280696,44.45600000000002,189.12926288801162
7->1,7,1,398,392,2.0,0.85,1.7,0.30000000000000004,1.0,True,0.0,1387.722180600846,1297.878994399504,1557.4547932794048,0.0,259.57579887990084
7->10,7,10,398,402,5.0,0.15,0.75,4.25,0.0,False,1.0,2599.971061978585,2205.877028655974,2647.0524343871684,0.0,441.1754057311948
7->11,7,11,398,403,3.0,0.85,2.55,0.45000000000000007,0.0,False,1.0,2778.1750286559736,2778.1750286559736,3333.8100343871683,0.0,555.6350057311947
7->12,7,12,398,404,2.0,0.15,0.3,1.7,1.0,True,0.19845275266569462,3087.655613158836,3028.0836958764658,3633.7004350517586,600.9315447487947,605.6167391752932
7->13,7,13,398,405,7.0,0.15,1.05,5.95,0.0,False,1.0,2917.1174185856185,2917.1174185856185,3500.540902302742,0.0,583.4234837171238
7->14,7,14,398,406,9.0,0.15,1.3499999999999999,7.6499999999999995,0.0,False,1.0,2127.779657570995,2127.779657570995,2553.335589085194,0.0,425.555931514199
7->15,7,15,398,407,4.0,0.15,0.6,3.4,1.0,True,0.07504866477702121,1824.5837923370932,1809.371453505329,2171.2457442063946,135.79091167123306,361.87429070106583
7->16,7,16,398,408,2.0,0.85,1.7,0.30000000000000004,0.0,False,1.0,1697.1846485525239,1478.7967692919158,1774.5561231502988,0.0,295.7593538583832
7->17,7,17,398,409,2.0,0.15,0.3,1.7,1.0,True,0.10320521470067924,1322.514943639235,1315.7369234205892,1578.8843081047069,135.79091167123306,263.14738468411787
7->18,7,18,398,410,8.0,0.15,1.2,6.8,1.0,True,0.08130966275170351,1695.2669436392353,1670.0464259198807,2004.0557111038568,135.7909116712333,334.00928518397615
7->19,7,19,398,412,5.0,0.15,0.75,4.25,1.0,True,0.08135179888932631,1694.7149436392351,1669.181425919881,2003.017711103857,135.79091167123306,333.8362851839762
7->2,7,2,398,393,5.0,0.85,4.25,0.7500000000000001,1.0,True,0.19071771517268815,1413.8743693132012,1355.304169576822,1626.3650034921864,258.480514585709,271.0608339153644
7->20,7,20,398,413,11.0,0.85,9.35,1.6500000000000004,1.0,True,0.10338092745050138,2069.2703606300756,1990.456520290963,2388.5478243491557,205.77524111757748,398.09130405819263
7->21,7,21,398,414,1.0,0.15,0.15,0.85,1.0,True,0.0913173668165477,2548.837360630075,2253.407520290963,2704.0890243491554,205.77524111757702,450.6815040581926
7->22,7,22,398,415,1.0,0.85,0.85,0.15000000000000002,0.0,False,1.0,2349.026006403733,2349.026006403733,2818.8312076844795,0.0,469.8052012807466
7->26,7,26,398,419,3.0,0.15,0.44999999999999996,2.55,1.0,True,0.13000354642241857,3003.822099285806,2896.721284669634,3476.0655416035606,376.58404000435667,579.3442569339268
7->27,7,27,398,420,1.0,0.85,0.85,0.15000000000000002,0.0,False,1.0,3263.847602948844,3263.847602948844,3916.6171235386123,0.0,652.7695205897688
7->28,7,28,398,421,4.0,0.15,0.6,3.4,1.0,True,0.1731822126018101,2576.765071797716,2459.479515711454,2951.3754188537446,425.938104379738,491.8959031422908
7->29,7,29,398,423,1.0,0.85,0.85,0.15000000000000002,1.0,True,0.17451378415273566,2180.555699123378,2180.555699123378,2616.6668389480533,380.5370266098348,436.1111398246756
7->3,7,3,398,394,24.0,0.15,3.5999999999999996,20.4,1.0,True,0.0,623.775887892374,623.775887892374,748.5310654708488,0.0,124.75517757847481
7->30,7,30,398,424,2.0,0.85,1.7,0.30000000000000004,1.0,True,0.15735386434994153,1832.0845631005534,1687.2349308321502,2024.6819169985802,265.49293643264514,337.44698616643007
7->4,7,4,398,395,9.0,0.15,1.3499999999999999,7.6499999999999995,1.0,True,0.12391731859957765,1140.100618094874,1095.8186733367208,1314.982408004065,135.79091167123295,219.1637346673442
7->5,7,5,398,396,16.0,0.15,2.4,13.6,1.0,True,0.1937288845469104,926.944943639235,920.1669234205891,1104.200308104707,178.26291167123304,184.03338468411783
7->6,7,6,398,397,29.0,0.15,4.35,24.65,1.0,True,0.13360805143721943,1158.6929878254762,1016.3377896057368,1219.605347526884,135.79091167123318,203.2675579211474
7->8,7,8,398,399,37.0,0.15,5.55,31.45,1.0,True,0.19514216688065353,1030.320943500469,1030.320943500469,1236.3851322005628,201.0590614972009,206.0641887000938
7->9,7,9,398,401,2.0,0.85,1.7,0.30000000000000004,0.0,False,1.0,1746.0858340807417,1746.0858340807417,2095.30300089689,0.0,349.2171668161484
8->1,8,1,399,392,2.0,0.85,1.7,0.30000000000000004,1.0,True,0.04330520409850682,2124.8716387685236,2124.8716387685236,2549.845966522228,92.01799999999957,424.97432775370476
8->10,8,10,399,402,38.0,0.15,5.7,32.3,1.0,True,0.1534485923808105,1649.6339006603716,1649.6339006603716,1979.560680792446,253.1339999999998,329.9267801320743
8->11,8,11,399,403,29.0,0.15,4.35,24.65,1.0,True,0.15218693241656045,2221.9319006603714,2221.9319006603714,2666.3182807924454,338.14899999999966,444.3863801320743
8->12,8,12,399,404,14.0,0.85,11.9,2.1000000000000005,1.0,True,0.1928573591397703,2811.510893516122,2612.2362755846193,3134.683530701543,503.78898955835894,522.4472551169239
8->13,8,13,399,405,14.0,0.15,2.1,11.9,1.0,True,0.10374511882211741,2927.050361660925,2927.050361660925,3512.4604339931097,303.6671875688344,585.410072332185
8->14,8,14,399,406,21.0,0.15,3.15,17.849999999999998,1.0,True,0.1498393149738704,2026.618899197376,2026.618899197376,2431.942679036851,303.66718756883415,405.32377983947526
8->15,8,15,399,407,4.0,0.15,0.6,3.4,0.0,False,1.0,1658.4295620004586,1658.4295620004586,1990.1154744005503,0.0,331.68591240009175
8->16,8,16,399,408,8.0,0.15,1.2,6.8,1.0,True,0.1343294528994204,1280.828410460021,1280.828410460021,1536.994092552025,172.05297963512885,256.1656820920042
8->17,8,17,399,409,5.0,0.85,4.25,0.7500000000000001,1.0,True,0.18182710398834415,1652.894447529385,1652.894447529385,1983.473337035262,300.54101059268214,330.578889505877
8->18,8,18,399,410,11.0,0.15,1.65,9.35,1.0,True,0.17486822636780827,2020.902731046007,2020.902731046007,2425.083277255208,353.3916762398751,404.1805462092014
8->19,8,19,399,412,14.0,0.15,2.1,11.9,1.0,True,0.17486865901767393,2020.8977310460068,2020.8977310460068,2425.077277255208,353.3916762398751,404.17954620920136
8->2,8,2,399,393,8.0,0.15,1.2,6.8,1.0,True,0.08494614585231995,1759.4450854958204,1759.4450854958204,2111.3341025949844,149.4580788516755,351.8890170991641
8->20,8,20,399,413,21.0,0.15,3.15,17.849999999999998,1.0,True,0.13868361968234394,2533.497262071975,2355.059336696208,2826.0712040354497,326.6081533797301,471.01186733924163
8->21,8,21,399,414,4.0,0.15,0.6,3.4,1.0,True,0.1827473646317268,2639.4267927122814,2614.3937310460074,3137.2724772552087,477.7735644583654,522.8787462092015
8->22,8,22,399,415,2.0,0.85,1.7,0.30000000000000004,1.0,True,0.18246470340645154,2606.776202307658,2606.776202307658,3128.1314427691896,475.64464660106296,521.3552404615316
8->23,8,23,399,416,1.0,0.85,0.85,0.15000000000000002,1.0,True,0.15293536985668263,3410.2018522118756,3410.2018522118756,4092.2422226542503,521.5404815539673,682.0403704423752
8->24,8,24,399,417,1.0,0.85,0.85,0.15000000000000002,1.0,True,0.14992807018056928,3134.9378872332577,3134.9378872332577,3761.925464679909,470.0151875688334,626.9875774466516
8->25,8,25,399,418,1.0,0.85,0.85,0.15000000000000002,0.0,False,1.0,3342.514668078872,3271.306669525855,3925.5680034310258,0.0,654.261333905171
8->26,8,26,399,419,7.0,0.85,5.95,1.0500000000000003,1.0,True,0.1900315462514579,3273.6733639004387,3273.6733639004387,3928.4080366805265,622.101211264212,654.7346727800877
8->27,8,27,399,420,4.0,0.85,3.4,0.6000000000000001,0.0,False,1.0,3883.285136659146,3883.285136659146,4659.942163990975,0.0,776.6570273318292
8->28,8,28,399,421,6.0,0.15,0.8999999999999999,5.1,0.0,False,1.0,3098.067931002198,2850.7726320149955,3420.9271584179946,0.0,570.1545264029991
8->29,8,29,399,423,2.0,0.15,0.3,1.7,0.0,False,1.0,2950.264494876371,2560.052889697253,3072.063467636703,0.0,512.0105779394506
8->3,8,3,399,394,12.0,0.15,1.7999999999999998,10.2,1.0,True,0.12157864553108559,1653.7366460937708,1653.7366460937708,1984.4839753125248,201.0590614972009,330.7473292187542
8->4,8,4,399,395,12.0,0.15,1.7999999999999998,10.2,1.0,True,0.0,1488.2091697805927,1488.2091697805927,1785.8510037367112,0.0,297.64183395611855
8->5,8,5,399,396,12.0,0.15,1.7999999999999998,10.2,1.0,True,0.03330997495848247,1275.0534953249537,1275.0534953249537,1530.0641943899443,42.47199999999975,255.01069906499075
8->6,8,6,399,397,42.0,0.15,6.3,35.699999999999996,1.0,True,0.0,828.6674511387129,828.6674511387129,994.4009413664554,0.0,165.73349022774258
8->7,8,7,399,398,35.0,0.15,5.25,29.75,1.0,True,0.19521040961629163,1029.960758201397,1029.960758201397,1235.9529098416765,201.05906149720101,205.99215164027942
8->9,8,9,399,401,25.0,0.15,3.75,21.25,1.0,True,0.18197783529927064,1189.84270608514,1189.84270608514,1427.8112473021679,216.5250000000001,237.96854121702802
9->1,9,1,401,392,1.0,0.85,0.85,0.15000000000000002,0.0,False,1.0,2235.844363805994,2235.844363805994,2683.0132365671925,0.0,447.1688727611988
9->10,9,10,401,402,7.0,0.15,1.05,5.95,1.0,True,0.07962092452383839,459.791194575232,459.791194575232,551.7494334902784,36.60900000000004,91.95823891504641
9->11,9,11,401,403,12.0,0.15,1.7999999999999998,10.2,1.0,True,0.11784252818387025,1032.0891945752317,1032.0891945752317,1238.507033490278,121.62399999999968,206.41783891504633
9->12,9,12,401,404,2.0,0.15,0.3,1.7,1.0,True,0.047625196577903255,1540.5296774540031,1515.9005525220969,1819.0806630265163,72.19506180641702,303.18011050441936
9->13,9,13,401,405,4.0,0.85,3.4,0.6000000000000001,0.0,False,1.0,1955.865933633555,1858.925550872366,2230.710661046839,0.0,371.78511017447323
9->14,9,14,401,406,4.0,0.85,3.4,0.6000000000000001,1.0,True,0.05787362247728082,1107.3001592556882,984.3344439405598,1181.2013327286718,56.9670000000001,196.86688878811196
9->15,9,15,401,407,1.0,0.15,0.15,0.85,0.0,False,1.0,813.221462299485,695.0557866925461,834.0669440310553,0.0,139.01115733850924
9->16,9,16,401,408,6.0,0.85,5.1,0.9000000000000001,1.0,True,0.0,440.767208463185,440.767208463185,528.9206501558219,0.0,88.153441692637
9->17,9,17,401,409,1.0,0.15,0.15,0.85,1.0,True,0.0,817.1769133764741,817.1769133764741,980.6122960517689,0.0,163.43538267529482
9->18,9,18,401,410,2.0,0.15,0.3,1.7,1.0,True,4.233662016382374e-16,1193.2119133764743,1074.1229439827641,1288.9475327793168,4.547473508864641e-13,214.82458879655283
9->19,9,19,401,412,2.0,0.15,0.3,1.7,1.0,True,2.1168408620020288e-16,1189.376913376474,1074.1179439827638,1288.9415327793165,2.2737367544323206e-13,214.82358879655277
9->2,9,2,401,393,4.0,0.85,3.4,0.6000000000000001,1.0,True,0.16582898344979574,1761.5606044474116,1729.7570559746396,2075.7084671695675,286.8438542073859,345.9514111949279
9->20,9,20,401,413,1.0,0.15,0.15,0.85,1.0,True,0.17707100728607864,1526.450913376474,1410.5019439827636,1692.6023327793162,249.75900000000001,282.10038879655275
9->21,9,21,401,414,1.0,0.85,0.85,0.15000000000000002,1.0,True,0.09646597198377878,1790.398913376474,1667.613943982764,2001.1367327793168,160.86800000000017,333.52278879655285
9->26,9,26,401,419,1.0,0.85,0.85,0.15000000000000002,1.0,True,0.19981268368223737,2519.822034901634,2326.893576837196,2792.2722922046355,464.94285023080056,465.37871536743927
9->28,9,28,401,421,1.0,0.15,0.15,0.85,1.0,True,0.1459770534820727,2184.9779193999134,1960.3300923598904,2352.3961108318686,286.16321073493623,392.0660184719781
9->3,9,3,401,394,2.0,0.85,1.7,0.30000000000000004,0.0,False,1.0,2417.0947822442417,2322.0523551919514,2786.4628262303418,0.0,464.4104710383903
9->4,9,4,401,395,2.0,0.15,0.3,1.7,0.0,False,1.0,1638.3746567132798,1479.2932203624243,1775.1518644349092,0.0,295.8586440724849
9->6,9,6,401,397,3.0,0.15,0.44999999999999996,2.55,0.0,False,1.0,1004.4658415597102,945.6463144400582,1134.7755773280699,0.0,189.12926288801165
9->7,9,7,401,398,3.0,0.85,2.55,0.45000000000000007,0.0,False,1.0,1745.7256487816699,1745.7256487816699,2094.870778538004,0.0,349.145129756334
9->8,9,8,401,399,19.0,0.15,2.85,16.15,1.0,True,0.1819778352992708,1189.8427060851402,1189.8427060851402,1427.811247302168,216.52500000000032,237.96854121702805
