origin,destination,original_origin,original_destination,demand,pi_w,protected_demand,unprotected_demand,origin_protected_share,destination_protected_share,generation_method,generation_seed
1,2,392,393,2.000000,0.45981818,0.91963635,1.08036365,0.73741142,0.15934061,synthetic_mean_origin_destination_zone_share_plus_uniform_noise_0p05,2026072401
1,3,392,394,8.000000,0.49071069,3.92568553,4.07431447,0.73741142,0.23830746,synthetic_mean_origin_destination_zone_share_plus_uniform_noise_0p05,2026072401
1,4,392,395,3.000000,0.50406748,1.51220245,1.48779755,0.73741142,0.22055417,synthetic_mean_origin_destination_zone_share_plus_uniform_noise_0p05,2026072401
1,5,392,396,1.000000,0.60153979,0.60153979,0.39846021,0.73741142,0.36887416,synthetic_mean_origin_destination_zone_share_plus_uniform_noise_0p05,2026072401
1,6,392,397,4.000000,0.53765383,2.15061531,1.84938469,0.73741142,0.24642650,synthetic_mean_origin_destination_zone_share_plus_uniform_noise_0p05,2026072401
1,7,392,398,3.000000,0.66039576,1.98118729,1.01881271,0.73741142,0.60468921,synthetic_mean_origin_destination_zone_share_plus_uniform_noise_0p05,2026072401
1,8,392,399,1.000000,0.62927690,0.62927690,0.37072310,0.73741142,0.53678249,synthetic_mean_origin_destination_zone_share_plus_uniform_noise_0p05,2026072401
1,9,392,401,1.000000,0.39506199,0.39506199,0.60493801,0.73741142,0.07110743,synthetic_mean_origin_destination_zone_share_plus_uniform_noise_0p05,2026072401
1,14,392,406,3.000000,0.37898177,1.13694532,1.86305468,0.73741142,0.06710322,synthetic_mean_origin_destination_zone_share_plus_uniform_noise_0p05,2026072401
1,15,392,407,2.000000,0.43688532,0.87377064,1.12622936,0.73741142,0.16299935,synthetic_mean_origin_destination_zone_share_plus_uniform_noise_0p05,2026072401
1,16,392,408,1.000000,0.51051601,0.51051601,0.48948399,0.73741142,0.27291615,synthetic_mean_origin_destination_zone_share_plus_uniform_noise_0p05,2026072401
1,17,392,409,2.000000,0.44227883,0.88455767,1.11544233,0.73741142,0.24437834,synthetic_mean_origin_destination_zone_share_plus_uniform_noise_0p05,2026072401
1,18,392,410,1.000000,0.50871097,0.50871097,0.49128903,0.73741142,0.31395496,synthetic_mean_origin_destination_zone_share_plus_uniform_noise_0p05,2026072401
1,19,392,412,1.000000,0.47921654,0.47921654,0.52078346,0.73741142,0.29900358,synthetic_mean_origin_destination_zone_share_plus_uniform_noise_0p05,2026072401
1,20,392,413,1.000000,0.46893949,0.46893949,0.53106051,0.73741142,0.22464177,synthetic_mean_origin_destination_zone_share_plus_uniform_noise_0p05,2026072401
1,24,392,417,1.000000,0.53660787,0.53660787,0.46339213,0.73741142,0.23797094,synthetic_mean_origin_destination_zone_share_plus_uniform_noise_0p05,2026072401
1,26,392,419,2.000000,0.72270434,1.44540868,0.55459132,0.73741142,0.69803216,synthetic_mean_origin_destination_zone_share_plus_uniform_noise_0p05,2026072401
1,28,392,421,2.000000,0.45669790,0.91339580,1.08660420,0.73741142,0.17701773,synthetic_mean_origin_destination_zone_share_plus_uniform_noise_0p05,2026072401
1,29,392,423,1.000000,0.53734500,0.53734500,0.46265500,0.73741142,0.30008886,synthetic_mean_origin_destination_zone_share_plus_uniform_noise_0p05,2026072401
2,1,393,392,3.000000,0.40589734,1.21769201,1.78230799,0.15934061,0.73741142,synthetic_mean_origin_destination_zone_share_plus_uniform_noise_0p05,2026072401
2,3,393,394,5.000000,0.19079125,0.95395623,4.04604377,0.15934061,0.23830746,synthetic_mean_origin_destination_zone_share_plus_uniform_noise_0p05,2026072401
2,4,393,395,5.000000,0.19084743,0.95423713,4.04576287,0.15934061,0.22055417,synthetic_mean_origin_destination_zone_share_plus_uniform_noise_0p05,2026072401
2,5,393,396,5.000000,0.23562318,1.17811590,3.82188410,0.15934061,0.36887416,synthetic_mean_origin_destination_zone_share_plus_uniform_noise_0p05,2026072401
2,6,393,397,11.000000,0.20675140,2.27426539,8.72573461,0.15934061,0.24642650,synthetic_mean_origin_destination_zone_share_plus_uniform_noise_0p05,2026072401
2,7,393,398,7.000000,0.38940328,2.72582293,4.27417707,0.15934061,0.60468921,synthetic_mean_origin_destination_zone_share_plus_uniform_noise_0p05,2026072401
2,8,393,399,8.000000,0.39195210,3.13561683,4.86438317,0.15934061,0.53678249,synthetic_mean_origin_destination_zone_share_plus_uniform_noise_0p05,2026072401
2,9,393,401,5.000000,0.13099913,0.65499563,4.34500437,0.15934061,0.07110743,synthetic_mean_origin_destination_zone_share_plus_uniform_noise_0p05,2026072401
2,10,393,402,2.000000,0.22966759,0.45933518,1.54066482,0.15934061,0.26153531,synthetic_mean_origin_destination_zone_share_plus_uniform_noise_0p05,2026072401
2,11,393,403,1.000000,0.19980637,0.19980637,0.80019363,0.15934061,0.24383339,synthetic_mean_origin_destination_zone_share_plus_uniform_noise_0p05,2026072401
2,12,393,404,3.000000,0.17857378,0.53572134,2.46427866,0.15934061,0.24039549,synthetic_mean_origin_destination_zone_share_plus_uniform_noise_0p05,2026072401
2,13,393,405,5.000000,0.34762609,1.73813047,3.26186953,0.15934061,0.51499876,synthetic_mean_origin_destination_zone_share_plus_uniform_noise_0p05,2026072401
2,14,393,406,3.000000,0.13387533,0.40162599,2.59837401,0.15934061,0.06710322,synthetic_mean_origin_destination_zone_share_plus_uniform_noise_0p05,2026072401
2,16,393,408,1.000000,0.25344064,0.25344064,0.74655936,0.15934061,0.27291615,synthetic_mean_origin_destination_zone_share_plus_uniform_noise_0p05,2026072401
2,17,393,409,2.000000,0.16392046,0.32784091,1.67215909,0.15934061,0.24437834,synthetic_mean_origin_destination_zone_share_plus_uniform_noise_0p05,2026072401
2,18,393,410,2.000000,0.22168525,0.44337049,1.55662951,0.15934061,0.31395496,synthetic_mean_origin_destination_zone_share_plus_uniform_noise_0p05,2026072401
2,19,393,412,8.000000,0.22273089,1.78184708,6.21815292,0.15934061,0.29900358,synthetic_mean_origin_destination_zone_share_plus_uniform_noise_0p05,2026072401
2,20,393,413,9.000000,0.20263447,1.82371022,7.17628978,0.15934061,0.22464177,synthetic_mean_origin_destination_zone_share_plus_uniform_noise_0p05,2026072401
2,21,393,414,1.000000,0.23219631,0.23219631,0.76780369,0.15934061,0.33353233,synthetic_mean_origin_destination_zone_share_plus_uniform_noise_0p05,2026072401
2,22,393,415,1.000000,0.54487224,0.54487224,0.45512776,0.15934061,0.85454955,synthetic_mean_origin_destination_zone_share_plus_uniform_noise_0p05,2026072401
2,26,393,419,8.000000,0.41847748,3.34781984,4.65218016,0.15934061,0.69803216,synthetic_mean_origin_destination_zone_share_plus_uniform_noise_0p05,2026072401
2,27,393,420,1.000000,0.37193587,0.37193587,0.62806413,0.15934061,0.49510182,synthetic_mean_origin_destination_zone_share_plus_uniform_noise_0p05,2026072401
2,28,393,421,1.000000,0.21729521,0.21729521,0.78270479,0.15934061,0.17701773,synthetic_mean_origin_destination_zone_share_plus_uniform_noise_0p05,2026072401
2,29,393,423,1.000000,0.20922670,0.20922670,0.79077330,0.15934061,0.30008886,synthetic_mean_origin_destination_zone_share_plus_uniform_noise_0p05,2026072401
3,1,394,392,8.000000,0.50066818,4.00534546,3.99465454,0.23830746,0.73741142,synthetic_mean_origin_destination_zone_share_plus_uniform_noise_0p05,2026072401
3,2,394,393,8.000000,0.18957284,1.51658269,6.48341731,0.23830746,0.15934061,synthetic_mean_origin_destination_zone_share_plus_uniform_noise_0p05,2026072401
3,4,394,395,12.000000,0.19028143,2.28337720,9.71662280,0.23830746,0.22055417,synthetic_mean_origin_destination_zone_share_plus_uniform_noise_0p05,2026072401
3,5,394,396,3.000000,0.34083273,1.02249819,1.97750181,0.23830746,0.36887416,synthetic_mean_origin_destination_zone_share_plus_uniform_noise_0p05,2026072401
3,6,394,397,21.000000,0.28808712,6.04982942,14.95017058,0.23830746,0.24642650,synthetic_mean_origin_destination_zone_share_plus_uniform_noise_0p05,2026072401
3,7,394,398,24.000000,0.46741410,11.21793842,12.78206158,0.23830746,0.60468921,synthetic_mean_origin_destination_zone_share_plus_uniform_noise_0p05,2026072401
3,8,394,399,12.000000,0.40004713,4.80056557,7.19943443,0.23830746,0.53678249,synthetic_mean_origin_destination_zone_share_plus_uniform_noise_0p05,2026072401
3,9,394,401,2.000000,0.19463631,0.38927262,1.61072738,0.23830746,0.07110743,synthetic_mean_origin_destination_zone_share_plus_uniform_noise_0p05,2026072401
3,10,394,402,2.000000,0.26431513,0.52863026,1.47136974,0.23830746,0.26153531,synthetic_mean_origin_destination_zone_share_plus_uniform_noise_0p05,2026072401
3,11,394,403,1.000000,0.24253278,0.24253278,0.75746722,0.23830746,0.24383339,synthetic_mean_origin_destination_zone_share_plus_uniform_noise_0p05,2026072401
3,12,394,404,1.000000,0.24862256,0.24862256,0.75137744,0.23830746,0.24039549,synthetic_mean_origin_destination_zone_share_plus_uniform_noise_0p05,2026072401
3,13,394,405,2.000000,0.38376721,0.76753442,1.23246558,0.23830746,0.51499876,synthetic_mean_origin_destination_zone_share_plus_uniform_noise_0p05,2026072401
3,16,394,408,1.000000,0.24068977,0.24068977,0.75931023,0.23830746,0.27291615,synthetic_mean_origin_destination_zone_share_plus_uniform_noise_0p05,2026072401
3,17,394,409,2.000000,0.21469595,0.42939191,1.57060809,0.23830746,0.24437834,synthetic_mean_origin_destination_zone_share_plus_uniform_noise_0p05,2026072401
3,18,394,410,1.000000,0.24848488,0.24848488,0.75151512,0.23830746,0.31395496,synthetic_mean_origin_destination_zone_share_plus_uniform_noise_0p05,2026072401
3,19,394,412,4.000000,0.26987999,1.07951994,2.92048006,0.23830746,0.29900358,synthetic_mean_origin_destination_zone_share_plus_uniform_noise_0p05,2026072401
3,20,394,413,7.000000,0.27600209,1.93201464,5.06798536,0.23830746,0.22464177,synthetic_mean_origin_destination_zone_share_plus_uniform_noise_0p05,2026072401
3,21,394,414,1.000000,0.29606910,0.29606910,0.70393090,0.23830746,0.33353233,synthetic_mean_origin_destination_zone_share_plus_uniform_noise_0p05,2026072401
3,25,394,418,3.000000,0.28189768,0.84569305,2.15430695,0.23830746,0.41743330,synthetic_mean_origin_destination_zone_share_plus_uniform_noise_0p05,2026072401
3,26,394,419,5.000000,0.47486265,2.37431323,2.62568677,0.23830746,0.69803216,synthetic_mean_origin_destination_zone_share_plus_uniform_noise_0p05,2026072401
3,27,394,420,1.000000,0.38064264,0.38064264,0.61935736,0.23830746,0.49510182,synthetic_mean_origin_destination_zone_share_plus_uniform_noise_0p05,2026072401
3,28,394,421,5.000000,0.18954636,0.94773180,4.05226820,0.23830746,0.17701773,synthetic_mean_origin_destination_zone_share_plus_uniform_noise_0p05,2026072401
3,29,394,423,1.000000,0.28637951,0.28637951,0.71362049,0.23830746,0.30008886,synthetic_mean_origin_destination_zone_share_plus_uniform_noise_0p05,2026072401
4,1,395,392,2.000000,0.52761776,1.05523551,0.94476449,0.22055417,0.73741142,synthetic_mean_origin_destination_zone_share_plus_uniform_noise_0p05,2026072401
4,2,395,393,4.000000,0.20162396,0.80649584,3.19350416,0.22055417,0.15934061,synthetic_mean_origin_destination_zone_share_plus_uniform_noise_0p05,2026072401
4,3,395,394,10.000000,0.23139872,2.31398715,7.68601285,0.22055417,0.23830746,synthetic_mean_origin_destination_zone_share_plus_uniform_noise_0p05,2026072401
4,5,395,396,10.000000,0.26109389,2.61093891,7.38906109,0.22055417,0.36887416,synthetic_mean_origin_destination_zone_share_plus_uniform_noise_0p05,2026072401
4,6,395,397,19.000000,0.18434236,3.50250485,15.49749515,0.22055417,0.24642650,synthetic_mean_origin_destination_zone_share_plus_uniform_noise_0p05,2026072401
4,7,395,398,7.000000,0.40408423,2.82858959,4.17141041,0.22055417,0.60468921,synthetic_mean_origin_destination_zone_share_plus_uniform_noise_0p05,2026072401
4,8,395,399,14.000000,0.34211705,4.78963877,9.21036123,0.22055417,0.53678249,synthetic_mean_origin_destination_zone_share_plus_uniform_noise_0p05,2026072401
4,9,395,401,2.000000,0.13654455,0.27308910,1.72691090,0.22055417,0.07110743,synthetic_mean_origin_destination_zone_share_plus_uniform_noise_0p05,2026072401
4,10,395,402,4.000000,0.23756756,0.95027024,3.04972976,0.22055417,0.26153531,synthetic_mean_origin_destination_zone_share_plus_uniform_noise_0p05,2026072401
4,11,395,403,2.000000,0.25906383,0.51812766,1.48187234,0.22055417,0.24383339,synthetic_mean_origin_destination_zone_share_plus_uniform_noise_0p05,2026072401
4,12,395,404,3.000000,0.18856533,0.56569598,2.43430402,0.22055417,0.24039549,synthetic_mean_origin_destination_zone_share_plus_uniform_noise_0p05,2026072401
4,13,395,405,5.000000,0.37716150,1.88580752,3.11419248,0.22055417,0.51499876,synthetic_mean_origin_destination_zone_share_plus_uniform_noise_0p05,2026072401
4,14,395,406,8.000000,0.14370543,1.14964341,6.85035659,0.22055417,0.06710322,synthetic_mean_origin_destination_zone_share_plus_uniform_noise_0p05,2026072401
4,15,395,407,3.000000,0.19767751,0.59303253,2.40696747,0.22055417,0.16299935,synthetic_mean_origin_destination_zone_share_plus_uniform_noise_0p05,2026072401
4,16,395,408,2.000000,0.23726135,0.47452270,1.52547730,0.22055417,0.27291615,synthetic_mean_origin_destination_zone_share_plus_uniform_noise_0p05,2026072401
4,17,395,409,5.000000,0.20885440,1.04427199,3.95572801,0.22055417,0.24437834,synthetic_mean_origin_destination_zone_share_plus_uniform_noise_0p05,2026072401
4,18,395,410,6.000000,0.28493881,1.70963287,4.29036713,0.22055417,0.31395496,synthetic_mean_origin_destination_zone_share_plus_uniform_noise_0p05,2026072401
4,19,395,412,8.000000,0.21746620,1.73972960,6.26027040,0.22055417,0.29900358,synthetic_mean_origin_destination_zone_share_plus_uniform_noise_0p05,2026072401
4,20,395,413,8.000000,0.26299060,2.10392479,5.89607521,0.22055417,0.22464177,synthetic_mean_origin_destination_zone_share_plus_uniform_noise_0p05,2026072401
4,21,395,414,2.000000,0.28498518,0.56997035,1.43002965,0.22055417,0.33353233,synthetic_mean_origin_destination_zone_share_plus_uniform_noise_0p05,2026072401
4,22,395,415,1.000000,0.54091359,0.54091359,0.45908641,0.22055417,0.85454955,synthetic_mean_origin_destination_zone_share_plus_uniform_noise_0p05,2026072401
4,23,395,416,1.000000,0.27319267,0.27319267,0.72680733,0.22055417,0.25559332,synthetic_mean_origin_destination_zone_share_plus_uniform_noise_0p05,2026072401
4,24,395,417,1.000000,0.21693910,0.21693910,0.78306090,0.22055417,0.23797094,synthetic_mean_origin_destination_zone_share_plus_uniform_noise_0p05,2026072401
4,26,395,419,5.000000,0.50748345,2.53741727,2.46258273,0.22055417,0.69803216,synthetic_mean_origin_destination_zone_share_plus_uniform_noise_0p05,2026072401
4,27,395,420,3.000000,0.36732805,1.10198415,1.89801585,0.22055417,0.49510182,synthetic_mean_origin_destination_zone_share_plus_uniform_noise_0p05,2026072401
4,28,395,421,3.000000,0.20829815,0.62489444,2.37510556,0.22055417,0.17701773,synthetic_mean_origin_destination_zone_share_plus_uniform_noise_0p05,2026072401
4,29,395,423,6.000000,0.23455482,1.40732890,4.59267110,0.22055417,0.30008886,synthetic_mean_origin_destination_zone_share_plus_uniform_noise_0p05,2026072401
4,30,395,424,1.000000,0.28481863,0.28481863,0.71518137,0.22055417,0.39780414,synthetic_mean_origin_destination_zone_share_plus_uniform_noise_0p05,2026072401
5,2,396,393,4.000000,0.24008492,0.96033968,3.03966032,0.36887416,0.15934061,synthetic_mean_origin_destination_zone_share_plus_uniform_noise_0p05,2026072401
5,3,396,394,5.000000,0.33486826,1.67434128,3.32565872,0.36887416,0.23830746,synthetic_mean_origin_destination_zone_share_plus_uniform_noise_0p05,2026072401
5,4,396,395,10.000000,0.26214036,2.62140356,7.37859644,0.36887416,0.22055417,synthetic_mean_origin_destination_zone_share_plus_uniform_noise_0p05,2026072401
5,6,396,397,20.000000,0.33981101,6.79622021,13.20377979,0.36887416,0.24642650,synthetic_mean_origin_destination_zone_share_plus_uniform_noise_0p05,2026072401
5,7,396,398,15.000000,0.52271495,7.84072420,7.15927580,0.36887416,0.60468921,synthetic_mean_origin_destination_zone_share_plus_uniform_noise_0p05,2026072401
5,8,396,399,13.000000,0.49985632,6.49813220,6.50186780,0.36887416,0.53678249,synthetic_mean_origin_destination_zone_share_plus_uniform_noise_0p05,2026072401
5,9,396,401,1.000000,0.24280914,0.24280914,0.75719086,0.36887416,0.07110743,synthetic_mean_origin_destination_zone_share_plus_uniform_noise_0p05,2026072401
5,10,396,402,1.000000,0.36455636,0.36455636,0.63544364,0.36887416,0.26153531,synthetic_mean_origin_destination_zone_share_plus_uniform_noise_0p05,2026072401
5,11,396,403,2.000000,0.28053113,0.56106225,1.43893775,0.36887416,0.24383339,synthetic_mean_origin_destination_zone_share_plus_uniform_noise_0p05,2026072401
5,12,396,404,3.000000,0.25843113,0.77529340,2.22470660,0.36887416,0.24039549,synthetic_mean_origin_destination_zone_share_plus_uniform_noise_0p05,2026072401
5,13,396,405,40.000000,0.41726674,16.69066943,23.30933057,0.36887416,0.51499876,synthetic_mean_origin_destination_zone_share_plus_uniform_noise_0p05,2026072401
5,14,396,406,13.000000,0.18319267,2.38150472,10.61849528,0.36887416,0.06710322,synthetic_mean_origin_destination_zone_share_plus_uniform_noise_0p05,2026072401
5,15,396,407,6.000000,0.28290263,1.69741577,4.30258423,0.36887416,0.16299935,synthetic_mean_origin_destination_zone_share_plus_uniform_noise_0p05,2026072401
5,16,396,408,4.000000,0.35919396,1.43677583,2.56322417,0.36887416,0.27291615,synthetic_mean_origin_destination_zone_share_plus_uniform_noise_0p05,2026072401
5,17,396,409,4.000000,0.30875153,1.23500611,2.76499389,0.36887416,0.24437834,synthetic_mean_origin_destination_zone_share_plus_uniform_noise_0p05,2026072401
5,18,396,410,8.000000,0.32372573,2.58980583,5.41019417,0.36887416,0.31395496,synthetic_mean_origin_destination_zone_share_plus_uniform_noise_0p05,2026072401
5,19,396,412,8.000000,0.37027848,2.96222786,5.03777214,0.36887416,0.29900358,synthetic_mean_origin_destination_zone_share_plus_uniform_noise_0p05,2026072401
5,20,396,413,7.000000,0.29046559,2.03325914,4.96674086,0.36887416,0.22464177,synthetic_mean_origin_destination_zone_share_plus_uniform_noise_0p05,2026072401
5,21,396,414,2.000000,0.32908035,0.65816071,1.34183929,0.36887416,0.33353233,synthetic_mean_origin_destination_zone_share_plus_uniform_noise_0p05,2026072401
5,22,396,415,1.000000,0.63201422,0.63201422,0.36798578,0.36887416,0.85454955,synthetic_mean_origin_destination_zone_share_plus_uniform_noise_0p05,2026072401
5,26,396,419,3.000000,0.50138653,1.50415960,1.49584040,0.36887416,0.69803216,synthetic_mean_origin_destination_zone_share_plus_uniform_noise_0p05,2026072401
5,27,396,420,1.000000,0.47816110,0.47816110,0.52183890,0.36887416,0.49510182,synthetic_mean_origin_destination_zone_share_plus_uniform_noise_0p05,2026072401
5,28,396,421,2.000000,0.24111120,0.48222240,1.51777760,0.36887416,0.17701773,synthetic_mean_origin_destination_zone_share_plus_uniform_noise_0p05,2026072401
5,29,396,423,1.000000,0.34268186,0.34268186,0.65731814,0.36887416,0.30008886,synthetic_mean_origin_destination_zone_share_plus_uniform_noise_0p05,2026072401
6,1,397,392,4.000000,0.50278657,2.01114627,1.98885373,0.24642650,0.73741142,synthetic_mean_origin_destination_zone_share_plus_uniform_noise_0p05,2026072401
6,2,397,393,11.000000,0.21330534,2.34635878,8.65364122,0.24642650,0.15934061,synthetic_mean_origin_destination_zone_share_plus_uniform_noise_0p05,2026072401
6,3,397,394,19.000000,0.25301230,4.80723363,14.19276637,0.24642650,0.23830746,synthetic_mean_origin_destination_zone_share_plus_uniform_noise_0p05,2026072401
6,4,397,395,26.000000,0.26382890,6.85955145,19.14044855,0.24642650,0.22055417,synthetic_mean_origin_destination_zone_share_plus_uniform_noise_0p05,2026072401
6,5,397,396,18.000000,0.32650258,5.87704644,12.12295356,0.24642650,0.36887416,synthetic_mean_origin_destination_zone_share_plus_uniform_noise_0p05,2026072401
6,7,397,398,37.000000,0.37608546,13.91516210,23.08483790,0.24642650,0.60468921,synthetic_mean_origin_destination_zone_share_plus_uniform_noise_0p05,2026072401
6,8,397,399,55.000000,0.39999026,21.99946454,33.00053546,0.24642650,0.53678249,synthetic_mean_origin_destination_zone_share_plus_uniform_noise_0p05,2026072401
6,9,397,401,5.000000,0.17114374,0.85571871,4.14428129,0.24642650,0.07110743,synthetic_mean_origin_destination_zone_share_plus_uniform_noise_0p05,2026072401
6,10,397,402,7.000000,0.22060165,1.54421158,5.45578842,0.24642650,0.26153531,synthetic_mean_origin_destination_zone_share_plus_uniform_noise_0p05,2026072401
6,11,397,403,24.000000,0.21319577,5.11669848,18.88330152,0.24642650,0.24383339,synthetic_mean_origin_destination_zone_share_plus_uniform_noise_0p05,2026072401
6,12,397,404,5.000000,0.28827097,1.44135484,3.55864516,0.24642650,0.24039549,synthetic_mean_origin_destination_zone_share_plus_uniform_noise_0p05,2026072401
6,13,397,405,39.000000,0.34684901,13.52711135,25.47288865,0.24642650,0.51499876,synthetic_mean_origin_destination_zone_share_plus_uniform_noise_0p05,2026072401
6,14,397,406,35.000000,0.16509543,5.77834018,29.22165982,0.24642650,0.06710322,synthetic_mean_origin_destination_zone_share_plus_uniform_noise_0p05,2026072401
6,15,397,407,13.000000,0.20296260,2.63851383,10.36148617,0.24642650,0.16299935,synthetic_mean_origin_destination_zone_share_plus_uniform_noise_0p05,2026072401
6,16,397,408,15.000000,0.30932290,4.63984346,10.36015654,0.24642650,0.27291615,synthetic_mean_origin_destination_zone_share_plus_uniform_noise_0p05,2026072401
6,17,397,409,14.000000,0.24971500,3.49600994,10.50399006,0.24642650,0.24437834,synthetic_mean_origin_destination_zone_share_plus_uniform_noise_0p05,2026072401
6,18,397,410,23.000000,0.28113605,6.46612924,16.53387076,0.24642650,0.31395496,synthetic_mean_origin_destination_zone_share_plus_uniform_noise_0p05,2026072401
6,19,397,412,15.000000,0.22468726,3.37030887,11.62969113,0.24642650,0.29900358,synthetic_mean_origin_destination_zone_share_plus_uniform_noise_0p05,2026072401
6,20,397,413,10.000000,0.20743716,2.07437157,7.92562843,0.24642650,0.22464177,synthetic_mean_origin_destination_zone_share_plus_uniform_noise_0p05,2026072401
6,21,397,414,1.000000,0.29407288,0.29407288,0.70592712,0.24642650,0.33353233,synthetic_mean_origin_destination_zone_share_plus_uniform_noise_0p05,2026072401
6,22,397,415,3.000000,0.59505595,1.78516786,1.21483214,0.24642650,0.85454955,synthetic_mean_origin_destination_zone_share_plus_uniform_noise_0p05,2026072401
6,23,397,416,1.000000,0.20163471,0.20163471,0.79836529,0.24642650,0.25559332,synthetic_mean_origin_destination_zone_share_plus_uniform_noise_0p05,2026072401
6,24,397,417,1.000000,0.24371942,0.24371942,0.75628058,0.24642650,0.23797094,synthetic_mean_origin_destination_zone_share_plus_uniform_noise_0p05,2026072401
6,25,397,418,1.000000,0.37300335,0.37300335,0.62699665,0.24642650,0.41743330,synthetic_mean_origin_destination_zone_share_plus_uniform_noise_0p05,2026072401
6,26,397,419,5.000000,0.45481003,2.27405017,2.72594983,0.24642650,0.69803216,synthetic_mean_origin_destination_zone_share_plus_uniform_noise_0p05,2026072401
6,27,397,420,2.000000,0.37043298,0.74086597,1.25913403,0.24642650,0.49510182,synthetic_mean_origin_destination_zone_share_plus_uniform_noise_0p05,2026072401
6,28,397,421,4.000000,0.17425397,0.69701587,3.30298413,0.24642650,0.17701773,synthetic_mean_origin_destination_zone_share_plus_uniform_noise_0p05,2026072401
6,29,397,423,5.000000,0.24829889,1.24149445,3.75850555,0.24642650,0.30008886,synthetic_mean_origin_destination_zone_share_plus_uniform_noise_0p05,2026072401
6,30,397,424,3.000000,0.27478969,0.82436907,2.17563093,0.24642650,0.39780414,synthetic_mean_origin_destination_zone_share_plus_uniform_noise_0p05,2026072401
7,1,398,392,2.000000,0.67329899,1.34659799,0.65340201,0.60468921,0.73741142,synthetic_mean_origin_destination_zone_share_plus_uniform_noise_0p05,2026072401
7,2,398,393,5.000000,0.38752855,1.93764276,3.06235724,0.60468921,0.15934061,synthetic_mean_origin_destination_zone_share_plus_uniform_noise_0p05,2026072401
7,3,398,394,24.000000,0.43669984,10.48079620,13.51920380,0.60468921,0.23830746,synthetic_mean_origin_destination_zone_share_plus_uniform_noise_0p05,2026072401
7,4,398,395,9.000000,0.45831761,4.12485846,4.87514154,0.60468921,0.22055417,synthetic_mean_origin_destination_zone_share_plus_uniform_noise_0p05,2026072401
7,5,398,396,16.000000,0.46977378,7.51638050,8.48361950,0.60468921,0.36887416,synthetic_mean_origin_destination_zone_share_plus_uniform_noise_0p05,2026072401
7,6,398,397,29.000000,0.45099974,13.07899249,15.92100751,0.60468921,0.24642650,synthetic_mean_origin_destination_zone_share_plus_uniform_noise_0p05,2026072401
7,8,398,399,37.000000,0.59172724,21.89390804,15.10609196,0.60468921,0.53678249,synthetic_mean_origin_destination_zone_share_plus_uniform_noise_0p05,2026072401
7,9,398,401,2.000000,0.35725402,0.71450804,1.28549196,0.60468921,0.07110743,synthetic_mean_origin_destination_zone_share_plus_uniform_noise_0p05,2026072401
7,10,398,402,5.000000,0.44284431,2.21422157,2.78577843,0.60468921,0.26153531,synthetic_mean_origin_destination_zone_share_plus_uniform_noise_0p05,2026072401
7,11,398,403,3.000000,0.42830214,1.28490642,1.71509358,0.60468921,0.24383339,synthetic_mean_origin_destination_zone_share_plus_uniform_noise_0p05,2026072401
7,12,398,404,2.000000,0.42411597,0.84823193,1.15176807,0.60468921,0.24039549,synthetic_mean_origin_destination_zone_share_plus_uniform_noise_0p05,2026072401
7,13,398,405,7.000000,0.59396133,4.15772934,2.84227066,0.60468921,0.51499876,synthetic_mean_origin_destination_zone_share_plus_uniform_noise_0p05,2026072401
7,14,398,406,9.000000,0.33224967,2.99024703,6.00975297,0.60468921,0.06710322,synthetic_mean_origin_destination_zone_share_plus_uniform_noise_0p05,2026072401
7,15,398,407,4.000000,0.35570144,1.42280577,2.57719423,0.60468921,0.16299935,synthetic_mean_origin_destination_zone_share_plus_uniform_noise_0p05,2026072401
7,16,398,408,2.000000,0.44219154,0.88438309,1.11561691,0.60468921,0.27291615,synthetic_mean_origin_destination_zone_share_plus_uniform_noise_0p05,2026072401
7,17,398,409,2.000000,0.40894394,0.81788789,1.18211211,0.60468921,0.24437834,synthetic_mean_origin_destination_zone_share_plus_uniform_noise_0p05,2026072401
7,18,398,410,8.000000,0.42886771,3.43094167,4.56905833,0.60468921,0.31395496,synthetic_mean_origin_destination_zone_share_plus_uniform_noise_0p05,2026072401
7,19,398,412,5.000000,0.41523166,2.07615831,2.92384169,0.60468921,0.29900358,synthetic_mean_origin_destination_zone_share_plus_uniform_noise_0p05,2026072401
7,20,398,413,11.000000,0.42823612,4.71059737,6.28940263,0.60468921,0.22464177,synthetic_mean_origin_destination_zone_share_plus_uniform_noise_0p05,2026072401
7,21,398,414,1.000000,0.49108386,0.49108386,0.50891614,0.60468921,0.33353233,synthetic_mean_origin_destination_zone_share_plus_uniform_noise_0p05,2026072401
7,22,398,415,1.000000,0.72886473,0.72886473,0.27113527,0.60468921,0.85454955,synthetic_mean_origin_destination_zone_share_plus_uniform_noise_0p05,2026072401
7,26,398,419,3.000000,0.68688656,2.06065968,0.93934032,0.60468921,0.69803216,synthetic_mean_origin_destination_zone_share_plus_uniform_noise_0p05,2026072401
7,27,398,420,1.000000,0.55525060,0.55525060,0.44474940,0.60468921,0.49510182,synthetic_mean_origin_destination_zone_share_plus_uniform_noise_0p05,2026072401
7,28,398,421,4.000000,0.40267047,1.61068187,2.38931813,0.60468921,0.17701773,synthetic_mean_origin_destination_zone_share_plus_uniform_noise_0p05,2026072401
7,29,398,423,1.000000,0.45947273,0.45947273,0.54052727,0.60468921,0.30008886,synthetic_mean_origin_destination_zone_share_plus_uniform_noise_0p05,2026072401
7,30,398,424,2.000000,0.51547071,1.03094141,0.96905859,0.60468921,0.39780414,synthetic_mean_origin_destination_zone_share_plus_uniform_noise_0p05,2026072401
8,1,399,392,2.000000,0.62262613,1.24525225,0.75474775,0.53678249,0.73741142,synthetic_mean_origin_destination_zone_share_plus_uniform_noise_0p05,2026072401
8,2,399,393,8.000000,0.29889824,2.39118595,5.60881405,0.53678249,0.15934061,synthetic_mean_origin_destination_zone_share_plus_uniform_noise_0p05,2026072401
8,3,399,394,12.000000,0.38774517,4.65294200,7.34705800,0.53678249,0.23830746,synthetic_mean_origin_destination_zone_share_plus_uniform_noise_0p05,2026072401
8,4,399,395,12.000000,0.35882379,4.30588550,7.69411450,0.53678249,0.22055417,synthetic_mean_origin_destination_zone_share_plus_uniform_noise_0p05,2026072401
8,5,399,396,12.000000,0.41902453,5.02829432,6.97170568,0.53678249,0.36887416,synthetic_mean_origin_destination_zone_share_plus_uniform_noise_0p05,2026072401
8,6,399,397,42.000000,0.41872419,17.58641583,24.41358417,0.53678249,0.24642650,synthetic_mean_origin_destination_zone_share_plus_uniform_noise_0p05,2026072401
8,7,399,398,35.000000,0.59876765,20.95686767,14.04313233,0.53678249,0.60468921,synthetic_mean_origin_destination_zone_share_plus_uniform_noise_0p05,2026072401
8,9,399,401,25.000000,0.30037147,7.50928681,17.49071319,0.53678249,0.07110743,synthetic_mean_origin_destination_zone_share_plus_uniform_noise_0p05,2026072401
8,10,399,402,38.000000,0.42827912,16.27460660,21.72539340,0.53678249,0.26153531,synthetic_mean_origin_destination_zone_share_plus_uniform_noise_0p05,2026072401
8,11,399,403,29.000000,0.39041870,11.32214224,17.67785776,0.53678249,0.24383339,synthetic_mean_origin_destination_zone_share_plus_uniform_noise_0p05,2026072401
8,12,399,404,14.000000,0.38875093,5.44251302,8.55748698,0.53678249,0.24039549,synthetic_mean_origin_destination_zone_share_plus_uniform_noise_0p05,2026072401
8,13,399,405,14.000000,0.48274041,6.75836576,7.24163424,0.53678249,0.51499876,synthetic_mean_origin_destination_zone_share_plus_uniform_noise_0p05,2026072401
8,14,399,406,21.000000,0.26031992,5.46671824,15.53328176,0.53678249,0.06710322,synthetic_mean_origin_destination_zone_share_plus_uniform_noise_0p05,2026072401
8,15,399,407,4.000000,0.38391668,1.53566673,2.46433327,0.53678249,0.16299935,synthetic_mean_origin_destination_zone_share_plus_uniform_noise_0p05,2026072401
8,16,399,408,8.000000,0.41663149,3.33305192,4.66694808,0.53678249,0.27291615,synthetic_mean_origin_destination_zone_share_plus_uniform_noise_0p05,2026072401
8,17,399,409,5.000000,0.37691119,1.88455596,3.11544404,0.53678249,0.24437834,synthetic_mean_origin_destination_zone_share_plus_uniform_noise_0p05,2026072401
8,18,399,410,11.000000,0.41971658,4.61688243,6.38311757,0.53678249,0.31395496,synthetic_mean_origin_destination_zone_share_plus_uniform_noise_0p05,2026072401
8,19,399,412,14.000000,0.43315379,6.06415303,7.93584697,0.53678249,0.29900358,synthetic_mean_origin_destination_zone_share_plus_uniform_noise_0p05,2026072401
8,20,399,413,21.000000,0.33389861,7.01187085,13.98812915,0.53678249,0.22464177,synthetic_mean_origin_destination_zone_share_plus_uniform_noise_0p05,2026072401
8,21,399,414,4.000000,0.41396553,1.65586210,2.34413790,0.53678249,0.33353233,synthetic_mean_origin_destination_zone_share_plus_uniform_noise_0p05,2026072401
8,22,399,415,2.000000,0.65741459,1.31482918,0.68517082,0.53678249,0.85454955,synthetic_mean_origin_destination_zone_share_plus_uniform_noise_0p05,2026072401
8,23,399,416,1.000000,0.36604423,0.36604423,0.63395577,0.53678249,0.25559332,synthetic_mean_origin_destination_zone_share_plus_uniform_noise_0p05,2026072401
8,24,399,417,1.000000,0.40480906,0.40480906,0.59519094,0.53678249,0.23797094,synthetic_mean_origin_destination_zone_share_plus_uniform_noise_0p05,2026072401
8,25,399,418,1.000000,0.46060167,0.46060167,0.53939833,0.53678249,0.41743330,synthetic_mean_origin_destination_zone_share_plus_uniform_noise_0p05,2026072401
8,26,399,419,7.000000,0.65797476,4.60582329,2.39417671,0.53678249,0.69803216,synthetic_mean_origin_destination_zone_share_plus_uniform_noise_0p05,2026072401
8,27,399,420,4.000000,0.55982121,2.23928485,1.76071515,0.53678249,0.49510182,synthetic_mean_origin_destination_zone_share_plus_uniform_noise_0p05,2026072401
8,28,399,421,6.000000,0.38746358,2.32478146,3.67521854,0.53678249,0.17701773,synthetic_mean_origin_destination_zone_share_plus_uniform_noise_0p05,2026072401
8,29,399,423,2.000000,0.46223664,0.92447328,1.07552672,0.53678249,0.30008886,synthetic_mean_origin_destination_zone_share_plus_uniform_noise_0p05,2026072401
9,1,401,392,1.000000,0.38174864,0.38174864,0.61825136,0.07110743,0.73741142,synthetic_mean_origin_destination_zone_share_plus_uniform_noise_0p05,2026072401
9,2,401,393,4.000000,0.15595109,0.62380435,3.37619565,0.07110743,0.15934061,synthetic_mean_origin_destination_zone_share_plus_uniform_noise_0p05,2026072401
9,3,401,394,2.000000,0.13726393,0.27452786,1.72547214,0.07110743,0.23830746,synthetic_mean_origin_destination_zone_share_plus_uniform_noise_0p05,2026072401
9,4,401,395,2.000000,0.14778793,0.29557587,1.70442413,0.07110743,0.22055417,synthetic_mean_origin_destination_zone_share_plus_uniform_noise_0p05,2026072401
9,6,401,397,3.000000,0.13199852,0.39599555,2.60400445,0.07110743,0.24642650,synthetic_mean_origin_destination_zone_share_plus_uniform_noise_0p05,2026072401
9,7,401,398,3.000000,0.37799555,1.13398666,1.86601334,0.07110743,0.60468921,synthetic_mean_origin_destination_zone_share_plus_uniform_noise_0p05,2026072401
9,8,401,399,19.000000,0.30582032,5.81058613,13.18941387,0.07110743,0.53678249,synthetic_mean_origin_destination_zone_share_plus_uniform_noise_0p05,2026072401
9,10,401,402,7.000000,0.11662420,0.81636943,6.18363057,0.07110743,0.26153531,synthetic_mean_origin_destination_zone_share_plus_uniform_noise_0p05,2026072401
9,11,401,403,12.000000,0.17937932,2.15255186,9.84744814,0.07110743,0.24383339,synthetic_mean_origin_destination_zone_share_plus_uniform_noise_0p05,2026072401
9,12,401,404,2.000000,0.13924630,0.27849260,1.72150740,0.07110743,0.24039549,synthetic_mean_origin_destination_zone_share_plus_uniform_noise_0p05,2026072401
9,13,401,405,4.000000,0.25689512,1.02758050,2.97241950,0.07110743,0.51499876,synthetic_mean_origin_destination_zone_share_plus_uniform_noise_0p05,2026072401
9,14,401,406,4.000000,0.03164240,0.12656959,3.87343041,0.07110743,0.06710322,synthetic_mean_origin_destination_zone_share_plus_uniform_noise_0p05,2026072401
9,15,401,407,1.000000,0.07640136,0.07640136,0.92359864,0.07110743,0.16299935,synthetic_mean_origin_destination_zone_share_plus_uniform_noise_0p05,2026072401
9,16,401,408,6.000000,0.15356921,0.92141528,5.07858472,0.07110743,0.27291615,synthetic_mean_origin_destination_zone_share_plus_uniform_noise_0p05,2026072401
9,17,401,409,1.000000,0.14623056,0.14623056,0.85376944,0.07110743,0.24437834,synthetic_mean_origin_destination_zone_share_plus_uniform_noise_0p05,2026072401
9,18,401,410,2.000000,0.23526079,0.47052158,1.52947842,0.07110743,0.31395496,synthetic_mean_origin_destination_zone_share_plus_uniform_noise_0p05,2026072401
9,19,401,412,2.000000,0.22075420,0.44150840,1.55849160,0.07110743,0.29900358,synthetic_mean_origin_destination_zone_share_plus_uniform_noise_0p05,2026072401
9,20,401,413,1.000000,0.09945117,0.09945117,0.90054883,0.07110743,0.22464177,synthetic_mean_origin_destination_zone_share_plus_uniform_noise_0p05,2026072401
9,21,401,414,1.000000,0.19689008,0.19689008,0.80310992,0.07110743,0.33353233,synthetic_mean_origin_destination_zone_share_plus_uniform_noise_0p05,2026072401
9,26,401,419,1.000000,0.39989913,0.39989913,0.60010087,0.07110743,0.69803216,synthetic_mean_origin_destination_zone_share_plus_uniform_noise_0p05,2026072401
9,28,401,421,1.000000,0.08841661,0.08841661,0.91158339,0.07110743,0.17701773,synthetic_mean_origin_destination_zone_share_plus_uniform_noise_0p05,2026072401
10,2,402,393,2.000000,0.22282034,0.44564069,1.55435931,0.26153531,0.15934061,synthetic_mean_origin_destination_zone_share_plus_uniform_noise_0p05,2026072401
10,3,402,394,2.000000,0.24675781,0.49351561,1.50648439,0.26153531,0.23830746,synthetic_mean_origin_destination_zone_share_plus_uniform_noise_0p05,2026072401
10,4,402,395,2.000000,0.28211048,0.56422096,1.43577904,0.26153531,0.22055417,synthetic_mean_origin_destination_zone_share_plus_uniform_noise_0p05,2026072401
10,5,402,396,3.000000,0.28974923,0.86924769,2.13075231,0.26153531,0.36887416,synthetic_mean_origin_destination_zone_share_plus_uniform_noise_0p05,2026072401
10,6,402,397,7.000000,0.23045765,1.61320355,5.38679645,0.26153531,0.24642650,synthetic_mean_origin_destination_zone_share_plus_uniform_noise_0p05,2026072401
10,7,402,398,3.000000,0.43319393,1.29958178,1.70041822,0.26153531,0.60468921,synthetic_mean_origin_destination_zone_share_plus_uniform_noise_0p05,2026072401
10,8,402,399,35.000000,0.39580316,13.85311044,21.14688956,0.26153531,0.53678249,synthetic_mean_origin_destination_zone_share_plus_uniform_noise_0p05,2026072401
10,9,402,401,8.000000,0.18605352,1.48842813,6.51157187,0.26153531,0.07110743,synthetic_mean_origin_destination_zone_share_plus_uniform_noise_0p05,2026072401
10,11,402,403,35.000000,0.24569016,8.59915565,26.40084435,0.26153531,0.24383339,synthetic_mean_origin_destination_zone_share_plus_uniform_noise_0p05,2026072401
10,12,402,404,23.000000,0.22045179,5.07039113,17.92960887,0.26153531,0.24039549,synthetic_mean_origin_destination_zone_share_plus_uniform_noise_0p05,2026072401
10,13,402,405,14.000000,0.42060832,5.88851642,8.11148358,0.26153531,0.51499876,synthetic_mean_origin_destination_zone_share_plus_uniform_noise_0p05,2026072401
10,14,402,406,18.000000,0.12903768,2.32267817,15.67732183,0.26153531,0.06710322,synthetic_mean_origin_destination_zone_share_plus_uniform_noise_0p05,2026072401
10,15,402,407,3.000000,0.25540113,0.76620340,2.23379660,0.26153531,0.16299935,synthetic_mean_origin_destination_zone_share_plus_uniform_noise_0p05,2026072401
10,16,402,408,4.000000,0.23514626,0.94058504,3.05941496,0.26153531,0.27291615,synthetic_mean_origin_destination_zone_share_plus_uniform_noise_0p05,2026072401
10,17,402,409,1.000000,0.24331398,0.24331398,0.75668602,0.26153531,0.24437834,synthetic_mean_origin_destination_zone_share_plus_uniform_noise_0p05,2026072401
10,18,402,410,4.000000,0.32786046,1.31144185,2.68855815,0.26153531,0.31395496,synthetic_mean_origin_destination_zone_share_plus_uniform_noise_0p05,2026072401
10,19,402,412,3.000000,0.31413553,0.94240660,2.05759340,0.26153531,0.29900358,synthetic_mean_origin_destination_zone_share_plus_uniform_noise_0p05,2026072401
10,20,402,413,5.000000,0.22382062,1.11910309,3.88089691,0.26153531,0.22464177,synthetic_mean_origin_destination_zone_share_plus_uniform_noise_0p05,2026072401
10,21,402,414,2.000000,0.27632836,0.55265673,1.44734327,0.26153531,0.33353233,synthetic_mean_origin_destination_zone_share_plus_uniform_noise_0p05,2026072401
10,22,402,415,4.000000,0.51669846,2.06679383,1.93320617,0.26153531,0.85454955,synthetic_mean_origin_destination_zone_share_plus_uniform_noise_0p05,2026072401
10,23,402,416,1.000000,0.26241823,0.26241823,0.73758177,0.26153531,0.25559332,synthetic_mean_origin_destination_zone_share_plus_uniform_noise_0p05,2026072401
10,25,402,418,1.000000,0.30555363,0.30555363,0.69444637,0.26153531,0.41743330,synthetic_mean_origin_destination_zone_share_plus_uniform_noise_0p05,2026072401
10,26,402,419,7.000000,0.50107438,3.50752068,3.49247932,0.26153531,0.69803216,synthetic_mean_origin_destination_zone_share_plus_uniform_noise_0p05,2026072401
10,27,402,420,3.000000,0.41405089,1.24215268,1.75784732,0.26153531,0.49510182,synthetic_mean_origin_destination_zone_share_plus_uniform_noise_0p05,2026072401
10,28,402,421,2.000000,0.17683763,0.35367526,1.64632474,0.26153531,0.17701773,synthetic_mean_origin_destination_zone_share_plus_uniform_noise_0p05,2026072401
11,2,403,393,3.000000,0.20017171,0.60051514,2.39948486,0.24383339,0.15934061,synthetic_mean_origin_destination_zone_share_plus_uniform_noise_0p05,2026072401
11,3,403,394,2.000000,0.24544921,0.49089842,1.50910158,0.24383339,0.23830746,synthetic_mean_origin_destination_zone_share_plus_uniform_noise_0p05,2026072401
11,4,403,395,3.000000,0.24294915,0.72884745,2.27115255,0.24383339,0.22055417,synthetic_mean_origin_destination_zone_share_plus_uniform_noise_0p05,2026072401
11,5,403,396,1.000000,0.27028348,0.27028348,0.72971652,0.24383339,0.36887416,synthetic_mean_origin_destination_zone_share_plus_uniform_noise_0p05,2026072401
11,6,403,397,12.000000,0.28339137,3.40069643,8.59930357,0.24383339,0.24642650,synthetic_mean_origin_destination_zone_share_plus_uniform_noise_0p05,2026072401
11,8,403,399,36.000000,0.39094052,14.07385867,21.92614133,0.24383339,0.53678249,synthetic_mean_origin_destination_zone_share_plus_uniform_noise_0p05,2026072401
11,9,403,401,9.000000,0.15894164,1.43047474,7.56952526,0.24383339,0.07110743,synthetic_mean_origin_destination_zone_share_plus_uniform_noise_0p05,2026072401
11,10,403,402,37.000000,0.25451902,9.41720376,27.58279624,0.24383339,0.26153531,synthetic_mean_origin_destination_zone_share_plus_uniform_noise_0p05,2026072401
11,12,403,404,39.000000,0.25854930,10.08342252,28.91657748,0.24383339,0.24039549,synthetic_mean_origin_destination_zone_share_plus_uniform_noise_0p05,2026072401
11,13,403,405,23.000000,0.42798114,9.84356619,13.15643381,0.24383339,0.51499876,synthetic_mean_origin_destination_zone_share_plus_uniform_noise_0p05,2026072401
11,14,403,406,24.000000,0.17627792,4.23066999,19.76933001,0.24383339,0.06710322,synthetic_mean_origin_destination_zone_share_plus_uniform_noise_0p05,2026072401
11,15,403,407,2.000000,0.17515333,0.35030666,1.64969334,0.24383339,0.16299935,synthetic_mean_origin_destination_zone_share_plus_uniform_noise_0p05,2026072401
11,16,403,408,3.000000,0.24050610,0.72151830,2.27848170,0.24383339,0.27291615,synthetic_mean_origin_destination_zone_share_plus_uniform_noise_0p05,2026072401
11,17,403,409,3.000000,0.25724256,0.77172769,2.22827231,0.24383339,0.24437834,synthetic_mean_origin_destination_zone_share_plus_uniform_noise_0p05,2026072401
11,18,403,410,4.000000,0.24041459,0.96165836,3.03834164,0.24383339,0.31395496,synthetic_mean_origin_destination_zone_share_plus_uniform_noise_0p05,2026072401
11,19,403,412,3.000000,0.24486646,0.73459939,2.26540061,0.24383339,0.29900358,synthetic_mean_origin_destination_zone_share_plus_uniform_noise_0p05,2026072401
11,20,403,413,5.000000,0.26842800,1.34213999,3.65786001,0.24383339,0.22464177,synthetic_mean_origin_destination_zone_share_plus_uniform_noise_0p05,2026072401
11,21,403,414,3.000000,0.33829960,1.01489881,1.98510119,0.24383339,0.33353233,synthetic_mean_origin_destination_zone_share_plus_uniform_noise_0p05,2026072401
11,22,403,415,5.000000,0.51834963,2.59174817,2.40825183,0.24383339,0.85454955,synthetic_mean_origin_destination_zone_share_plus_uniform_noise_0p05,2026072401
11,23,403,416,2.000000,0.21787196,0.43574392,1.56425608,0.24383339,0.25559332,synthetic_mean_origin_destination_zone_share_plus_uniform_noise_0p05,2026072401
11,26,403,419,4.000000,0.47239445,1.88957780,2.11042220,0.24383339,0.69803216,synthetic_mean_origin_destination_zone_share_plus_uniform_noise_0p05,2026072401
11,27,403,420,1.000000,0.36002044,0.36002044,0.63997956,0.24383339,0.49510182,synthetic_mean_origin_destination_zone_share_plus_uniform_noise_0p05,2026072401
11,28,403,421,1.000000,0.19901380,0.19901380,0.80098620,0.24383339,0.17701773,synthetic_mean_origin_destination_zone_share_plus_uniform_noise_0p05,2026072401
12,2,404,393,5.000000,0.19398554,0.96992772,4.03007228,0.24039549,0.15934061,synthetic_mean_origin_destination_zone_share_plus_uniform_noise_0p05,2026072401
12,4,404,395,3.000000,0.25951742,0.77855227,2.22144773,0.24039549,0.22055417,synthetic_mean_origin_destination_zone_share_plus_uniform_noise_0p05,2026072401
12,5,404,396,3.000000,0.28690583,0.86071749,2.13928251,0.24039549,0.36887416,synthetic_mean_origin_destination_zone_share_plus_uniform_noise_0p05,2026072401
12,6,404,397,9.000000,0.23837982,2.14541840,6.85458160,0.24039549,0.24642650,synthetic_mean_origin_destination_zone_share_plus_uniform_noise_0p05,2026072401
12,7,404,398,2.000000,0.39807287,0.79614575,1.20385425,0.24039549,0.60468921,synthetic_mean_origin_destination_zone_share_plus_uniform_noise_0p05,2026072401
12,8,404,399,16.000000,0.39906969,6.38511505,9.61488495,0.24039549,0.53678249,synthetic_mean_origin_destination_zone_share_plus_uniform_noise_0p05,2026072401
12,9,404,401,4.000000,0.14300367,0.57201467,3.42798533,0.24039549,0.07110743,synthetic_mean_origin_destination_zone_share_plus_uniform_noise_0p05,2026072401
12,10,404,402,27.000000,0.23492839,6.34306654,20.65693346,0.24039549,0.26153531,synthetic_mean_origin_destination_zone_share_plus_uniform_noise_0p05,2026072401
12,11,404,403,50.000000,0.26723616,13.36180823,36.63819177,0.24039549,0.24383339,synthetic_mean_origin_destination_zone_share_plus_uniform_noise_0p05,2026072401
12,13,404,405,31.000000,0.39301023,12.18331725,18.81668275,0.24039549,0.51499876,synthetic_mean_origin_destination_zone_share_plus_uniform_noise_0p05,2026072401
12,14,404,406,25.000000,0.15825603,3.95640070,21.04359930,0.24039549,0.06710322,synthetic_mean_origin_destination_zone_share_plus_uniform_noise_0p05,2026072401
12,15,404,407,5.000000,0.16807217,0.84036086,4.15963914,0.24039549,0.16299935,synthetic_mean_origin_destination_zone_share_plus_uniform_noise_0p05,2026072401
12,16,404,408,1.000000,0.24955364,0.24955364,0.75044636,0.24039549,0.27291615,synthetic_mean_origin_destination_zone_share_plus_uniform_noise_0p05,2026072401
12,17,404,409,5.000000,0.23817955,1.19089777,3.80910223,0.24039549,0.24437834,synthetic_mean_origin_destination_zone_share_plus_uniform_noise_0p05,2026072401
12,18,404,410,4.000000,0.27945551,1.11782204,2.88217796,0.24039549,0.31395496,synthetic_mean_origin_destination_zone_share_plus_uniform_noise_0p05,2026072401
12,19,404,412,6.000000,0.26473018,1.58838110,4.41161890,0.24039549,0.29900358,synthetic_mean_origin_destination_zone_share_plus_uniform_noise_0p05,2026072401
12,20,404,413,3.000000,0.18354968,0.55064903,2.44935097,0.24039549,0.22464177,synthetic_mean_origin_destination_zone_share_plus_uniform_noise_0p05,2026072401
12,21,404,414,2.000000,0.32049979,0.64099958,1.35900042,0.24039549,0.33353233,synthetic_mean_origin_destination_zone_share_plus_uniform_noise_0p05,2026072401
12,22,404,415,2.000000,0.54001456,1.08002911,0.91997089,0.24039549,0.85454955,synthetic_mean_origin_destination_zone_share_plus_uniform_noise_0p05,2026072401
12,23,404,416,6.000000,0.28392042,1.70352250,4.29647750,0.24039549,0.25559332,synthetic_mean_origin_destination_zone_share_plus_uniform_noise_0p05,2026072401
12,24,404,417,1.000000,0.21560585,0.21560585,0.78439415,0.24039549,0.23797094,synthetic_mean_origin_destination_zone_share_plus_uniform_noise_0p05,2026072401
12,26,404,419,9.000000,0.48323363,4.34910263,4.65089737,0.24039549,0.69803216,synthetic_mean_origin_destination_zone_share_plus_uniform_noise_0p05,2026072401
12,27,404,420,1.000000,0.39139029,0.39139029,0.60860971,0.24039549,0.49510182,synthetic_mean_origin_destination_zone_share_plus_uniform_noise_0p05,2026072401
12,28,404,421,1.000000,0.20534550,0.20534550,0.79465450,0.24039549,0.17701773,synthetic_mean_origin_destination_zone_share_plus_uniform_noise_0p05,2026072401
13,2,405,393,1.000000,0.31281305,0.31281305,0.68718695,0.51499876,0.15934061,synthetic_mean_origin_destination_zone_share_plus_uniform_noise_0p05,2026072401
13,3,405,394,1.000000,0.37624228,0.37624228,0.62375772,0.51499876,0.23830746,synthetic_mean_origin_destination_zone_share_plus_uniform_noise_0p05,2026072401
13,4,405,395,3.000000,0.39746089,1.19238266,1.80761734,0.51499876,0.22055417,synthetic_mean_origin_destination_zone_share_plus_uniform_noise_0p05,2026072401
13,5,405,396,18.000000,0.42476522,7.64577398,10.35422602,0.51499876,0.36887416,synthetic_mean_origin_destination_zone_share_plus_uniform_noise_0p05,2026072401
13,6,405,397,22.000000,0.34052967,7.49165283,14.50834717,0.51499876,0.24642650,synthetic_mean_origin_destination_zone_share_plus_uniform_noise_0p05,2026072401
13,7,405,398,4.000000,0.54464003,2.17856011,1.82143989,0.51499876,0.60468921,synthetic_mean_origin_destination_zone_share_plus_uniform_noise_0p05,2026072401
13,8,405,399,15.000000,0.49197290,7.37959357,7.62040643,0.51499876,0.53678249,synthetic_mean_origin_destination_zone_share_plus_uniform_noise_0p05,2026072401
13,9,405,401,2.000000,0.26900722,0.53801444,1.46198556,0.51499876,0.07110743,synthetic_mean_origin_destination_zone_share_plus_uniform_noise_0p05,2026072401
13,10,405,402,13.000000,0.34781718,4.52162336,8.47837664,0.51499876,0.26153531,synthetic_mean_origin_destination_zone_share_plus_uniform_noise_0p05,2026072401
13,11,405,403,26.000000,0.41507432,10.79193240,15.20806760,0.51499876,0.24383339,synthetic_mean_origin_destination_zone_share_plus_uniform_noise_0p05,2026072401
13,12,405,404,32.000000,0.34513746,11.04439864,20.95560136,0.51499876,0.24039549,synthetic_mean_origin_destination_zone_share_plus_uniform_noise_0p05,2026072401
13,14,405,406,29.000000,0.26862634,7.79016397,21.20983603,0.51499876,0.06710322,synthetic_mean_origin_destination_zone_share_plus_uniform_noise_0p05,2026072401
13,15,405,407,18.000000,0.35882751,6.45889514,11.54110486,0.51499876,0.16299935,synthetic_mean_origin_destination_zone_share_plus_uniform_noise_0p05,2026072401
13,16,405,408,11.000000,0.41226181,4.53487990,6.46512010,0.51499876,0.27291615,synthetic_mean_origin_destination_zone_share_plus_uniform_noise_0p05,2026072401
13,17,405,409,7.000000,0.39714457,2.78001200,4.21998800,0.51499876,0.24437834,synthetic_mean_origin_destination_zone_share_plus_uniform_noise_0p05,2026072401
13,18,405,410,26.000000,0.38015553,9.88404370,16.11595630,0.51499876,0.31395496,synthetic_mean_origin_destination_zone_share_plus_uniform_noise_0p05,2026072401
13,19,405,412,8.000000,0.37506271,3.00050166,4.99949834,0.51499876,0.29900358,synthetic_mean_origin_destination_zone_share_plus_uniform_noise_0p05,2026072401
13,20,405,413,5.000000,0.35334250,1.76671250,3.23328750,0.51499876,0.22464177,synthetic_mean_origin_destination_zone_share_plus_uniform_noise_0p05,2026072401
13,21,405,414,4.000000,0.40038212,1.60152847,2.39847153,0.51499876,0.33353233,synthetic_mean_origin_destination_zone_share_plus_uniform_noise_0p05,2026072401
13,22,405,415,6.000000,0.66507441,3.99044647,2.00955353,0.51499876,0.85454955,synthetic_mean_origin_destination_zone_share_plus_uniform_noise_0p05,2026072401
13,23,405,416,12.000000,0.35802183,4.29626200,7.70373800,0.51499876,0.25559332,synthetic_mean_origin_destination_zone_share_plus_uniform_noise_0p05,2026072401
13,24,405,417,1.000000,0.36545712,0.36545712,0.63454288,0.51499876,0.23797094,synthetic_mean_origin_destination_zone_share_plus_uniform_noise_0p05,2026072401
13,25,405,418,1.000000,0.47993944,0.47993944,0.52006056,0.51499876,0.41743330,synthetic_mean_origin_destination_zone_share_plus_uniform_noise_0p05,2026072401
13,26,405,419,4.000000,0.60724082,2.42896328,1.57103672,0.51499876,0.69803216,synthetic_mean_origin_destination_zone_share_plus_uniform_noise_0p05,2026072401
13,27,405,420,1.000000,0.50410141,0.50410141,0.49589859,0.51499876,0.49510182,synthetic_mean_origin_destination_zone_share_plus_uniform_noise_0p05,2026072401
13,28,405,421,1.000000,0.37198906,0.37198906,0.62801094,0.51499876,0.17701773,synthetic_mean_origin_destination_zone_share_plus_uniform_noise_0p05,2026072401
14,1,406,392,2.000000,0.37161776,0.74323552,1.25676448,0.06710322,0.73741142,synthetic_mean_origin_destination_zone_share_plus_uniform_noise_0p05,2026072401
14,2,406,393,3.000000,0.15867813,0.47603438,2.52396562,0.06710322,0.15934061,synthetic_mean_origin_destination_zone_share_plus_uniform_noise_0p05,2026072401
14,3,406,394,1.000000,0.19625352,0.19625352,0.80374648,0.06710322,0.23830746,synthetic_mean_origin_destination_zone_share_plus_uniform_noise_0p05,2026072401
14,4,406,395,5.000000,0.17632053,0.88160266,4.11839734,0.06710322,0.22055417,synthetic_mean_origin_destination_zone_share_plus_uniform_noise_0p05,2026072401
14,5,406,396,10.000000,0.23455953,2.34559533,7.65440467,0.06710322,0.36887416,synthetic_mean_origin_destination_zone_share_plus_uniform_noise_0p05,2026072401
14,6,406,397,24.000000,0.20217501,4.85220034,19.14779966,0.06710322,0.24642650,synthetic_mean_origin_destination_zone_share_plus_uniform_noise_0p05,2026072401
14,7,406,398,8.000000,0.28840850,2.30726796,5.69273204,0.06710322,0.60468921,synthetic_mean_origin_destination_zone_share_plus_uniform_noise_0p05,2026072401
14,8,406,399,27.000000,0.26436565,7.13787263,19.86212737,0.06710322,0.53678249,synthetic_mean_origin_destination_zone_share_plus_uniform_noise_0p05,2026072401
14,9,406,401,4.000000,0.05675077,0.22700310,3.77299690,0.06710322,0.07110743,synthetic_mean_origin_destination_zone_share_plus_uniform_noise_0p05,2026072401
14,10,406,402,23.000000,0.15887640,3.65415716,19.34584284,0.06710322,0.26153531,synthetic_mean_origin_destination_zone_share_plus_uniform_noise_0p05,2026072401
14,11,406,403,24.000000,0.13297083,3.19130001,20.80869999,0.06710322,0.24383339,synthetic_mean_origin_destination_zone_share_plus_uniform_noise_0p05,2026072401
14,12,406,404,22.000000,0.16601891,3.65241599,18.34758401,0.06710322,0.24039549,synthetic_mean_origin_destination_zone_share_plus_uniform_noise_0p05,2026072401
14,13,406,405,40.000000,0.33133021,13.25320846,26.74679154,0.06710322,0.51499876,synthetic_mean_origin_destination_zone_share_plus_uniform_noise_0p05,2026072401
14,15,406,407,6.000000,0.14465364,0.86792186,5.13207814,0.06710322,0.16299935,synthetic_mean_origin_destination_zone_share_plus_uniform_noise_0p05,2026072401
14,16,406,408,5.000000,0.14041279,0.70206395,4.29793605,0.06710322,0.27291615,synthetic_mean_origin_destination_zone_share_plus_uniform_noise_0p05,2026072401
14,17,406,409,3.000000,0.15330078,0.45990233,2.54009767,0.06710322,0.24437834,synthetic_mean_origin_destination_zone_share_plus_uniform_noise_0p05,2026072401
14,18,406,410,12.000000,0.17537750,2.10452995,9.89547005,0.06710322,0.31395496,synthetic_mean_origin_destination_zone_share_plus_uniform_noise_0p05,2026072401
14,19,406,412,9.000000,0.18636591,1.67729317,7.32270683,0.06710322,0.29900358,synthetic_mean_origin_destination_zone_share_plus_uniform_noise_0p05,2026072401
14,20,406,413,9.000000,0.13071381,1.17642433,7.82357567,0.06710322,0.22464177,synthetic_mean_origin_destination_zone_share_plus_uniform_noise_0p05,2026072401
14,21,406,414,7.000000,0.15827226,1.10790581,5.89209419,0.06710322,0.33353233,synthetic_mean_origin_destination_zone_share_plus_uniform_noise_0p05,2026072401
14,22,406,415,17.000000,0.46429027,7.89293458,9.10706542,0.06710322,0.85454955,synthetic_mean_origin_destination_zone_share_plus_uniform_noise_0p05,2026072401
14,23,406,416,4.000000,0.17491922,0.69967689,3.30032311,0.06710322,0.25559332,synthetic_mean_origin_destination_zone_share_plus_uniform_noise_0p05,2026072401
14,24,406,417,3.000000,0.20221394,0.60664181,2.39335819,0.06710322,0.23797094,synthetic_mean_origin_destination_zone_share_plus_uniform_noise_0p05,2026072401
14,25,406,418,3.000000,0.21610531,0.64831592,2.35168408,0.06710322,0.41743330,synthetic_mean_origin_destination_zone_share_plus_uniform_noise_0p05,2026072401
14,26,406,419,15.000000,0.33897893,5.08468390,9.91531610,0.06710322,0.69803216,synthetic_mean_origin_destination_zone_share_plus_uniform_noise_0p05,2026072401
14,27,406,420,4.000000,0.23177743,0.92710974,3.07289026,0.06710322,0.49510182,synthetic_mean_origin_destination_zone_share_plus_uniform_noise_0p05,2026072401
14,28,406,421,6.000000,0.15465100,0.92790603,5.07209397,0.06710322,0.17701773,synthetic_mean_origin_destination_zone_share_plus_uniform_noise_0p05,2026072401
14,29,406,423,1.000000,0.15577384,0.15577384,0.84422616,0.06710322,0.30008886,synthetic_mean_origin_destination_zone_share_plus_uniform_noise_0p05,2026072401
14,30,406,424,1.000000,0.19184806,0.19184806,0.80815194,0.06710322,0.39780414,synthetic_mean_origin_destination_zone_share_plus_uniform_noise_0p05,2026072401
15,1,407,392,1.000000,0.47209760,0.47209760,0.52790240,0.16299935,0.73741142,synthetic_mean_origin_destination_zone_share_plus_uniform_noise_0p05,2026072401
15,3,407,394,1.000000,0.18334317,0.18334317,0.81665683,0.16299935,0.23830746,synthetic_mean_origin_destination_zone_share_plus_uniform_noise_0p05,2026072401
15,4,407,395,3.000000,0.22562148,0.67686445,2.32313555,0.16299935,0.22055417,synthetic_mean_origin_destination_zone_share_plus_uniform_noise_0p05,2026072401
15,5,407,396,4.000000,0.31361484,1.25445937,2.74554063,0.16299935,0.36887416,synthetic_mean_origin_destination_zone_share_plus_uniform_noise_0p05,2026072401
15,6,407,397,11.000000,0.20313700,2.23450700,8.76549300,0.16299935,0.24642650,synthetic_mean_origin_destination_zone_share_plus_uniform_noise_0p05,2026072401
15,7,407,398,5.000000,0.34949657,1.74748286,3.25251714,0.16299935,0.60468921,synthetic_mean_origin_destination_zone_share_plus_uniform_noise_0p05,2026072401
15,8,407,399,5.000000,0.37334450,1.86672250,3.13327750,0.16299935,0.53678249,synthetic_mean_origin_destination_zone_share_plus_uniform_noise_0p05,2026072401
15,9,407,401,2.000000,0.09299036,0.18598071,1.81401929,0.16299935,0.07110743,synthetic_mean_origin_destination_zone_share_plus_uniform_noise_0p05,2026072401
15,10,407,402,5.000000,0.25457497,1.27287485,3.72712515,0.16299935,0.26153531,synthetic_mean_origin_destination_zone_share_plus_uniform_noise_0p05,2026072401
15,11,407,403,4.000000,0.16354966,0.65419863,3.34580137,0.16299935,0.24383339,synthetic_mean_origin_destination_zone_share_plus_uniform_noise_0p05,2026072401
15,12,407,404,4.000000,0.24103524,0.96414094,3.03585906,0.16299935,0.24039549,synthetic_mean_origin_destination_zone_share_plus_uniform_noise_0p05,2026072401
15,13,407,405,26.000000,0.31963565,8.31052701,17.68947299,0.16299935,0.51499876,synthetic_mean_origin_destination_zone_share_plus_uniform_noise_0p05,2026072401
15,14,407,406,12.000000,0.15090071,1.81080853,10.18919147,0.16299935,0.06710322,synthetic_mean_origin_destination_zone_share_plus_uniform_noise_0p05,2026072401
15,16,407,408,2.000000,0.22844904,0.45689808,1.54310192,0.16299935,0.27291615,synthetic_mean_origin_destination_zone_share_plus_uniform_noise_0p05,2026072401
15,17,407,409,1.000000,0.18240840,0.18240840,0.81759160,0.16299935,0.24437834,synthetic_mean_origin_destination_zone_share_plus_uniform_noise_0p05,2026072401
15,18,407,410,3.000000,0.22850635,0.68551905,2.31448095,0.16299935,0.31395496,synthetic_mean_origin_destination_zone_share_plus_uniform_noise_0p05,2026072401
15,19,407,412,7.000000,0.23215562,1.62508931,5.37491069,0.16299935,0.29900358,synthetic_mean_origin_destination_zone_share_plus_uniform_noise_0p05,2026072401
15,20,407,413,4.000000,0.16789235,0.67156940,3.32843060,0.16299935,0.22464177,synthetic_mean_origin_destination_zone_share_plus_uniform_noise_0p05,2026072401
15,21,407,414,1.000000,0.29659608,0.29659608,0.70340392,0.16299935,0.33353233,synthetic_mean_origin_destination_zone_share_plus_uniform_noise_0p05,2026072401
15,22,407,415,1.000000,0.53461297,0.53461297,0.46538703,0.16299935,0.85454955,synthetic_mean_origin_destination_zone_share_plus_uniform_noise_0p05,2026072401
15,23,407,416,1.000000,0.20164738,0.20164738,0.79835262,0.16299935,0.25559332,synthetic_mean_origin_destination_zone_share_plus_uniform_noise_0p05,2026072401
15,24,407,417,2.000000,0.17907537,0.35815075,1.64184925,0.16299935,0.23797094,synthetic_mean_origin_destination_zone_share_plus_uniform_noise_0p05,2026072401
15,26,407,419,5.000000,0.43570623,2.17853115,2.82146885,0.16299935,0.69803216,synthetic_mean_origin_destination_zone_share_plus_uniform_noise_0p05,2026072401
15,27,407,420,1.000000,0.36406713,0.36406713,0.63593287,0.16299935,0.49510182,synthetic_mean_origin_destination_zone_share_plus_uniform_noise_0p05,2026072401
15,28,407,421,3.000000,0.21484089,0.64452266,2.35547734,0.16299935,0.17701773,synthetic_mean_origin_destination_zone_share_plus_uniform_noise_0p05,2026072401
16,2,408,393,1.000000,0.17050078,0.17050078,0.82949922,0.27291615,0.15934061,synthetic_mean_origin_destination_zone_share_plus_uniform_noise_0p05,2026072401
16,3,408,394,1.000000,0.22040555,0.22040555,0.77959445,0.27291615,0.23830746,synthetic_mean_origin_destination_zone_share_plus_uniform_noise_0p05,2026072401
16,4,408,395,3.000000,0.20154077,0.60462232,2.39537768,0.27291615,0.22055417,synthetic_mean_origin_destination_zone_share_plus_uniform_noise_0p05,2026072401
16,5,408,396,1.000000,0.30326406,0.30326406,0.69673594,0.27291615,0.36887416,synthetic_mean_origin_destination_zone_share_plus_uniform_noise_0p05,2026072401
16,6,408,397,6.000000,0.27313979,1.63883876,4.36116124,0.27291615,0.24642650,synthetic_mean_origin_destination_zone_share_plus_uniform_noise_0p05,2026072401
16,7,408,398,1.000000,0.46890478,0.46890478,0.53109522,0.27291615,0.60468921,synthetic_mean_origin_destination_zone_share_plus_uniform_noise_0p05,2026072401
16,8,408,399,9.000000,0.36527590,3.28748308,5.71251692,0.27291615,0.53678249,synthetic_mean_origin_destination_zone_share_plus_uniform_noise_0p05,2026072401
16,9,408,401,4.000000,0.20649357,0.82597428,3.17402572,0.27291615,0.07110743,synthetic_mean_origin_destination_zone_share_plus_uniform_noise_0p05,2026072401
16,10,408,402,3.000000,0.22343776,0.67031328,2.32968672,0.27291615,0.26153531,synthetic_mean_origin_destination_zone_share_plus_uniform_noise_0p05,2026072401
16,11,408,403,2.000000,0.27521135,0.55042270,1.44957730,0.27291615,0.24383339,synthetic_mean_origin_destination_zone_share_plus_uniform_noise_0p05,2026072401
16,12,408,404,7.000000,0.22864535,1.60051742,5.39948258,0.27291615,0.24039549,synthetic_mean_origin_destination_zone_share_plus_uniform_noise_0p05,2026072401
16,13,408,405,16.000000,0.38151651,6.10426419,9.89573581,0.27291615,0.51499876,synthetic_mean_origin_destination_zone_share_plus_uniform_noise_0p05,2026072401
16,14,408,406,9.000000,0.21528959,1.93760627,7.06239373,0.27291615,0.06710322,synthetic_mean_origin_destination_zone_share_plus_uniform_noise_0p05,2026072401
16,15,408,407,1.000000,0.17955444,0.17955444,0.82044556,0.27291615,0.16299935,synthetic_mean_origin_destination_zone_share_plus_uniform_noise_0p05,2026072401
16,17,408,409,2.000000,0.21258711,0.42517422,1.57482578,0.27291615,0.24437834,synthetic_mean_origin_destination_zone_share_plus_uniform_noise_0p05,2026072401
16,18,408,410,4.000000,0.29312534,1.17250134,2.82749866,0.27291615,0.31395496,synthetic_mean_origin_destination_zone_share_plus_uniform_noise_0p05,2026072401
16,19,408,412,5.000000,0.24598037,1.22990187,3.77009813,0.27291615,0.29900358,synthetic_mean_origin_destination_zone_share_plus_uniform_noise_0p05,2026072401
16,20,408,413,5.000000,0.20625131,1.03125656,3.96874344,0.27291615,0.22464177,synthetic_mean_origin_destination_zone_share_plus_uniform_noise_0p05,2026072401
16,21,408,414,2.000000,0.27676483,0.55352967,1.44647033,0.27291615,0.33353233,synthetic_mean_origin_destination_zone_share_plus_uniform_noise_0p05,2026072401
16,26,408,419,4.000000,0.51816547,2.07266186,1.92733814,0.27291615,0.69803216,synthetic_mean_origin_destination_zone_share_plus_uniform_noise_0p05,2026072401
16,27,408,420,1.000000,0.39514115,0.39514115,0.60485885,0.27291615,0.49510182,synthetic_mean_origin_destination_zone_share_plus_uniform_noise_0p05,2026072401
16,28,408,421,2.000000,0.22499902,0.44999804,1.55000196,0.27291615,0.17701773,synthetic_mean_origin_destination_zone_share_plus_uniform_noise_0p05,2026072401
16,29,408,423,1.000000,0.24814527,0.24814527,0.75185473,0.27291615,0.30008886,synthetic_mean_origin_destination_zone_share_plus_uniform_noise_0p05,2026072401
17,2,409,393,3.000000,0.22981827,0.68945480,2.31054520,0.24437834,0.15934061,synthetic_mean_origin_destination_zone_share_plus_uniform_noise_0p05,2026072401
17,3,409,394,2.000000,0.26064083,0.52128165,1.47871835,0.24437834,0.23830746,synthetic_mean_origin_destination_zone_share_plus_uniform_noise_0p05,2026072401
17,4,409,395,3.000000,0.25072143,0.75216430,2.24783570,0.24437834,0.22055417,synthetic_mean_origin_destination_zone_share_plus_uniform_noise_0p05,2026072401
17,5,409,396,5.000000,0.29251691,1.46258453,3.53741547,0.24437834,0.36887416,synthetic_mean_origin_destination_zone_share_plus_uniform_noise_0p05,2026072401
17,6,409,397,9.000000,0.29265701,2.63391310,6.36608690,0.24437834,0.24642650,synthetic_mean_origin_destination_zone_share_plus_uniform_noise_0p05,2026072401
17,7,409,398,4.000000,0.43537834,1.74151336,2.25848664,0.24437834,0.60468921,synthetic_mean_origin_destination_zone_share_plus_uniform_noise_0p05,2026072401
17,8,409,399,7.000000,0.35733745,2.50136213,4.49863787,0.24437834,0.53678249,synthetic_mean_origin_destination_zone_share_plus_uniform_noise_0p05,2026072401
17,9,409,401,2.000000,0.12025254,0.24050509,1.75949491,0.24437834,0.07110743,synthetic_mean_origin_destination_zone_share_plus_uniform_noise_0p05,2026072401
17,10,409,402,2.000000,0.27021247,0.54042493,1.45957507,0.24437834,0.26153531,synthetic_mean_origin_destination_zone_share_plus_uniform_noise_0p05,2026072401
17,11,409,403,2.000000,0.25146188,0.50292377,1.49707623,0.24437834,0.24383339,synthetic_mean_origin_destination_zone_share_plus_uniform_noise_0p05,2026072401
17,12,409,404,3.000000,0.20551148,0.61653444,2.38346556,0.24437834,0.24039549,synthetic_mean_origin_destination_zone_share_plus_uniform_noise_0p05,2026072401
17,13,409,405,16.000000,0.35167624,5.62681987,10.37318013,0.24437834,0.51499876,synthetic_mean_origin_destination_zone_share_plus_uniform_noise_0p05,2026072401
17,14,409,406,10.000000,0.12516822,1.25168224,8.74831776,0.24437834,0.06710322,synthetic_mean_origin_destination_zone_share_plus_uniform_noise_0p05,2026072401
17,15,409,407,1.000000,0.24282646,0.24282646,0.75717354,0.24437834,0.16299935,synthetic_mean_origin_destination_zone_share_plus_uniform_noise_0p05,2026072401
17,16,409,408,4.000000,0.29546529,1.18186117,2.81813883,0.24437834,0.27291615,synthetic_mean_origin_destination_zone_share_plus_uniform_noise_0p05,2026072401
17,18,409,410,4.000000,0.28546296,1.14185185,2.85814815,0.24437834,0.31395496,synthetic_mean_origin_destination_zone_share_plus_uniform_noise_0p05,2026072401
17,19,409,412,10.000000,0.28909400,2.89093997,7.10906003,0.24437834,0.29900358,synthetic_mean_origin_destination_zone_share_plus_uniform_noise_0p05,2026072401
17,20,409,413,5.000000,0.22363429,1.11817147,3.88182853,0.24437834,0.22464177,synthetic_mean_origin_destination_zone_share_plus_uniform_noise_0p05,2026072401
17,21,409,414,1.000000,0.30174669,0.30174669,0.69825331,0.24437834,0.33353233,synthetic_mean_origin_destination_zone_share_plus_uniform_noise_0p05,2026072401
17,22,409,415,2.000000,0.55577313,1.11154627,0.88845373,0.24437834,0.85454955,synthetic_mean_origin_destination_zone_share_plus_uniform_noise_0p05,2026072401
17,26,409,419,5.000000,0.44285296,2.21426482,2.78573518,0.24437834,0.69803216,synthetic_mean_origin_destination_zone_share_plus_uniform_noise_0p05,2026072401
17,27,409,420,1.000000,0.35337653,0.35337653,0.64662347,0.24437834,0.49510182,synthetic_mean_origin_destination_zone_share_plus_uniform_noise_0p05,2026072401
17,28,409,421,1.000000,0.25456890,0.25456890,0.74543110,0.24437834,0.17701773,synthetic_mean_origin_destination_zone_share_plus_uniform_noise_0p05,2026072401
17,29,409,423,1.000000,0.25391142,0.25391142,0.74608858,0.24437834,0.30008886,synthetic_mean_origin_destination_zone_share_plus_uniform_noise_0p05,2026072401
18,1,410,392,1.000000,0.49962908,0.49962908,0.50037092,0.31395496,0.73741142,synthetic_mean_origin_destination_zone_share_plus_uniform_noise_0p05,2026072401
18,2,410,393,3.000000,0.26203830,0.78611490,2.21388510,0.31395496,0.15934061,synthetic_mean_origin_destination_zone_share_plus_uniform_noise_0p05,2026072401
18,3,410,394,2.000000,0.29257674,0.58515348,1.41484652,0.31395496,0.23830746,synthetic_mean_origin_destination_zone_share_plus_uniform_noise_0p05,2026072401
18,4,410,395,4.000000,0.23063753,0.92255011,3.07744989,0.31395496,0.22055417,synthetic_mean_origin_destination_zone_share_plus_uniform_noise_0p05,2026072401
18,5,410,396,7.000000,0.29850774,2.08955418,4.91044582,0.31395496,0.36887416,synthetic_mean_origin_destination_zone_share_plus_uniform_noise_0p05,2026072401
18,6,410,397,18.000000,0.31435356,5.65836412,12.34163588,0.31395496,0.24642650,synthetic_mean_origin_destination_zone_share_plus_uniform_noise_0p05,2026072401
18,7,410,398,6.000000,0.42429358,2.54576146,3.45423854,0.31395496,0.60468921,synthetic_mean_origin_destination_zone_share_plus_uniform_noise_0p05,2026072401
18,8,410,399,15.000000,0.44003374,6.60050613,8.39949387,0.31395496,0.53678249,synthetic_mean_origin_destination_zone_share_plus_uniform_noise_0p05,2026072401
18,9,410,401,3.000000,0.18472438,0.55417315,2.44582685,0.31395496,0.07110743,synthetic_mean_origin_destination_zone_share_plus_uniform_noise_0p05,2026072401
18,10,410,402,5.000000,0.32656120,1.63280599,3.36719401,0.31395496,0.26153531,synthetic_mean_origin_destination_zone_share_plus_uniform_noise_0p05,2026072401
18,11,410,403,8.000000,0.25664282,2.05314254,5.94685746,0.31395496,0.24383339,synthetic_mean_origin_destination_zone_share_plus_uniform_noise_0p05,2026072401
18,12,410,404,6.000000,0.31350297,1.88101785,4.11898215,0.31395496,0.24039549,synthetic_mean_origin_destination_zone_share_plus_uniform_noise_0p05,2026072401
18,13,410,405,33.000000,0.40881751,13.49097786,19.50902214,0.31395496,0.51499876,synthetic_mean_origin_destination_zone_share_plus_uniform_noise_0p05,2026072401
18,14,410,406,18.000000,0.22874188,4.11735384,13.88264616,0.31395496,0.06710322,synthetic_mean_origin_destination_zone_share_plus_uniform_noise_0p05,2026072401
18,15,410,407,2.000000,0.21457089,0.42914178,1.57085822,0.31395496,0.16299935,synthetic_mean_origin_destination_zone_share_plus_uniform_noise_0p05,2026072401
18,16,410,408,4.000000,0.25039526,1.00158104,2.99841896,0.31395496,0.27291615,synthetic_mean_origin_destination_zone_share_plus_uniform_noise_0p05,2026072401
18,17,410,409,4.000000,0.28125068,1.12500272,2.87499728,0.31395496,0.24437834,synthetic_mean_origin_destination_zone_share_plus_uniform_noise_0p05,2026072401
18,19,410,412,13.000000,0.30635281,3.98258652,9.01741348,0.31395496,0.29900358,synthetic_mean_origin_destination_zone_share_plus_uniform_noise_0p05,2026072401
18,20,410,413,15.000000,0.21941398,3.29120964,11.70879036,0.31395496,0.22464177,synthetic_mean_origin_destination_zone_share_plus_uniform_noise_0p05,2026072401
18,21,410,414,5.000000,0.33572470,1.67862349,3.32137651,0.31395496,0.33353233,synthetic_mean_origin_destination_zone_share_plus_uniform_noise_0p05,2026072401
18,22,410,415,5.000000,0.56666198,2.83330991,2.16669009,0.31395496,0.85454955,synthetic_mean_origin_destination_zone_share_plus_uniform_noise_0p05,2026072401
18,23,410,416,1.000000,0.28167861,0.28167861,0.71832139,0.31395496,0.25559332,synthetic_mean_origin_destination_zone_share_plus_uniform_noise_0p05,2026072401
18,25,410,418,3.000000,0.40782573,1.22347720,1.77652280,0.31395496,0.41743330,synthetic_mean_origin_destination_zone_share_plus_uniform_noise_0p05,2026072401
18,26,410,419,14.000000,0.47543057,6.65602803,7.34397197,0.31395496,0.69803216,synthetic_mean_origin_destination_zone_share_plus_uniform_noise_0p05,2026072401
18,27,410,420,3.000000,0.35579243,1.06737728,1.93262272,0.31395496,0.49510182,synthetic_mean_origin_destination_zone_share_plus_uniform_noise_0p05,2026072401
18,28,410,421,4.000000,0.21119511,0.84478045,3.15521955,0.31395496,0.17701773,synthetic_mean_origin_destination_zone_share_plus_uniform_noise_0p05,2026072401
18,29,410,423,9.000000,0.26463035,2.38167312,6.61832688,0.31395496,0.30008886,synthetic_mean_origin_destination_zone_share_plus_uniform_noise_0p05,2026072401
19,1,412,392,2.000000,0.50514771,1.01029543,0.98970457,0.29900358,0.73741142,synthetic_mean_origin_destination_zone_share_plus_uniform_noise_0p05,2026072401
19,2,412,393,6.000000,0.18341650,1.10049899,4.89950101,0.29900358,0.15934061,synthetic_mean_origin_destination_zone_share_plus_uniform_noise_0p05,2026072401
19,3,412,394,7.000000,0.23324007,1.63268051,5.36731949,0.29900358,0.23830746,synthetic_mean_origin_destination_zone_share_plus_uniform_noise_0p05,2026072401
19,4,412,395,8.000000,0.29811500,2.38492001,5.61507999,0.29900358,0.22055417,synthetic_mean_origin_destination_zone_share_plus_uniform_noise_0p05,2026072401
19,5,412,396,7.000000,0.36519017,2.55633120,4.44366880,0.29900358,0.36887416,synthetic_mean_origin_destination_zone_share_plus_uniform_noise_0p05,2026072401
19,6,412,397,13.000000,0.27950387,3.63355037,9.36644963,0.29900358,0.24642650,synthetic_mean_origin_destination_zone_share_plus_uniform_noise_0p05,2026072401
19,7,412,398,4.000000,0.47824359,1.91297435,2.08702565,0.29900358,0.60468921,synthetic_mean_origin_destination_zone_share_plus_uniform_noise_0p05,2026072401
19,8,412,399,20.000000,0.36845761,7.36915229,12.63084771,0.29900358,0.53678249,synthetic_mean_origin_destination_zone_share_plus_uniform_noise_0p05,2026072401
19,9,412,401,4.000000,0.19941279,0.79765115,3.20234885,0.29900358,0.07110743,synthetic_mean_origin_destination_zone_share_plus_uniform_noise_0p05,2026072401
19,10,412,402,7.000000,0.32711596,2.28981172,4.71018828,0.29900358,0.26153531,synthetic_mean_origin_destination_zone_share_plus_uniform_noise_0p05,2026072401
19,11,412,403,4.000000,0.23987008,0.95948032,3.04051968,0.29900358,0.24383339,synthetic_mean_origin_destination_zone_share_plus_uniform_noise_0p05,2026072401
19,12,412,404,7.000000,0.22403787,1.56826506,5.43173494,0.29900358,0.24039549,synthetic_mean_origin_destination_zone_share_plus_uniform_noise_0p05,2026072401
19,13,412,405,11.000000,0.43104071,4.74144785,6.25855215,0.29900358,0.51499876,synthetic_mean_origin_destination_zone_share_plus_uniform_noise_0p05,2026072401
19,14,412,406,18.000000,0.15658925,2.81860649,15.18139351,0.29900358,0.06710322,synthetic_mean_origin_destination_zone_share_plus_uniform_noise_0p05,2026072401
19,15,412,407,3.000000,0.25315614,0.75946843,2.24053157,0.29900358,0.16299935,synthetic_mean_origin_destination_zone_share_plus_uniform_noise_0p05,2026072401
19,16,412,408,5.000000,0.30278310,1.51391550,3.48608450,0.29900358,0.27291615,synthetic_mean_origin_destination_zone_share_plus_uniform_noise_0p05,2026072401
19,17,412,409,7.000000,0.23151404,1.62059829,5.37940171,0.29900358,0.24437834,synthetic_mean_origin_destination_zone_share_plus_uniform_noise_0p05,2026072401
19,18,412,410,11.000000,0.32164428,3.53808706,7.46191294,0.29900358,0.31395496,synthetic_mean_origin_destination_zone_share_plus_uniform_noise_0p05,2026072401
19,20,412,413,15.000000,0.25257550,3.78863243,11.21136757,0.29900358,0.22464177,synthetic_mean_origin_destination_zone_share_plus_uniform_noise_0p05,2026072401
19,21,412,414,12.000000,0.33478647,4.01743765,7.98256235,0.29900358,0.33353233,synthetic_mean_origin_destination_zone_share_plus_uniform_noise_0p05,2026072401
19,22,412,415,3.000000,0.61499646,1.84498939,1.15501061,0.29900358,0.85454955,synthetic_mean_origin_destination_zone_share_plus_uniform_noise_0p05,2026072401
19,23,412,416,1.000000,0.29608061,0.29608061,0.70391939,0.29900358,0.25559332,synthetic_mean_origin_destination_zone_share_plus_uniform_noise_0p05,2026072401
19,24,412,417,3.000000,0.29438130,0.88314389,2.11685611,0.29900358,0.23797094,synthetic_mean_origin_destination_zone_share_plus_uniform_noise_0p05,2026072401
19,25,412,418,3.000000,0.40024954,1.20074863,1.79925137,0.29900358,0.41743330,synthetic_mean_origin_destination_zone_share_plus_uniform_noise_0p05,2026072401
19,26,412,419,27.000000,0.49978218,13.49411885,13.50588115,0.29900358,0.69803216,synthetic_mean_origin_destination_zone_share_plus_uniform_noise_0p05,2026072401
19,27,412,420,3.000000,0.41881605,1.25644814,1.74355186,0.29900358,0.49510182,synthetic_mean_origin_destination_zone_share_plus_uniform_noise_0p05,2026072401
19,28,412,421,11.000000,0.24283238,2.67115621,8.32884379,0.29900358,0.17701773,synthetic_mean_origin_destination_zone_share_plus_uniform_noise_0p05,2026072401
19,29,412,423,5.000000,0.34906084,1.74530418,3.25469582,0.29900358,0.30008886,synthetic_mean_origin_destination_zone_share_plus_uniform_noise_0p05,2026072401
19,30,412,424,2.000000,0.34426508,0.68853017,1.31146983,0.29900358,0.39780414,synthetic_mean_origin_destination_zone_share_plus_uniform_noise_0p05,2026072401
20,1,413,392,1.000000,0.44949442,0.44949442,0.55050558,0.22464177,0.73741142,synthetic_mean_origin_destination_zone_share_plus_uniform_noise_0p05,2026072401
20,2,413,393,9.000000,0.15132413,1.36191716,7.63808284,0.22464177,0.15934061,synthetic_mean_origin_destination_zone_share_plus_uniform_noise_0p05,2026072401
20,3,413,394,15.000000,0.20397130,3.05956953,11.94043047,0.22464177,0.23830746,synthetic_mean_origin_destination_zone_share_plus_uniform_noise_0p05,2026072401
20,4,413,395,10.000000,0.20129295,2.01292950,7.98707050,0.22464177,0.22055417,synthetic_mean_origin_destination_zone_share_plus_uniform_noise_0p05,2026072401
20,5,413,396,10.000000,0.24939421,2.49394213,7.50605787,0.22464177,0.36887416,synthetic_mean_origin_destination_zone_share_plus_uniform_noise_0p05,2026072401
20,6,413,397,16.000000,0.25500425,4.08006807,11.91993193,0.22464177,0.24642650,synthetic_mean_origin_destination_zone_share_plus_uniform_noise_0p05,2026072401
20,7,413,398,11.000000,0.44562813,4.90190939,6.09809061,0.22464177,0.60468921,synthetic_mean_origin_destination_zone_share_plus_uniform_noise_0p05,2026072401
20,8,413,399,24.000000,0.35831402,8.59953650,15.40046350,0.22464177,0.53678249,synthetic_mean_origin_destination_zone_share_plus_uniform_noise_0p05,2026072401
20,9,413,401,3.000000,0.10441229,0.31323686,2.68676314,0.22464177,0.07110743,synthetic_mean_origin_destination_zone_share_plus_uniform_noise_0p05,2026072401
20,10,413,402,6.000000,0.20954348,1.25726085,4.74273915,0.22464177,0.26153531,synthetic_mean_origin_destination_zone_share_plus_uniform_noise_0p05,2026072401
20,11,413,403,8.000000,0.20978762,1.67830098,6.32169902,0.22464177,0.24383339,synthetic_mean_origin_destination_zone_share_plus_uniform_noise_0p05,2026072401
20,12,413,404,8.000000,0.25577143,2.04617145,5.95382855,0.22464177,0.24039549,synthetic_mean_origin_destination_zone_share_plus_uniform_noise_0p05,2026072401
20,13,413,405,5.000000,0.36685224,1.83426120,3.16573880,0.22464177,0.51499876,synthetic_mean_origin_destination_zone_share_plus_uniform_noise_0p05,2026072401
20,14,413,406,16.000000,0.14962216,2.39395449,13.60604551,0.22464177,0.06710322,synthetic_mean_origin_destination_zone_share_plus_uniform_noise_0p05,2026072401
20,15,413,407,2.000000,0.15634123,0.31268246,1.68731754,0.22464177,0.16299935,synthetic_mean_origin_destination_zone_share_plus_uniform_noise_0p05,2026072401
20,16,413,408,5.000000,0.28790983,1.43954914,3.56045086,0.22464177,0.27291615,synthetic_mean_origin_destination_zone_share_plus_uniform_noise_0p05,2026072401
20,17,413,409,8.000000,0.19304234,1.54433871,6.45566129,0.22464177,0.24437834,synthetic_mean_origin_destination_zone_share_plus_uniform_noise_0p05,2026072401
20,18,413,410,15.000000,0.30327466,4.54911991,10.45088009,0.22464177,0.31395496,synthetic_mean_origin_destination_zone_share_plus_uniform_noise_0p05,2026072401
20,19,413,412,16.000000,0.25929961,4.14879376,11.85120624,0.22464177,0.29900358,synthetic_mean_origin_destination_zone_share_plus_uniform_noise_0p05,2026072401
20,21,413,414,7.000000,0.25491249,1.78438743,5.21561257,0.22464177,0.33353233,synthetic_mean_origin_destination_zone_share_plus_uniform_noise_0p05,2026072401
20,22,413,415,6.000000,0.49359203,2.96155219,3.03844781,0.22464177,0.85454955,synthetic_mean_origin_destination_zone_share_plus_uniform_noise_0p05,2026072401
20,23,413,416,7.000000,0.23267414,1.62871900,5.37128100,0.22464177,0.25559332,synthetic_mean_origin_destination_zone_share_plus_uniform_noise_0p05,2026072401
20,24,413,417,1.000000,0.26148169,0.26148169,0.73851831,0.22464177,0.23797094,synthetic_mean_origin_destination_zone_share_plus_uniform_noise_0p05,2026072401
20,25,413,418,9.000000,0.32981561,2.96834048,6.03165952,0.22464177,0.41743330,synthetic_mean_origin_destination_zone_share_plus_uniform_noise_0p05,2026072401
20,26,413,419,41.000000,0.44274504,18.15254665,22.84745335,0.22464177,0.69803216,synthetic_mean_origin_destination_zone_share_plus_uniform_noise_0p05,2026072401
20,27,413,420,10.000000,0.31830592,3.18305917,6.81694083,0.22464177,0.49510182,synthetic_mean_origin_destination_zone_share_plus_uniform_noise_0p05,2026072401
20,28,413,421,14.000000,0.20918816,2.92863423,11.07136577,0.22464177,0.17701773,synthetic_mean_origin_destination_zone_share_plus_uniform_noise_0p05,2026072401
20,29,413,423,13.000000,0.27642127,3.59347646,9.40652354,0.22464177,0.30008886,synthetic_mean_origin_destination_zone_share_plus_uniform_noise_0p05,2026072401
20,30,413,424,3.000000,0.35206708,1.05620125,1.94379875,0.22464177,0.39780414,synthetic_mean_origin_destination_zone_share_plus_uniform_noise_0p05,2026072401
21,2,414,393,1.000000,0.21174610,0.21174610,0.78825390,0.33353233,0.15934061,synthetic_mean_origin_destination_zone_share_plus_uniform_noise_0p05,2026072401
21,3,414,394,1.000000,0.31369240,0.31369240,0.68630760,0.33353233,0.23830746,synthetic_mean_origin_destination_zone_share_plus_uniform_noise_0p05,2026072401
21,4,414,395,4.000000,0.30554168,1.22216672,2.77783328,0.33353233,0.22055417,synthetic_mean_origin_destination_zone_share_plus_uniform_noise_0p05,2026072401
21,5,414,396,1.000000,0.38759491,0.38759491,0.61240509,0.33353233,0.36887416,synthetic_mean_origin_destination_zone_share_plus_uniform_noise_0p05,2026072401
21,6,414,397,2.000000,0.32107410,0.64214820,1.35785180,0.33353233,0.24642650,synthetic_mean_origin_destination_zone_share_plus_uniform_noise_0p05,2026072401
21,7,414,398,1.000000,0.47021474,0.47021474,0.52978526,0.33353233,0.60468921,synthetic_mean_origin_destination_zone_share_plus_uniform_noise_0p05,2026072401
21,8,414,399,6.000000,0.43569548,2.61417285,3.38582715,0.33353233,0.53678249,synthetic_mean_origin_destination_zone_share_plus_uniform_noise_0p05,2026072401
21,10,414,402,4.000000,0.33968245,1.35872978,2.64127022,0.33353233,0.26153531,synthetic_mean_origin_destination_zone_share_plus_uniform_noise_0p05,2026072401
21,11,414,403,1.000000,0.30289722,0.30289722,0.69710278,0.33353233,0.24383339,synthetic_mean_origin_destination_zone_share_plus_uniform_noise_0p05,2026072401
21,12,414,404,3.000000,0.32123567,0.96370701,2.03629299,0.33353233,0.24039549,synthetic_mean_origin_destination_zone_share_plus_uniform_noise_0p05,2026072401
21,13,414,405,3.000000,0.43112262,1.29336787,1.70663213,0.33353233,0.51499876,synthetic_mean_origin_destination_zone_share_plus_uniform_noise_0p05,2026072401
21,14,414,406,8.000000,0.19611540,1.56892322,6.43107678,0.33353233,0.06710322,synthetic_mean_origin_destination_zone_share_plus_uniform_noise_0p05,2026072401
21,15,414,407,2.000000,0.25226477,0.50452953,1.49547047,0.33353233,0.16299935,synthetic_mean_origin_destination_zone_share_plus_uniform_noise_0p05,2026072401
21,16,414,408,1.000000,0.28799546,0.28799546,0.71200454,0.33353233,0.27291615,synthetic_mean_origin_destination_zone_share_plus_uniform_noise_0p05,2026072401
21,17,414,409,2.000000,0.24427759,0.48855519,1.51144481,0.33353233,0.24437834,synthetic_mean_origin_destination_zone_share_plus_uniform_noise_0p05,2026072401
21,18,414,410,3.000000,0.33891062,1.01673187,1.98326813,0.33353233,0.31395496,synthetic_mean_origin_destination_zone_share_plus_uniform_noise_0p05,2026072401
21,19,414,412,7.000000,0.30231481,2.11620366,4.88379634,0.33353233,0.29900358,synthetic_mean_origin_destination_zone_share_plus_uniform_noise_0p05,2026072401
21,20,414,413,7.000000,0.29349394,2.05445761,4.94554239,0.33353233,0.22464177,synthetic_mean_origin_destination_zone_share_plus_uniform_noise_0p05,2026072401
21,22,414,415,4.000000,0.56376405,2.25505619,1.74494381,0.33353233,0.85454955,synthetic_mean_origin_destination_zone_share_plus_uniform_noise_0p05,2026072401
21,23,414,416,1.000000,0.32136192,0.32136192,0.67863808,0.33353233,0.25559332,synthetic_mean_origin_destination_zone_share_plus_uniform_noise_0p05,2026072401
21,25,414,418,2.000000,0.41044958,0.82089915,1.17910085,0.33353233,0.41743330,synthetic_mean_origin_destination_zone_share_plus_uniform_noise_0p05,2026072401
21,26,414,419,15.000000,0.47503750,7.12556252,7.87443748,0.33353233,0.69803216,synthetic_mean_origin_destination_zone_share_plus_uniform_noise_0p05,2026072401
21,27,414,420,5.000000,0.41239626,2.06198132,2.93801868,0.33353233,0.49510182,synthetic_mean_origin_destination_zone_share_plus_uniform_noise_0p05,2026072401
21,28,414,421,8.000000,0.21109019,1.68872151,6.31127849,0.33353233,0.17701773,synthetic_mean_origin_destination_zone_share_plus_uniform_noise_0p05,2026072401
21,29,414,423,2.000000,0.31209751,0.62419502,1.37580498,0.33353233,0.30008886,synthetic_mean_origin_destination_zone_share_plus_uniform_noise_0p05,2026072401
21,30,414,424,1.000000,0.32866251,0.32866251,0.67133749,0.33353233,0.39780414,synthetic_mean_origin_destination_zone_share_plus_uniform_noise_0p05,2026072401
22,1,415,392,1.000000,0.81479195,0.81479195,0.18520805,0.85454955,0.73741142,synthetic_mean_origin_destination_zone_share_plus_uniform_noise_0p05,2026072401
22,3,415,394,2.000000,0.53095973,1.06191947,0.93808053,0.85454955,0.23830746,synthetic_mean_origin_destination_zone_share_plus_uniform_noise_0p05,2026072401
22,4,415,395,2.000000,0.57358258,1.14716517,0.85283483,0.85454955,0.22055417,synthetic_mean_origin_destination_zone_share_plus_uniform_noise_0p05,2026072401
22,5,415,396,1.000000,0.58861768,0.58861768,0.41138232,0.85454955,0.36887416,synthetic_mean_origin_destination_zone_share_plus_uniform_noise_0p05,2026072401
22,6,415,397,2.000000,0.54316497,1.08632995,0.91367005,0.85454955,0.24642650,synthetic_mean_origin_destination_zone_share_plus_uniform_noise_0p05,2026072401
22,7,415,398,1.000000,0.76001343,0.76001343,0.23998657,0.85454955,0.60468921,synthetic_mean_origin_destination_zone_share_plus_uniform_noise_0p05,2026072401
22,8,415,399,4.000000,0.72374424,2.89497694,1.10502306,0.85454955,0.53678249,synthetic_mean_origin_destination_zone_share_plus_uniform_noise_0p05,2026072401
22,10,415,402,4.000000,0.58622282,2.34489127,1.65510873,0.85454955,0.26153531,synthetic_mean_origin_destination_zone_share_plus_uniform_noise_0p05,2026072401
22,11,415,403,4.000000,0.54543447,2.18173788,1.81826212,0.85454955,0.24383339,synthetic_mean_origin_destination_zone_share_plus_uniform_noise_0p05,2026072401
22,12,415,404,3.000000,0.53086131,1.59258394,1.40741606,0.85454955,0.24039549,synthetic_mean_origin_destination_zone_share_plus_uniform_noise_0p05,2026072401
22,13,415,405,7.000000,0.70172818,4.91209724,2.08790276,0.85454955,0.51499876,synthetic_mean_origin_destination_zone_share_plus_uniform_noise_0p05,2026072401
22,14,415,406,18.000000,0.44103733,7.93867202,10.06132798,0.85454955,0.06710322,synthetic_mean_origin_destination_zone_share_plus_uniform_noise_0p05,2026072401
22,15,415,407,1.000000,0.52820825,0.52820825,0.47179175,0.85454955,0.16299935,synthetic_mean_origin_destination_zone_share_plus_uniform_noise_0p05,2026072401
22,16,415,408,1.000000,0.54544003,0.54544003,0.45455997,0.85454955,0.27291615,synthetic_mean_origin_destination_zone_share_plus_uniform_noise_0p05,2026072401
22,17,415,409,1.000000,0.51829813,0.51829813,0.48170187,0.85454955,0.24437834,synthetic_mean_origin_destination_zone_share_plus_uniform_noise_0p05,2026072401
22,18,415,410,2.000000,0.55860572,1.11721145,0.88278855,0.85454955,0.31395496,synthetic_mean_origin_destination_zone_share_plus_uniform_noise_0p05,2026072401
22,19,415,412,5.000000,0.53772469,2.68862347,2.31137653,0.85454955,0.29900358,synthetic_mean_origin_destination_zone_share_plus_uniform_noise_0p05,2026072401
22,20,415,413,5.000000,0.54130409,2.70652043,2.29347957,0.85454955,0.22464177,synthetic_mean_origin_destination_zone_share_plus_uniform_noise_0p05,2026072401
22,21,415,414,3.000000,0.55203397,1.65610192,1.34389808,0.85454955,0.33353233,synthetic_mean_origin_destination_zone_share_plus_uniform_noise_0p05,2026072401
22,23,415,416,2.000000,0.56869168,1.13738337,0.86261663,0.85454955,0.25559332,synthetic_mean_origin_destination_zone_share_plus_uniform_noise_0p05,2026072401
22,24,415,417,1.000000,0.55728997,0.55728997,0.44271003,0.85454955,0.23797094,synthetic_mean_origin_destination_zone_share_plus_uniform_noise_0p05,2026072401
22,25,415,418,3.000000,0.65974060,1.97922181,1.02077819,0.85454955,0.41743330,synthetic_mean_origin_destination_zone_share_plus_uniform_noise_0p05,2026072401
22,26,415,419,16.000000,0.75197202,12.03155229,3.96844771,0.85454955,0.69803216,synthetic_mean_origin_destination_zone_share_plus_uniform_noise_0p05,2026072401
22,27,415,420,7.000000,0.65057692,4.55403841,2.44596159,0.85454955,0.49510182,synthetic_mean_origin_destination_zone_share_plus_uniform_noise_0p05,2026072401
22,28,415,421,9.000000,0.51676632,4.65089684,4.34910316,0.85454955,0.17701773,synthetic_mean_origin_destination_zone_share_plus_uniform_noise_0p05,2026072401
22,29,415,423,2.000000,0.56109809,1.12219618,0.87780382,0.85454955,0.30008886,synthetic_mean_origin_destination_zone_share_plus_uniform_noise_0p05,2026072401
23,6,416,397,1.000000,0.23352911,0.23352911,0.76647089,0.25559332,0.24642650,synthetic_mean_origin_destination_zone_share_plus_uniform_noise_0p05,2026072401
23,8,416,399,1.000000,0.41514063,0.41514063,0.58485937,0.25559332,0.53678249,synthetic_mean_origin_destination_zone_share_plus_uniform_noise_0p05,2026072401
23,10,416,402,2.000000,0.26446091,0.52892182,1.47107818,0.25559332,0.26153531,synthetic_mean_origin_destination_zone_share_plus_uniform_noise_0p05,2026072401
23,11,416,403,2.000000,0.26644995,0.53289990,1.46710010,0.25559332,0.24383339,synthetic_mean_origin_destination_zone_share_plus_uniform_noise_0p05,2026072401
23,12,416,404,9.000000,0.27289442,2.45604980,6.54395020,0.25559332,0.24039549,synthetic_mean_origin_destination_zone_share_plus_uniform_noise_0p05,2026072401
23,13,416,405,11.000000,0.36738325,4.04121572,6.95878428,0.25559332,0.51499876,synthetic_mean_origin_destination_zone_share_plus_uniform_noise_0p05,2026072401
23,14,416,406,5.000000,0.11172198,0.55860989,4.44139011,0.25559332,0.06710322,synthetic_mean_origin_destination_zone_share_plus_uniform_noise_0p05,2026072401
23,19,416,412,1.000000,0.32030003,0.32030003,0.67969997,0.25559332,0.29900358,synthetic_mean_origin_destination_zone_share_plus_uniform_noise_0p05,2026072401
23,20,416,413,6.000000,0.23006265,1.38037590,4.61962410,0.25559332,0.22464177,synthetic_mean_origin_destination_zone_share_plus_uniform_noise_0p05,2026072401
23,21,416,414,2.000000,0.29755947,0.59511894,1.40488106,0.25559332,0.33353233,synthetic_mean_origin_destination_zone_share_plus_uniform_noise_0p05,2026072401
23,22,416,415,3.000000,0.52169088,1.56507264,1.43492736,0.25559332,0.85454955,synthetic_mean_origin_destination_zone_share_plus_uniform_noise_0p05,2026072401
23,24,416,417,4.000000,0.28454841,1.13819363,2.86180637,0.25559332,0.23797094,synthetic_mean_origin_destination_zone_share_plus_uniform_noise_0p05,2026072401
23,25,416,418,1.000000,0.37692748,0.37692748,0.62307252,0.25559332,0.41743330,synthetic_mean_origin_destination_zone_share_plus_uniform_noise_0p05,2026072401
23,26,416,419,5.000000,0.43643253,2.18216264,2.81783736,0.25559332,0.69803216,synthetic_mean_origin_destination_zone_share_plus_uniform_noise_0p05,2026072401
24,8,417,399,1.000000,0.34142900,0.34142900,0.65857100,0.23797094,0.53678249,synthetic_mean_origin_destination_zone_share_plus_uniform_noise_0p05,2026072401
24,10,417,402,1.000000,0.21105163,0.21105163,0.78894837,0.23797094,0.26153531,synthetic_mean_origin_destination_zone_share_plus_uniform_noise_0p05,2026072401
24,12,417,404,1.000000,0.21402750,0.21402750,0.78597250,0.23797094,0.24039549,synthetic_mean_origin_destination_zone_share_plus_uniform_noise_0p05,2026072401
24,13,417,405,3.000000,0.36990885,1.10972654,1.89027346,0.23797094,0.51499876,synthetic_mean_origin_destination_zone_share_plus_uniform_noise_0p05,2026072401
24,14,417,406,3.000000,0.14854378,0.44563133,2.55436867,0.23797094,0.06710322,synthetic_mean_origin_destination_zone_share_plus_uniform_noise_0p05,2026072401
24,15,417,407,2.000000,0.18359809,0.36719619,1.63280381,0.23797094,0.16299935,synthetic_mean_origin_destination_zone_share_plus_uniform_noise_0p05,2026072401
24,19,417,412,3.000000,0.23385149,0.70155448,2.29844552,0.23797094,0.29900358,synthetic_mean_origin_destination_zone_share_plus_uniform_noise_0p05,2026072401
24,20,417,413,1.000000,0.18417067,0.18417067,0.81582933,0.23797094,0.22464177,synthetic_mean_origin_destination_zone_share_plus_uniform_noise_0p05,2026072401
24,21,417,414,1.000000,0.31285440,0.31285440,0.68714560,0.23797094,0.33353233,synthetic_mean_origin_destination_zone_share_plus_uniform_noise_0p05,2026072401
24,22,417,415,1.000000,0.57631320,0.57631320,0.42368680,0.23797094,0.85454955,synthetic_mean_origin_destination_zone_share_plus_uniform_noise_0p05,2026072401
24,23,417,416,2.000000,0.22529588,0.45059176,1.54940824,0.23797094,0.25559332,synthetic_mean_origin_destination_zone_share_plus_uniform_noise_0p05,2026072401
24,25,417,418,1.000000,0.32151951,0.32151951,0.67848049,0.23797094,0.41743330,synthetic_mean_origin_destination_zone_share_plus_uniform_noise_0p05,2026072401
24,26,417,419,5.000000,0.45774270,2.28871349,2.71128651,0.23797094,0.69803216,synthetic_mean_origin_destination_zone_share_plus_uniform_noise_0p05,2026072401
24,27,417,420,1.000000,0.33009544,0.33009544,0.66990456,0.23797094,0.49510182,synthetic_mean_origin_destination_zone_share_plus_uniform_noise_0p05,2026072401
24,28,417,421,1.000000,0.24027523,0.24027523,0.75972477,0.23797094,0.17701773,synthetic_mean_origin_destination_zone_share_plus_uniform_noise_0p05,2026072401
24,29,417,423,1.000000,0.26704247,0.26704247,0.73295753,0.23797094,0.30008886,synthetic_mean_origin_destination_zone_share_plus_uniform_noise_0p05,2026072401
25,2,418,393,1.000000,0.27864447,0.27864447,0.72135553,0.41743330,0.15934061,synthetic_mean_origin_destination_zone_share_plus_uniform_noise_0p05,2026072401
25,3,418,394,5.000000,0.31742544,1.58712720,3.41287280,0.41743330,0.23830746,synthetic_mean_origin_destination_zone_share_plus_uniform_noise_0p05,2026072401
25,4,418,395,1.000000,0.36097583,0.36097583,0.63902417,0.41743330,0.22055417,synthetic_mean_origin_destination_zone_share_plus_uniform_noise_0p05,2026072401
25,8,418,399,1.000000,0.44656368,0.44656368,0.55343632,0.41743330,0.53678249,synthetic_mean_origin_destination_zone_share_plus_uniform_noise_0p05,2026072401
25,10,418,402,1.000000,0.36763583,0.36763583,0.63236417,0.41743330,0.26153531,synthetic_mean_origin_destination_zone_share_plus_uniform_noise_0p05,2026072401
25,13,418,405,1.000000,0.47313909,0.47313909,0.52686091,0.41743330,0.51499876,synthetic_mean_origin_destination_zone_share_plus_uniform_noise_0p05,2026072401
25,14,418,406,1.000000,0.22620280,0.22620280,0.77379720,0.41743330,0.06710322,synthetic_mean_origin_destination_zone_share_plus_uniform_noise_0p05,2026072401
25,19,418,412,1.000000,0.39314323,0.39314323,0.60685677,0.41743330,0.29900358,synthetic_mean_origin_destination_zone_share_plus_uniform_noise_0p05,2026072401
25,20,418,413,2.000000,0.28853383,0.57706766,1.42293234,0.41743330,0.22464177,synthetic_mean_origin_destination_zone_share_plus_uniform_noise_0p05,2026072401
25,21,418,414,1.000000,0.39979435,0.39979435,0.60020565,0.41743330,0.33353233,synthetic_mean_origin_destination_zone_share_plus_uniform_noise_0p05,2026072401
25,22,418,415,1.000000,0.59221502,0.59221502,0.40778498,0.41743330,0.85454955,synthetic_mean_origin_destination_zone_share_plus_uniform_noise_0p05,2026072401
25,23,418,416,1.000000,0.35424661,0.35424661,0.64575339,0.41743330,0.25559332,synthetic_mean_origin_destination_zone_share_plus_uniform_noise_0p05,2026072401
25,24,418,417,2.000000,0.37314960,0.74629920,1.25370080,0.41743330,0.23797094,synthetic_mean_origin_destination_zone_share_plus_uniform_noise_0p05,2026072401
25,26,418,419,13.000000,0.52137306,6.77784979,6.22215021,0.41743330,0.69803216,synthetic_mean_origin_destination_zone_share_plus_uniform_noise_0p05,2026072401
25,27,418,420,3.000000,0.41222813,1.23668439,1.76331561,0.41743330,0.49510182,synthetic_mean_origin_destination_zone_share_plus_uniform_noise_0p05,2026072401
25,28,418,421,3.000000,0.27480977,0.82442932,2.17557068,0.41743330,0.17701773,synthetic_mean_origin_destination_zone_share_plus_uniform_noise_0p05,2026072401
26,1,419,392,2.000000,0.70257301,1.40514603,0.59485397,0.69803216,0.73741142,synthetic_mean_origin_destination_zone_share_plus_uniform_noise_0p05,2026072401
26,2,419,393,8.000000,0.40148226,3.21185805,4.78814195,0.69803216,0.15934061,synthetic_mean_origin_destination_zone_share_plus_uniform_noise_0p05,2026072401
26,3,419,394,6.000000,0.49719307,2.98315844,3.01684156,0.69803216,0.23830746,synthetic_mean_origin_destination_zone_share_plus_uniform_noise_0p05,2026072401
26,4,419,395,5.000000,0.42078015,2.10390076,2.89609924,0.69803216,0.22055417,synthetic_mean_origin_destination_zone_share_plus_uniform_noise_0p05,2026072401
26,5,419,396,3.000000,0.50247107,1.50741320,1.49258680,0.69803216,0.36887416,synthetic_mean_origin_destination_zone_share_plus_uniform_noise_0p05,2026072401
26,6,419,397,6.000000,0.43205268,2.59231609,3.40768391,0.69803216,0.24642650,synthetic_mean_origin_destination_zone_share_plus_uniform_noise_0p05,2026072401
26,7,419,398,2.000000,0.61507116,1.23014232,0.76985768,0.69803216,0.60468921,synthetic_mean_origin_destination_zone_share_plus_uniform_noise_0p05,2026072401
26,8,419,399,12.000000,0.64950438,7.79405254,4.20594746,0.69803216,0.53678249,synthetic_mean_origin_destination_zone_share_plus_uniform_noise_0p05,2026072401
26,9,419,401,1.000000,0.39659364,0.39659364,0.60340636,0.69803216,0.07110743,synthetic_mean_origin_destination_zone_share_plus_uniform_noise_0p05,2026072401
26,10,419,402,6.000000,0.44148775,2.64892647,3.35107353,0.69803216,0.26153531,synthetic_mean_origin_destination_zone_share_plus_uniform_noise_0p05,2026072401
26,11,419,403,3.000000,0.46379314,1.39137941,1.60862059,0.69803216,0.24383339,synthetic_mean_origin_destination_zone_share_plus_uniform_noise_0p05,2026072401
26,12,419,404,8.000000,0.42728888,3.41831105,4.58168895,0.69803216,0.24039549,synthetic_mean_origin_destination_zone_share_plus_uniform_noise_0p05,2026072401
26,13,419,405,3.000000,0.59512584,1.78537752,1.21462248,0.69803216,0.51499876,synthetic_mean_origin_destination_zone_share_plus_uniform_noise_0p05,2026072401
26,14,419,406,9.000000,0.41317246,3.71855211,5.28144789,0.69803216,0.06710322,synthetic_mean_origin_destination_zone_share_plus_uniform_noise_0p05,2026072401
26,15,419,407,1.000000,0.45283274,0.45283274,0.54716726,0.69803216,0.16299935,synthetic_mean_origin_destination_zone_share_plus_uniform_noise_0p05,2026072401
26,16,419,408,1.000000,0.44140248,0.44140248,0.55859752,0.69803216,0.27291615,synthetic_mean_origin_destination_zone_share_plus_uniform_noise_0p05,2026072401
26,17,419,409,3.000000,0.47439576,1.42318728,1.57681272,0.69803216,0.24437834,synthetic_mean_origin_destination_zone_share_plus_uniform_noise_0p05,2026072401
26,18,419,410,7.000000,0.52019230,3.64134611,3.35865389,0.69803216,0.31395496,synthetic_mean_origin_destination_zone_share_plus_uniform_noise_0p05,2026072401
26,19,419,412,15.000000,0.46808731,7.02130964,7.97869036,0.69803216,0.29900358,synthetic_mean_origin_destination_zone_share_plus_uniform_noise_0p05,2026072401
26,20,419,413,30.000000,0.50231175,15.06935239,14.93064761,0.69803216,0.22464177,synthetic_mean_origin_destination_zone_share_plus_uniform_noise_0p05,2026072401
26,21,419,414,15.000000,0.49852777,7.47791654,7.52208346,0.69803216,0.33353233,synthetic_mean_origin_destination_zone_share_plus_uniform_noise_0p05,2026072401
26,22,419,415,10.000000,0.75344398,7.53443984,2.46556016,0.69803216,0.85454955,synthetic_mean_origin_destination_zone_share_plus_uniform_noise_0p05,2026072401
26,23,419,416,3.000000,0.47880776,1.43642327,1.56357673,0.69803216,0.25559332,synthetic_mean_origin_destination_zone_share_plus_uniform_noise_0p05,2026072401
26,24,419,417,5.000000,0.48289964,2.41449818,2.58550182,0.69803216,0.23797094,synthetic_mean_origin_destination_zone_share_plus_uniform_noise_0p05,2026072401
26,25,419,418,9.000000,0.52552238,4.72970141,4.27029859,0.69803216,0.41743330,synthetic_mean_origin_destination_zone_share_plus_uniform_noise_0p05,2026072401
26,27,419,420,34.000000,0.62225420,21.15664275,12.84335725,0.69803216,0.49510182,synthetic_mean_origin_destination_zone_share_plus_uniform_noise_0p05,2026072401
26,28,419,421,20.000000,0.42602349,8.52046977,11.47953023,0.69803216,0.17701773,synthetic_mean_origin_destination_zone_share_plus_uniform_noise_0p05,2026072401
26,29,419,423,3.000000,0.51711312,1.55133935,1.44866065,0.69803216,0.30008886,synthetic_mean_origin_destination_zone_share_plus_uniform_noise_0p05,2026072401
26,30,419,424,1.000000,0.51595011,0.51595011,0.48404989,0.69803216,0.39780414,synthetic_mean_origin_destination_zone_share_plus_uniform_noise_0p05,2026072401
27,2,420,393,3.000000,0.35235203,1.05705609,1.94294391,0.49510182,0.15934061,synthetic_mean_origin_destination_zone_share_plus_uniform_noise_0p05,2026072401
27,3,420,394,1.000000,0.38502359,0.38502359,0.61497641,0.49510182,0.23830746,synthetic_mean_origin_destination_zone_share_plus_uniform_noise_0p05,2026072401
27,4,420,395,6.000000,0.31637225,1.89823352,4.10176648,0.49510182,0.22055417,synthetic_mean_origin_destination_zone_share_plus_uniform_noise_0p05,2026072401
27,5,420,396,1.000000,0.42994686,0.42994686,0.57005314,0.49510182,0.36887416,synthetic_mean_origin_destination_zone_share_plus_uniform_noise_0p05,2026072401
27,6,420,397,4.000000,0.39442985,1.57771940,2.42228060,0.49510182,0.24642650,synthetic_mean_origin_destination_zone_share_plus_uniform_noise_0p05,2026072401
27,8,420,399,2.000000,0.47819491,0.95638981,1.04361019,0.49510182,0.53678249,synthetic_mean_origin_destination_zone_share_plus_uniform_noise_0p05,2026072401
27,10,420,402,1.000000,0.42235974,0.42235974,0.57764026,0.49510182,0.26153531,synthetic_mean_origin_destination_zone_share_plus_uniform_noise_0p05,2026072401
27,11,420,403,1.000000,0.41218460,0.41218460,0.58781540,0.49510182,0.24383339,synthetic_mean_origin_destination_zone_share_plus_uniform_noise_0p05,2026072401
27,12,420,404,1.000000,0.38735665,0.38735665,0.61264335,0.49510182,0.24039549,synthetic_mean_origin_destination_zone_share_plus_uniform_noise_0p05,2026072401
27,13,420,405,2.000000,0.48377382,0.96754764,1.03245236,0.49510182,0.51499876,synthetic_mean_origin_destination_zone_share_plus_uniform_noise_0p05,2026072401
27,14,420,406,4.000000,0.25358597,1.01434389,2.98565611,0.49510182,0.06710322,synthetic_mean_origin_destination_zone_share_plus_uniform_noise_0p05,2026072401
27,16,420,408,1.000000,0.41770358,0.41770358,0.58229642,0.49510182,0.27291615,synthetic_mean_origin_destination_zone_share_plus_uniform_noise_0p05,2026072401
27,17,420,409,1.000000,0.36214935,0.36214935,0.63785065,0.49510182,0.24437834,synthetic_mean_origin_destination_zone_share_plus_uniform_noise_0p05,2026072401
27,18,420,410,3.000000,0.38672882,1.16018647,1.83981353,0.49510182,0.31395496,synthetic_mean_origin_destination_zone_share_plus_uniform_noise_0p05,2026072401
27,19,420,412,3.000000,0.44656909,1.33970726,1.66029274,0.49510182,0.29900358,synthetic_mean_origin_destination_zone_share_plus_uniform_noise_0p05,2026072401
27,20,420,413,11.000000,0.32025343,3.52278776,7.47721224,0.49510182,0.22464177,synthetic_mean_origin_destination_zone_share_plus_uniform_noise_0p05,2026072401
27,21,420,414,6.000000,0.46075856,2.76455137,3.23544863,0.49510182,0.33353233,synthetic_mean_origin_destination_zone_share_plus_uniform_noise_0p05,2026072401
27,22,420,415,4.000000,0.69450066,2.77800265,1.22199735,0.49510182,0.85454955,synthetic_mean_origin_destination_zone_share_plus_uniform_noise_0p05,2026072401
27,25,420,418,2.000000,0.45929280,0.91858560,1.08141440,0.49510182,0.41743330,synthetic_mean_origin_destination_zone_share_plus_uniform_noise_0p05,2026072401
27,26,420,419,35.000000,0.59837444,20.94310533,14.05689467,0.49510182,0.69803216,synthetic_mean_origin_destination_zone_share_plus_uniform_noise_0p05,2026072401
27,28,420,421,10.000000,0.31241548,3.12415477,6.87584523,0.49510182,0.17701773,synthetic_mean_origin_destination_zone_share_plus_uniform_noise_0p05,2026072401
27,29,420,423,2.000000,0.35939763,0.71879526,1.28120474,0.49510182,0.30008886,synthetic_mean_origin_destination_zone_share_plus_uniform_noise_0p05,2026072401
28,1,421,392,3.000000,0.42085376,1.26256129,1.73743871,0.17701773,0.73741142,synthetic_mean_origin_destination_zone_share_plus_uniform_noise_0p05,2026072401
28,2,421,393,3.000000,0.21643751,0.64931253,2.35068747,0.17701773,0.15934061,synthetic_mean_origin_destination_zone_share_plus_uniform_noise_0p05,2026072401
28,3,421,394,10.000000,0.20315210,2.03152103,7.96847897,0.17701773,0.23830746,synthetic_mean_origin_destination_zone_share_plus_uniform_noise_0p05,2026072401
28,4,421,395,3.000000,0.15900195,0.47700585,2.52299415,0.17701773,0.22055417,synthetic_mean_origin_destination_zone_share_plus_uniform_noise_0p05,2026072401
28,5,421,396,3.000000,0.31498405,0.94495215,2.05504785,0.17701773,0.36887416,synthetic_mean_origin_destination_zone_share_plus_uniform_noise_0p05,2026072401
28,6,421,397,6.000000,0.21931078,1.31586469,4.68413531,0.17701773,0.24642650,synthetic_mean_origin_destination_zone_share_plus_uniform_noise_0p05,2026072401
28,7,421,398,5.000000,0.41325382,2.06626908,2.93373092,0.17701773,0.60468921,synthetic_mean_origin_destination_zone_share_plus_uniform_noise_0p05,2026072401
28,8,421,399,6.000000,0.36460452,2.18762713,3.81237287,0.17701773,0.53678249,synthetic_mean_origin_destination_zone_share_plus_uniform_noise_0p05,2026072401
28,10,421,402,1.000000,0.22990082,0.22990082,0.77009918,0.17701773,0.26153531,synthetic_mean_origin_destination_zone_share_plus_uniform_noise_0p05,2026072401
28,11,421,403,1.000000,0.23699679,0.23699679,0.76300321,0.17701773,0.24383339,synthetic_mean_origin_destination_zone_share_plus_uniform_noise_0p05,2026072401
28,12,421,404,4.000000,0.20569794,0.82279176,3.17720824,0.17701773,0.24039549,synthetic_mean_origin_destination_zone_share_plus_uniform_noise_0p05,2026072401
28,13,421,405,2.000000,0.31975938,0.63951876,1.36048124,0.17701773,0.51499876,synthetic_mean_origin_destination_zone_share_plus_uniform_noise_0p05,2026072401
28,14,421,406,7.000000,0.13338386,0.93368705,6.06631295,0.17701773,0.06710322,synthetic_mean_origin_destination_zone_share_plus_uniform_noise_0p05,2026072401
28,15,421,407,1.000000,0.12003754,0.12003754,0.87996246,0.17701773,0.16299935,synthetic_mean_origin_destination_zone_share_plus_uniform_noise_0p05,2026072401
28,16,421,408,1.000000,0.26670511,0.26670511,0.73329489,0.17701773,0.27291615,synthetic_mean_origin_destination_zone_share_plus_uniform_noise_0p05,2026072401
28,17,421,409,2.000000,0.20973203,0.41946405,1.58053595,0.17701773,0.24437834,synthetic_mean_origin_destination_zone_share_plus_uniform_noise_0p05,2026072401
28,18,421,410,6.000000,0.26431128,1.58586770,4.41413230,0.17701773,0.31395496,synthetic_mean_origin_destination_zone_share_plus_uniform_noise_0p05,2026072401
28,19,421,412,10.000000,0.20611177,2.06111772,7.93888228,0.17701773,0.29900358,synthetic_mean_origin_destination_zone_share_plus_uniform_noise_0p05,2026072401
28,20,421,413,17.000000,0.22363285,3.80175848,13.19824152,0.17701773,0.22464177,synthetic_mean_origin_destination_zone_share_plus_uniform_noise_0p05,2026072401
28,21,421,414,6.000000,0.30080223,1.80481337,4.19518663,0.17701773,0.33353233,synthetic_mean_origin_destination_zone_share_plus_uniform_noise_0p05,2026072401
28,22,421,415,5.000000,0.52769746,2.63848732,2.36151268,0.17701773,0.85454955,synthetic_mean_origin_destination_zone_share_plus_uniform_noise_0p05,2026072401
28,23,421,416,1.000000,0.18908951,0.18908951,0.81091049,0.17701773,0.25559332,synthetic_mean_origin_destination_zone_share_plus_uniform_noise_0p05,2026072401
28,24,421,417,1.000000,0.23340874,0.23340874,0.76659126,0.17701773,0.23797094,synthetic_mean_origin_destination_zone_share_plus_uniform_noise_0p05,2026072401
28,25,421,418,3.000000,0.25970944,0.77912831,2.22087169,0.17701773,0.41743330,synthetic_mean_origin_destination_zone_share_plus_uniform_noise_0p05,2026072401
28,26,421,419,22.000000,0.48029983,10.56659633,11.43340367,0.17701773,0.69803216,synthetic_mean_origin_destination_zone_share_plus_uniform_noise_0p05,2026072401
28,27,421,420,9.000000,0.31713881,2.85424932,6.14575068,0.17701773,0.49510182,synthetic_mean_origin_destination_zone_share_plus_uniform_noise_0p05,2026072401
28,29,421,423,7.000000,0.27136080,1.89952563,5.10047437,0.17701773,0.30008886,synthetic_mean_origin_destination_zone_share_plus_uniform_noise_0p05,2026072401
28,30,421,424,1.000000,0.25279294,0.25279294,0.74720706,0.17701773,0.39780414,synthetic_mean_origin_destination_zone_share_plus_uniform_noise_0p05,2026072401
29,1,423,392,1.000000,0.55070186,0.55070186,0.44929814,0.30008886,0.73741142,synthetic_mean_origin_destination_zone_share_plus_uniform_noise_0p05,2026072401
29,2,423,393,2.000000,0.27371476,0.54742952,1.45257048,0.30008886,0.15934061,synthetic_mean_origin_destination_zone_share_plus_uniform_noise_0p05,2026072401
29,3,423,394,3.000000,0.23699812,0.71099435,2.28900565,0.30008886,0.23830746,synthetic_mean_origin_destination_zone_share_plus_uniform_noise_0p05,2026072401
29,4,423,395,6.000000,0.26433664,1.58601983,4.41398017,0.30008886,0.22055417,synthetic_mean_origin_destination_zone_share_plus_uniform_noise_0p05,2026072401
29,5,423,396,3.000000,0.31839973,0.95519919,2.04480081,0.30008886,0.36887416,synthetic_mean_origin_destination_zone_share_plus_uniform_noise_0p05,2026072401
29,6,423,397,6.000000,0.24925682,1.49554089,4.50445911,0.30008886,0.24642650,synthetic_mean_origin_destination_zone_share_plus_uniform_noise_0p05,2026072401
29,7,423,398,5.000000,0.43170481,2.15852404,2.84147596,0.30008886,0.60468921,synthetic_mean_origin_destination_zone_share_plus_uniform_noise_0p05,2026072401
29,8,423,399,4.000000,0.36952057,1.47808227,2.52191773,0.30008886,0.53678249,synthetic_mean_origin_destination_zone_share_plus_uniform_noise_0p05,2026072401
29,10,423,402,2.000000,0.29717254,0.59434508,1.40565492,0.30008886,0.26153531,synthetic_mean_origin_destination_zone_share_plus_uniform_noise_0p05,2026072401
29,14,423,406,1.000000,0.16729145,0.16729145,0.83270855,0.30008886,0.06710322,synthetic_mean_origin_destination_zone_share_plus_uniform_noise_0p05,2026072401
29,17,423,409,2.000000,0.27740861,0.55481721,1.44518279,0.30008886,0.24437834,synthetic_mean_origin_destination_zone_share_plus_uniform_noise_0p05,2026072401
29,18,423,410,5.000000,0.35082680,1.75413398,3.24586602,0.30008886,0.31395496,synthetic_mean_origin_destination_zone_share_plus_uniform_noise_0p05,2026072401
29,19,423,412,6.000000,0.31341439,1.88048637,4.11951363,0.30008886,0.29900358,synthetic_mean_origin_destination_zone_share_plus_uniform_noise_0p05,2026072401
29,20,423,413,12.000000,0.29573898,3.54886776,8.45113224,0.30008886,0.22464177,synthetic_mean_origin_destination_zone_share_plus_uniform_noise_0p05,2026072401
29,21,423,414,2.000000,0.35968499,0.71936998,1.28063002,0.30008886,0.33353233,synthetic_mean_origin_destination_zone_share_plus_uniform_noise_0p05,2026072401
29,26,423,419,4.000000,0.50446003,2.01784013,1.98215987,0.30008886,0.69803216,synthetic_mean_origin_destination_zone_share_plus_uniform_noise_0p05,2026072401
29,27,423,420,1.000000,0.44457453,0.44457453,0.55542547,0.30008886,0.49510182,synthetic_mean_origin_destination_zone_share_plus_uniform_noise_0p05,2026072401
29,28,423,421,6.000000,0.25821686,1.54930118,4.45069882,0.30008886,0.17701773,synthetic_mean_origin_destination_zone_share_plus_uniform_noise_0p05,2026072401
29,30,423,424,2.000000,0.34207451,0.68414903,1.31585097,0.30008886,0.39780414,synthetic_mean_origin_destination_zone_share_plus_uniform_noise_0p05,2026072401
30,4,424,395,1.000000,0.29400933,0.29400933,0.70599067,0.39780414,0.22055417,synthetic_mean_origin_destination_zone_share_plus_uniform_noise_0p05,2026072401
30,5,424,396,1.000000,0.36648854,0.36648854,0.63351146,0.39780414,0.36887416,synthetic_mean_origin_destination_zone_share_plus_uniform_noise_0p05,2026072401
30,6,424,397,2.000000,0.33775948,0.67551897,1.32448103,0.39780414,0.24642650,synthetic_mean_origin_destination_zone_share_plus_uniform_noise_0p05,2026072401
30,8,424,399,1.000000,0.43833798,0.43833798,0.56166202,0.39780414,0.53678249,synthetic_mean_origin_destination_zone_share_plus_uniform_noise_0p05,2026072401
30,14,424,406,2.000000,0.23220162,0.46440324,1.53559676,0.39780414,0.06710322,synthetic_mean_origin_destination_zone_share_plus_uniform_noise_0p05,2026072401
30,19,424,412,1.000000,0.36348163,0.36348163,0.63651837,0.39780414,0.29900358,synthetic_mean_origin_destination_zone_share_plus_uniform_noise_0p05,2026072401
30,20,424,413,2.000000,0.33014596,0.66029193,1.33970807,0.39780414,0.22464177,synthetic_mean_origin_destination_zone_share_plus_uniform_noise_0p05,2026072401
30,26,424,419,2.000000,0.55698638,1.11397277,0.88602723,0.39780414,0.69803216,synthetic_mean_origin_destination_zone_share_plus_uniform_noise_0p05,2026072401
30,29,424,423,2.000000,0.39424809,0.78849618,1.21150382,0.39780414,0.30008886,synthetic_mean_origin_destination_zone_share_plus_uniform_noise_0p05,2026072401
