od,origin,destination,original_origin,original_destination,demand,pi_w,protected_demand,unprotected_demand,z_value,covered,u_w,service_capacity_ratio,path_length,shortest_length,detour_cap,model_uncovered_length,uncovered_cap_if_required,reference_path_used
1->14,1,14,392,406,3.0,0.85,2.55,0.45000000000000007,0.0,False,1.0,0.0,2465.8112727303333,2265.516877593976,2718.620253112771,1230.6960484629412,453.10337551879525,True
1->15,1,15,392,407,2.0,0.85,1.7,0.30000000000000004,0.0,False,1.0,0.0,2082.832898141219,1954.721992141428,2345.6663905697137,707.0165909758571,390.94439842828564,True
1->16,1,16,392,408,1.0,0.85,0.85,0.15000000000000002,0.0,False,1.0,0.0,1836.1949138178338,1828.267624468033,2193.9211493616394,901.3269975880049,365.65352489360663,True
1->17,1,17,392,409,2.0,0.85,1.7,0.30000000000000004,0.0,False,1.0,0.0,1496.8937106286878,1455.26214344357,1746.314572132284,653.0649568269517,291.05242868871403,True
1->18,1,18,392,410,1.0,0.85,0.85,0.15000000000000002,0.0,False,1.0,0.0,1578.701208904545,1578.701208904545,1894.441450685454,707.924912262152,315.740241780909,True
1->19,1,19,392,412,1.0,0.85,0.85,0.15000000000000002,0.0,False,1.0,0.0,1328.730208904545,1328.730208904545,1594.4762506854538,707.9249122621519,265.746041780909,True
1->2,1,2,392,393,2.0,0.85,1.7,0.30000000000000004,0.0,False,1.0,0.0,578.079082254146,529.818049236598,635.7816590839176,180.70796473693707,105.9636098473196,True
1->20,1,20,392,413,1.0,0.85,0.85,0.15000000000000002,1.0,True,0.17165797449145825,0.8283420255085417,1181.9000346844198,1061.69118002923,1274.029416035076,182.2477574992638,212.33823600584603,False
1->24,1,24,392,417,1.0,0.85,0.85,0.15000000000000002,0.0,False,1.0,0.0,2250.2647665554287,2032.375680183543,2438.8508162202515,562.6169720491516,406.4751360367086,True
1->26,1,26,392,419,2.0,0.85,1.7,0.30000000000000004,1.0,True,0.17315769442999676,0.8268423055700033,2002.330973488463,1730.0705855462556,2076.0847026555066,299.5750337943441,346.0141171092512,False
1->28,1,28,392,421,2.0,0.85,1.7,0.30000000000000004,0.0,False,1.0,0.0,1342.818531576168,1257.1445213119498,1508.5734255743398,887.8206167145729,251.42890426238998,True
1->29,1,29,392,423,1.0,0.85,0.85,0.15000000000000002,0.0,False,1.0,0.0,1013.905,1013.905,1216.686,839.3009999999999,202.781,True
1->3,1,3,392,394,8.0,0.85,6.8,1.2000000000000002,1.0,True,0.061529297421688715,0.9384707025783113,957.315385892906,909.4529329092419,1091.3435194910903,55.957999999999856,181.8905865818484,False
1->4,1,4,392,395,3.0,0.85,2.55,0.45000000000000007,0.0,False,1.0,0.0,824.2756463633181,762.944912262152,915.5338947145824,459.8875288461091,152.5889824524304,True
1->5,1,5,392,396,1.0,0.85,0.85,0.15000000000000002,0.0,False,1.0,0.0,1107.098178691521,934.76214344357,1121.714572132284,710.841178691521,186.952428688714,True
1->6,1,6,392,397,4.0,0.85,3.4,0.6000000000000001,0.0,False,1.0,0.0,1413.4789598186778,1296.204187629811,1555.4450251557732,1031.553593334473,259.2408375259622,True
1->7,1,7,392,398,3.0,0.85,2.55,0.45000000000000007,0.0,False,1.0,0.0,1289.4488208016157,1289.4488208016157,1547.3385849619387,401.8078516769126,257.8897641603232,True
1->8,1,8,392,399,1.0,0.85,0.85,0.15000000000000002,0.0,False,1.0,0.0,2484.8315073261547,2124.8716387685236,2549.845966522228,953.8556605479828,424.97432775370476,True
1->9,1,9,392,401,1.0,0.85,0.85,0.15000000000000002,0.0,False,1.0,0.0,2235.8443638059935,2235.8443638059935,2683.013236567192,998.3493393987817,447.1688727611987,True
10->11,10,11,402,403,35.0,0.15,5.25,29.75,1.0,True,0.14855023082380156,0.8514497691761984,572.298,572.298,686.7576,85.01499999999999,114.45960000000001,False
10->12,10,12,402,404,23.0,0.15,3.4499999999999997,19.55,1.0,True,0.11886987246026531,0.8811301275397347,1065.0748518274672,1060.0919929658592,1272.1103915590309,126.01300000000015,212.01839859317184,False
10->13,10,13,402,405,14.0,0.15,2.1,11.9,1.0,True,0.1405905916901327,0.8594094083098673,1408.7684784888982,1403.1169913161282,1683.7403895793539,197.26504801961323,280.6233982632256,False
10->14,10,14,402,406,18.0,0.85,15.299999999999999,2.7,1.0,True,0.11979981014373181,0.8802001898562681,771.3130816849119,647.5089646804561,777.0107576165473,77.57145103508299,129.50179293609122,False
10->15,10,15,402,407,3.0,0.85,2.55,0.45000000000000007,1.0,True,0.09123678940244309,0.9087632105975569,850.825161203582,850.2211831777349,1020.2654198132818,77.57145103508299,170.044236635547,False
10->16,10,16,402,408,4.0,0.85,3.4,0.6000000000000001,1.0,True,0.1194849640993703,0.8805150359006297,980.180794583914,918.144403038417,1101.7732836461003,109.70445103508303,183.6288806076834,False
10->17,10,17,402,409,1.0,0.85,0.85,0.15000000000000002,1.0,True,0.15520383085672096,0.844796169143279,1294.5541079517059,1294.5541079517059,1553.464929542047,200.91975680540986,258.9108215903412,False
10->18,10,18,402,410,4.0,0.15,0.6,3.4,0.0,False,1.0,0.0,1229.299031875593,1229.299031875593,1475.1588382507116,263.2300849509729,245.85980637511864,True
10->19,10,19,402,412,3.0,0.15,0.44999999999999996,2.55,1.0,True,0.10358886778824834,0.8964111322117516,1487.36081260085,1426.3791385579962,1711.6549662695954,147.75699999999983,285.2758277115992,False
10->2,10,2,402,393,2.0,0.85,1.7,0.30000000000000004,1.0,True,0.16889656584778606,0.8311034341522139,2207.134250549871,2207.134250549871,2648.561100659845,372.7773952829002,441.4268501099742,False
10->20,10,20,402,413,5.0,0.15,0.75,4.25,1.0,True,0.1431476444515179,0.8568523555484822,1818.870203611392,1762.763138557996,2115.315766269595,252.3353910105418,352.5526277115992,False
10->21,10,21,402,414,2.0,0.85,1.7,0.30000000000000004,1.0,True,0.09008577154307187,0.9099142284569282,1628.3155109906415,1582.625064512358,1899.1500774148294,142.57199999999966,316.52501290247164,False
10->22,10,22,402,415,4.0,0.85,3.4,0.6000000000000001,1.0,True,0.11982942564833819,0.8801705743516618,1357.1885524756108,1189.791232233757,1427.7494786805084,142.57199999999966,237.95824644675142,False
10->23,10,23,402,416,1.0,0.85,0.85,0.15000000000000002,0.0,False,1.0,0.0,1916.4443842763922,1886.2684818670791,2263.5221782404947,519.9721663682903,377.25369637341583,True
10->25,10,25,402,418,1.0,0.85,0.85,0.15000000000000002,0.0,False,1.0,0.0,2219.8521486945424,1994.689045359915,2393.626854431898,766.2032578853014,398.93780907198305,True
10->26,10,26,402,419,7.0,0.85,5.95,1.0500000000000003,1.0,True,0.1706041715230623,0.8293958284769377,2288.8699190610955,2239.4470053990913,2687.3364064789093,382.05900102591477,447.8894010798183,False
10->27,10,27,402,420,3.0,0.85,2.55,0.45000000000000007,0.0,False,1.0,0.0,3441.708047122246,3044.0533723149547,3652.8640467779455,902.519136006707,608.810674462991,True
10->28,10,28,402,421,2.0,0.85,1.7,0.30000000000000004,1.0,True,0.16747518795388344,0.8325248120461166,2221.977640278163,2221.977640278163,2666.3731683337955,372.1261229349118,444.39552805563267,False
10->3,10,3,402,394,2.0,0.85,1.7,0.30000000000000004,0.0,False,1.0,0.0,3034.984291192209,2799.429549767183,3359.3154597206194,1368.340467942784,559.8859099534366,True
10->4,10,4,402,395,2.0,0.15,0.3,1.7,1.0,True,0.14034565753065864,0.8596543424693414,1956.670414937656,1956.670414937656,2348.004497925187,274.610195955212,391.33408298753125,False
10->5,10,5,402,396,3.0,0.15,0.44999999999999996,2.55,1.0,True,0.15338614644067575,0.8466138535593243,1790.3194149376561,1790.3194149376561,2148.3832979251874,274.61019595521225,358.06388298753126,False
10->6,10,6,402,397,7.0,0.15,1.05,5.95,0.0,False,1.0,0.0,1423.0235090152898,1423.0235090152898,1707.6282108183477,297.17119595521194,284.604701803058,True
10->7,10,7,402,398,3.0,0.85,2.55,0.45000000000000007,0.0,False,1.0,0.0,2458.6173785767583,2223.102843356902,2667.7234120282824,1180.9920553417483,444.62056867138045,True
10->8,10,8,402,399,35.0,0.15,5.25,29.75,1.0,True,0.16648913553038525,0.8335108644696148,1667.2199006603719,1667.2199006603719,2000.6638807924462,277.57400000000007,333.4439801320744,False
10->9,10,9,402,401,8.0,0.15,1.2,6.8,1.0,True,0.1135265794341568,0.8864734205658432,477.37719457523195,477.37719457523195,572.8526334902783,54.19499999999999,95.4754389150464,False
11->10,11,10,403,402,37.0,0.15,5.55,31.45,1.0,True,0.14855023082380156,0.8514497691761984,572.298,572.298,686.7576,85.01499999999999,114.45960000000001,False
11->12,11,12,403,404,39.0,0.15,5.85,33.15,1.0,True,0.11342833516468329,0.8865716648353167,636.304851827467,636.304851827467,763.5658221929604,72.17500000000007,127.2609703654934,False
11->13,11,13,403,405,23.0,0.15,3.4499999999999997,19.55,1.0,True,0.1463543578565237,0.8536456421434763,979.998478488898,979.998478488898,1175.9981741866775,143.42704801961293,195.9996956977796,False
11->14,11,14,403,406,24.0,0.15,3.5999999999999996,20.4,1.0,True,0.13366861024295945,0.8663313897570406,1343.6110816849123,1216.3398028868721,1459.6077634642465,162.58645103508343,243.26796057737442,False
11->15,11,15,403,407,2.0,0.15,0.3,1.7,0.0,False,1.0,0.0,1511.20473110988,1419.31319311995,1703.17583174394,396.90664615849596,283.86263862399,True
11->16,11,16,403,408,3.0,0.85,2.55,0.45000000000000007,1.0,True,0.1482262387524564,0.8517737612475436,1490.442403038417,1490.442403038417,1788.5308836461004,220.92267147955727,298.08848060768344,False
11->17,11,17,403,409,3.0,0.15,0.44999999999999996,2.55,1.0,True,0.15316411813635056,0.8468358818636494,1866.852107951706,1866.852107951706,2240.222529542047,285.9347568054102,373.37042159034127,False
11->18,11,18,403,410,4.0,0.15,0.6,3.4,1.0,True,0.17833874405763778,0.8216612559423622,1902.5626289125564,1798.3910418178082,2158.0692501813696,320.72279972229467,359.6782083635617,False
11->19,11,19,403,412,3.0,0.15,0.44999999999999996,2.55,0.0,False,1.0,0.0,1998.677138557996,1998.677138557996,2398.412566269595,648.1319334597949,399.7354277115992,True
11->2,11,2,403,393,3.0,0.15,0.44999999999999996,2.55,1.0,True,0.16470716103705438,0.8352928389629456,2779.4322505498712,2779.4322505498712,3335.3187006598455,457.7923952829001,555.8864501099742,False
11->20,11,20,403,413,5.0,0.15,0.75,4.25,0.0,False,1.0,0.0,2335.061138557996,2335.061138557996,2802.073366269595,648.1319334597954,467.0122277115992,True
11->21,11,21,403,414,3.0,0.85,2.55,0.45000000000000007,0.0,False,1.0,0.0,2420.1772189073627,2151.455902718774,2581.7470832625286,528.3558836682616,430.29118054375476,True
11->22,11,22,403,415,5.0,0.85,4.25,0.7500000000000001,1.0,True,0.1294121140780619,0.870587885921938,2039.9141987856858,1758.622070440173,2110.3464845282074,227.58700000000113,351.7244140880346,False
11->23,11,23,403,416,2.0,0.85,1.7,0.30000000000000004,1.0,True,0.17041129098116017,0.8295887090188399,1463.149969039849,1463.149969039849,1755.779962847819,249.3372751231252,292.6299938079698,False
11->26,11,26,403,419,4.0,0.85,3.4,0.6000000000000001,0.0,False,1.0,0.0,2901.8440411803026,2766.89593614156,3320.275123369872,626.1083133252446,553.379187228312,True
11->27,11,27,403,420,1.0,0.85,0.85,0.15000000000000002,0.0,False,1.0,0.0,4023.450132189959,3571.502303057423,4285.802763668908,910.8758899823897,714.3004606114846,True
11->28,11,28,403,421,1.0,0.85,0.85,0.15000000000000002,0.0,False,1.0,0.0,2884.889286935123,2791.0696502203787,3349.2835802644545,775.124040550173,558.2139300440757,True
11->3,11,3,403,394,2.0,0.15,0.3,1.7,0.0,False,1.0,0.0,3371.727549767183,3371.727549767183,4046.0730597206193,1631.6072367071054,674.3455099534367,True
11->4,11,4,403,395,3.0,0.15,0.44999999999999996,2.55,1.0,True,0.1422023279654435,0.8577976720345565,2528.9684149376562,2528.9684149376562,3034.7620979251874,359.62519595521235,505.79368298753127,False
11->5,11,5,403,396,1.0,0.15,0.15,0.85,1.0,True,0.15221474017819436,0.8477852598218056,2362.617414937656,2362.617414937656,2835.1408979251873,359.6251959552126,472.5234829875312,False
11->6,11,6,403,397,12.0,0.15,1.7999999999999998,10.2,1.0,True,0.19154115977220362,0.8084588402277963,1995.3215090152896,1995.3215090152896,2394.3858108183476,382.18619595521204,399.06430180305796,False
11->8,11,8,403,399,36.0,0.15,5.3999999999999995,30.599999999999998,1.0,True,0.16190493493848945,0.8380950650615105,2239.5179006603717,2239.5179006603717,2687.421480792446,362.58899999999994,447.90358013207435,False
11->9,11,9,403,401,9.0,0.15,1.3499999999999999,7.6499999999999995,1.0,True,0.1326219774644991,0.8673780225355009,1049.6751945752321,1049.6751945752321,1259.6102334902785,139.21000000000015,209.93503891504645,False
12->10,12,10,404,402,27.0,0.15,4.05,22.95,1.0,True,0.19455522414030282,0.8054447758596972,1080.738482878771,1060.091992965859,1272.1103915590306,206.246435300813,212.0183985931718,False
12->11,12,11,404,403,50.0,0.15,7.5,42.5,1.0,True,0.11342833516468329,0.8865716648353167,636.304851827467,636.304851827467,763.5658221929604,72.17500000000007,127.2609703654934,False
12->13,12,13,404,405,31.0,0.15,4.6499999999999995,26.349999999999998,1.0,True,0.10294724897193137,0.8970527510280686,692.1219239092029,692.1219239092029,830.5463086910435,71.25204801961286,138.4243847818406,False
12->14,12,14,404,406,25.0,0.15,3.75,21.25,1.0,True,0.1840926194859181,0.815907380514082,1067.8876570367659,1067.8876570367659,1281.465188444119,196.59023610057795,213.57753140735318,False
12->15,12,15,404,407,5.0,0.85,4.25,0.7500000000000001,1.0,True,0.1726402082389014,0.8273597917610986,1406.31755465898,1406.31755465898,1687.581065590776,242.78695548634892,281.263510931796,False
12->16,12,16,404,408,1.0,0.85,0.85,0.15000000000000002,1.0,True,0.17902243630192965,0.8209775636980703,1535.673188039312,1535.673188039312,1842.8078256471742,274.91995548634895,307.13463760786243,False
12->17,12,17,404,409,5.0,0.15,0.75,4.25,1.0,True,0.15307791278519986,0.8469220872148001,1757.2685361578929,1757.2685361578929,2108.7222433894713,268.99899971815375,351.4537072315786,False
12->18,12,18,404,410,4.0,0.15,0.6,3.4,1.0,True,0.16487544885462016,0.8351245511453799,1631.5285361578929,1631.5285361578929,1957.8342433894713,268.998999718154,326.3057072315786,False
12->19,12,19,404,412,6.0,0.15,0.8999999999999999,5.1,1.0,True,0.14297053735525342,0.8570294626447466,1881.4995361578929,1881.4995361578929,2257.7994433894714,268.998999718154,376.2999072315786,False
12->2,12,2,404,393,5.0,0.15,0.75,4.25,1.0,True,0.19288529464458276,0.8071147053554173,2680.411695825839,2680.411695825839,3216.494034991007,517.0119997181528,536.0823391651678,False
12->20,12,20,404,413,3.0,0.15,0.44999999999999996,2.55,1.0,True,0.1212863504023973,0.8787136495976027,2217.883536157893,2217.883536157893,2661.4602433894715,268.9989997181542,443.57670723157867,False
12->21,12,21,404,414,2.0,0.15,0.3,1.7,0.0,False,1.0,0.0,1872.7720400296619,1872.7720400296619,2247.3264480355942,554.2853240899647,374.5544080059324,True
12->22,12,22,404,415,2.0,0.15,0.3,1.7,0.0,False,1.0,0.0,1479.9382077510609,1479.9382077510609,1775.925849301273,554.2853240899649,295.9876415502122,True
12->23,12,23,404,416,6.0,0.85,5.1,0.9000000000000001,1.0,True,0.15074132788454347,0.8492586721154565,1175.273414460154,1175.273414460154,1410.3280973521848,177.16227512312503,235.05468289203083,False
12->24,12,24,404,417,1.0,0.85,0.85,0.15000000000000002,0.0,False,1.0,0.0,2215.719184457377,1949.678130406484,2339.6137564877804,913.4122830748811,389.9356260812968,True
12->26,12,26,404,419,9.0,0.15,1.3499999999999999,7.6499999999999995,0.0,False,1.0,0.0,2529.5939809163947,2529.5939809163947,3035.5127770996737,758.2141557960167,505.91879618327897,True
12->27,12,27,404,420,1.0,0.85,0.85,0.15000000000000002,0.0,False,1.0,0.0,3867.4419286522425,3334.2003478322586,4001.04041739871,992.2040463597987,666.8400695664518,True
12->28,12,28,404,421,1.0,0.85,0.85,0.15000000000000002,1.0,True,0.144003509206735,0.855996490793265,2624.207144560463,2624.207144560463,3149.0485734725553,377.8950377020924,524.8414289120926,False
12->4,12,4,404,395,3.0,0.15,0.44999999999999996,2.55,0.0,False,1.0,0.0,2452.242536157893,2452.242536157893,2942.6910433894714,890.1329997181538,490.4485072315786,True
12->5,12,5,404,396,3.0,0.15,0.44999999999999996,2.55,0.0,False,1.0,0.0,2292.471536157893,2292.471536157893,2750.9658433894715,765.9359997181537,458.4943072315786,True
12->6,12,6,404,397,9.0,0.85,7.6499999999999995,1.35,1.0,True,0.17653241860098262,0.8234675813990173,2075.641167725491,2075.641167725491,2490.7694012705892,366.4179554863488,415.1282335450982,False
12->7,12,7,404,398,2.0,0.15,0.3,1.7,0.0,False,1.0,0.0,3014.109772032156,3014.109772032156,3616.931726438587,1346.2075597930136,602.8219544064312,True
12->8,12,8,404,399,16.0,0.15,2.4,13.6,0.0,False,1.0,0.0,3103.192363610242,2611.8761727208057,3134.251407264967,771.040670888096,522.3752345441611,True
12->9,12,9,404,401,4.0,0.15,0.6,3.4,0.0,False,1.0,0.0,1556.1363791970107,1533.4865525220966,1840.1838630265158,409.9944353008127,306.69731050441936,True
13->10,13,10,405,402,13.0,0.15,1.95,11.049999999999999,1.0,True,0.14059059169013258,0.8594094083098675,1493.105004146969,1403.1169913161277,1683.7403895793532,197.265048019613,280.62339826322557,False
13->11,13,11,405,403,26.0,0.15,3.9,22.099999999999998,1.0,True,0.1463543578565237,0.8536456421434763,979.998478488898,979.998478488898,1175.9981741866775,143.42704801961293,195.9996956977796,False
13->12,13,12,405,404,32.0,0.15,4.8,27.2,1.0,True,0.10294724897193153,0.8970527510280685,692.121923909203,692.121923909203,830.5463086910436,71.25204801961297,138.42438478184062,False
13->14,13,14,405,406,29.0,0.15,4.35,24.65,1.0,True,0.13919792155867597,0.8608020784413241,900.431462463549,900.431462463549,1080.5177549562588,125.33818808096498,180.08629249270982,False
13->15,13,15,405,407,18.0,0.15,2.6999999999999997,15.299999999999999,1.0,True,0.14995894199767557,0.8500410580023244,1436.5567159406048,1318.6739587800348,1582.4087505360417,197.74695169854044,263.734791756007,False
13->16,13,16,405,408,11.0,0.15,1.65,9.35,1.0,True,0.15688753680437703,0.8431124631956229,1647.7867613539108,1647.7867613539108,1977.344113624693,258.51720616767693,329.5573522707822,False
13->17,13,17,405,409,7.0,0.15,1.05,5.95,1.0,True,0.12438383230905908,0.8756161676909409,1589.812341584676,1589.812341584676,1907.7748099016112,197.7469516985409,317.9624683169352,False
13->18,13,18,405,410,26.0,0.15,3.9,22.099999999999998,1.0,True,0.13506638031595125,0.8649336196840487,1464.072341584676,1464.072341584676,1756.886809901611,197.74695169854112,292.81446831693523,False
13->19,13,19,405,412,8.0,0.15,1.2,6.8,1.0,True,0.11536869978778898,0.884631300212211,1714.043341584676,1714.043341584676,2056.852009901611,197.74695169854112,342.8086683169352,False
13->2,13,2,405,393,1.0,0.15,0.15,0.85,1.0,True,0.17738473740436092,0.8226152625956391,2512.9555012526225,2512.9555012526225,3015.546601503147,445.7599516985406,502.5911002505245,False
13->20,13,20,405,413,5.0,0.15,0.75,4.25,1.0,True,0.09644182346188991,0.9035581765381101,2050.427341584676,2050.427341584676,2460.512809901611,197.74695169854158,410.08546831693525,False
13->21,13,21,405,414,4.0,0.85,3.4,0.6000000000000001,0.0,False,1.0,0.0,1885.1863328491472,1703.1125345171101,2043.735041420532,595.9760584665628,340.62250690342205,True
13->22,13,22,405,415,6.0,0.15,0.8999999999999999,5.1,1.0,True,0.1643856008119204,0.8356143991880796,1486.483147838263,1310.2787022385091,1572.3344426862109,215.39095169854068,262.05574044770185,False
13->23,13,23,405,416,12.0,0.85,10.2,1.8000000000000003,1.0,True,0.13520116845943989,0.8647988315405601,929.1098089176501,783.3528978359741,940.0234774031688,105.91022710351194,156.67057956719484,False
13->24,13,24,405,417,1.0,0.85,0.85,0.15000000000000002,0.0,False,1.0,0.0,1980.756430272699,1678.503461992464,2014.2041543909568,474.2985492073767,335.70069239849283,True
13->25,13,25,405,418,1.0,0.85,0.85,0.15000000000000002,0.0,False,1.0,0.0,2214.752744057195,1991.4825613734492,2389.779073648139,476.6742095838431,398.29651227468986,True
13->26,13,26,405,419,4.0,0.15,0.6,3.4,0.0,False,1.0,0.0,2365.8702535268985,2336.069993519432,2803.2839922233184,722.5202770962665,467.21399870388643,True
13->27,13,27,405,420,1.0,0.85,0.85,0.15000000000000002,0.0,False,1.0,0.0,3323.5375641380106,2958.9837875858066,3550.7805451029676,1514.5842147924425,591.7967575171614,True
13->28,13,28,405,421,1.0,0.85,0.85,0.15000000000000002,1.0,True,0.12481647343377303,0.875183526566227,2456.7509499872463,2456.7509499872463,2948.1011399846952,306.64298968247977,491.35018999744926,False
13->3,13,3,405,394,1.0,0.85,0.85,0.15000000000000002,0.0,False,1.0,0.0,3646.0569550944356,3166.92997589666,3800.315971075992,995.2677553424232,633.385995179332,True
13->4,13,4,405,395,3.0,0.15,0.44999999999999996,2.55,0.0,False,1.0,0.0,2305.839900979339,2284.786341584676,2741.743609901611,766.534823774537,456.9572683169352,True
13->5,13,5,405,396,18.0,0.15,2.6999999999999997,15.299999999999999,1.0,True,0.18199725156343338,0.8180027484365666,2200.0203415846763,2125.0153415846758,2550.018409901611,386.7469516985416,425.0030683169352,False
13->6,13,6,405,397,22.0,0.15,3.3,18.7,1.0,True,0.15998832026357512,0.8400116797364249,2187.75474104009,2187.75474104009,2625.3056892481077,350.01520616767675,437.550948208018,False
13->7,13,7,405,398,4.0,0.15,0.6,3.4,0.0,False,1.0,0.0,3012.442370276644,2904.9242650052643,3485.909118006317,1233.8907623293828,580.9848530010529,True
13->8,13,8,405,399,15.0,0.15,2.25,12.75,1.0,True,0.1390922903002569,0.8609077096997431,2933.780192178803,2933.780192178803,3520.536230614564,408.0662061676776,586.7560384357606,False
13->9,13,9,405,401,2.0,0.15,0.3,1.7,1.0,True,0.1904782931959592,0.8095217068040408,2092.4432375514816,1876.5115508723657,2251.8138610468386,357.43471737267055,375.3023101744732,False
14->1,14,1,406,392,2.0,0.85,1.7,0.30000000000000004,0.0,False,1.0,0.0,2538.7124873386138,2265.5168775939756,2718.6202531127706,1056.5494073312395,453.10337551879513,True
14->10,14,10,406,402,23.0,0.85,19.55,3.4500000000000006,1.0,True,0.11979981014373181,0.8802001898562681,771.3130816849119,647.5089646804561,777.0107576165473,77.57145103508299,129.50179293609122,False
14->11,14,11,406,403,24.0,0.15,3.5999999999999996,20.4,1.0,True,0.12270913082491794,0.877290869175082,1349.329249365328,1216.3398028868721,1459.6077634642465,149.25600000000009,243.26796057737442,False
14->12,14,12,406,404,22.0,0.15,3.3,18.7,1.0,True,0.1840926194859183,0.8159073805140817,1067.887657036766,1067.887657036766,1281.4651884441193,196.59023610057818,213.57753140735323,False
14->13,14,13,406,405,40.0,0.15,6.0,34.0,1.0,True,0.13919792155867597,0.8608020784413241,900.431462463549,900.431462463549,1080.5177549562588,125.33818808096498,180.08629249270982,False
14->15,14,15,406,407,6.0,0.85,5.1,0.9000000000000001,1.0,True,0.09617394399561034,0.9038260560043897,425.921104832832,418.24249631648604,501.89099557978324,40.22403041732599,83.64849926329721,False
14->16,14,16,406,408,5.0,0.15,0.75,4.25,1.0,True,0.17820040653280977,0.8217995934671902,747.355298890362,747.355298890362,896.8263586684343,133.17901808671206,149.4710597780724,False
14->17,14,17,406,409,3.0,0.15,0.44999999999999996,2.55,1.0,True,0.07467627598559025,0.9253237240144098,812.6677341504061,812.6677341504061,975.2012809804872,60.68700000000001,162.53354683008124,False
14->18,14,18,406,410,12.0,0.15,1.7999999999999998,10.2,1.0,True,0.08834553764968864,0.9116544623503113,686.9277341504061,686.9277341504061,824.3132809804873,60.68700000000001,137.3855468300812,False
14->19,14,19,406,412,9.0,0.15,1.3499999999999999,7.6499999999999995,1.0,True,0.06477434304042666,0.9352256569595734,936.898734150406,936.898734150406,1124.278480980487,60.6869999999999,187.37974683008122,False
14->2,14,2,406,393,3.0,0.15,0.44999999999999996,2.55,1.0,True,0.17784195334834932,0.8221580466516507,1735.810893818353,1735.810893818353,2082.9730725820236,308.70000000000005,347.1621787636706,False
14->20,14,20,406,413,9.0,0.15,1.3499999999999999,7.6499999999999995,1.0,True,0.047661841610137846,0.9523381583898621,1273.2827341504058,1273.2827341504058,1527.939280980487,60.6869999999999,254.65654683008117,False
14->21,14,21,406,414,7.0,0.15,1.05,5.95,1.0,True,0.07989164339424575,0.9201083566057543,980.465498919024,980.465498919024,1176.5585987028287,78.3309999999999,196.0930997838048,False
14->22,14,22,406,415,17.0,0.15,2.55,14.45,1.0,True,0.1181949862354538,0.8818050137645462,709.3385404039931,662.7269268762251,795.2723122514701,78.33100000000002,132.54538537524502,False
14->23,14,23,406,416,4.0,0.85,3.4,0.6000000000000001,1.0,True,0.1671373694512796,0.8328626305487203,1383.5829530145002,1383.5829530145002,1660.2995436174,231.24841518447693,276.71659060290006,False
14->24,14,24,406,417,3.0,0.85,2.55,0.45000000000000007,1.0,True,0.06596516426143993,0.93403483573856,1237.5002253295931,1187.4600916561149,1424.9521099873377,78.33100000000013,237.492018331223,False
14->25,14,25,406,418,3.0,0.85,2.55,0.45000000000000007,1.0,True,0.09466945002995382,0.9053305499700461,1392.529479766581,1392.529479766581,1671.0353757198973,131.82999999999993,278.5058959533162,False
14->26,14,26,406,419,15.0,0.15,2.25,12.75,1.0,True,0.1723947944898047,0.8276052055101953,1637.287439805757,1637.287439805757,1964.7449277669084,282.25983170605195,327.4574879611514,False
14->27,14,27,406,420,4.0,0.85,3.4,0.6000000000000001,1.0,True,0.15756345082012677,0.8424365491798732,2893.3077132039944,2441.8938067216204,2930.2725680659446,384.7532147233542,488.3787613443241,False
14->28,14,28,406,421,6.0,0.15,0.8999999999999999,5.1,1.0,True,0.10096594284478312,0.8990340571552169,1679.606342552976,1679.606342552976,2015.5276110635712,169.583037983939,335.9212685105952,False
14->29,14,29,406,423,1.0,0.15,0.15,0.85,1.0,True,0.10808147385827212,0.8919185261417278,1745.2942941308038,1745.2942941308038,2094.3531529569645,188.63397962608997,349.05885882616076,False
14->3,14,3,406,394,1.0,0.85,0.85,0.15000000000000002,0.0,False,1.0,0.0,2389.78536846239,2389.78536846239,2867.742442154868,1247.607634311984,477.95707369247805,True
14->30,14,30,406,424,1.0,0.85,0.85,0.15000000000000002,0.0,False,1.0,0.0,1992.1957341504058,1992.1957341504058,2390.6348809804867,795.6399999999999,398.4391468300812,True
14->4,14,4,406,395,5.0,0.15,0.75,4.25,0.0,False,1.0,0.0,1539.938979393155,1507.6417341504061,1809.1700809804872,460.5501765709371,301.52834683008126,True
14->5,14,5,406,396,10.0,0.15,1.5,8.5,0.0,False,1.0,0.0,1371.603979393155,1347.8707341504062,1617.4448809804874,332.3181765709369,269.57414683008125,True
14->6,14,6,406,397,24.0,0.15,3.5999999999999996,20.4,1.0,True,0.1745303777425267,0.8254696222574733,1287.3232785765406,1287.3232785765406,1544.7879342918486,224.67701808671154,257.46465571530814,False
14->7,14,7,406,398,8.0,0.15,1.2,6.8,0.0,False,1.0,0.0,2127.7796575709954,2127.7796575709954,2553.3355890851944,1331.4489183362014,425.5559315141991,True
14->8,14,8,406,399,27.0,0.15,4.05,22.95,1.0,True,0.1390455134207619,0.8609544865792381,2033.3487297152535,2033.3487297152535,2440.018475658304,282.7280180867115,406.6697459430507,False
14->9,14,9,406,401,4.0,0.85,3.4,0.6000000000000001,1.0,True,0.11820898626860075,0.8817910137313992,1001.9204439405601,1001.9204439405601,1202.304532728672,118.43600000000004,200.38408878811202,False
15->1,15,1,407,392,1.0,0.85,0.85,0.15000000000000002,0.0,False,1.0,0.0,2017.958518520993,1954.7219921414278,2345.6663905697133,573.9306698231351,390.9443984282856,True
15->10,15,10,407,402,5.0,0.85,4.25,0.7500000000000001,1.0,True,0.0743672180697064,0.9256327819302936,870.1570674292361,863.834921722973,1036.6019060675676,64.2410000000001,172.76698434459462,False
15->11,15,11,407,403,4.0,0.15,0.6,3.4,0.0,False,1.0,0.0,1512.973366128874,1432.926931665188,1719.5123179982256,480.42264615849604,286.5853863330376,True
15->12,15,12,407,404,4.0,0.15,0.6,3.4,1.0,True,0.1709850023366099,0.82901499766339,1419.9312932042178,1419.9312932042178,1703.9175518450613,242.7869554863487,283.9862586408436,False
15->13,15,13,407,405,26.0,0.15,3.9,22.099999999999998,1.0,True,0.15843226891853365,0.8415677310814663,1364.413343862888,1325.109503966308,1590.1314047595695,209.94010527889486,265.02190079326164,False
15->14,15,14,407,406,12.0,0.15,1.7999999999999998,10.2,1.0,True,0.09471652990342946,0.9052834700965705,425.92110483283193,424.678041502759,509.6136498033108,40.224030417325935,84.9356083005518,False
15->16,15,16,407,408,2.0,0.15,0.3,1.7,1.0,True,0.0850977277715182,0.9149022722284819,378.10488623129197,377.601151540438,453.12138184852563,32.13299999999998,75.5202303080876,False
15->17,15,17,407,409,1.0,0.15,0.15,0.85,1.0,True,0.0,1.0,504.817848697858,501.199848697858,601.4398184374296,0.0,100.2399697395716,False
15->18,15,18,407,410,3.0,0.15,0.44999999999999996,2.55,1.0,True,1.4995183457980093e-16,0.9999999999999999,379.07784869785803,379.07784869785803,454.8934184374296,5.684341886080802e-14,75.81556973957161,False
15->19,15,19,407,412,7.0,0.15,1.05,5.95,1.0,True,0.0,1.0,629.775848697858,627.026848697858,752.4322184374296,0.0,125.4053697395716,False
15->20,15,20,407,413,4.0,0.15,0.6,3.4,1.0,True,0.0,1.0,965.432848697858,963.410848697858,1156.0930184374295,0.0,192.6821697395716,False
15->21,15,21,407,414,1.0,0.15,0.15,0.85,1.0,True,0.06750884535105793,0.9324911546489421,974.6288486978581,972.568848697858,1167.0826184374296,65.65700000000015,194.51376973957161,False
15->22,15,22,407,415,1.0,0.15,0.15,0.85,0.0,False,1.0,0.0,1004.835344613042,1004.835344613042,1205.8024135356504,265.845888900716,200.9670689226084,True
15->23,15,23,407,416,1.0,0.85,0.85,0.15000000000000002,0.0,False,1.0,0.0,1808.260994517259,1808.260994517259,2169.9131934207107,418.7633040851929,361.6521989034518,True
15->24,15,24,407,417,2.0,0.85,1.7,0.30000000000000004,1.0,True,0.17341578866641577,0.8265842113335842,1532.9970295386422,1532.9970295386422,1839.5964354463706,265.8458889007163,306.59940590772845,False
15->26,15,26,407,419,5.0,0.15,0.75,4.25,1.0,True,0.11424797742670739,0.8857520225732927,1632.6264815522898,1632.6264815522898,1959.1517778627476,186.5242734106307,326.525296310458,False
15->27,15,27,407,420,1.0,0.85,0.85,0.15000000000000002,1.0,True,0.16791020366503326,0.8320897963349667,2574.1466562997566,2574.1466562997566,3088.975987559708,432.2254893229565,514.8293312599513,False
15->28,15,28,407,421,3.0,0.15,0.44999999999999996,2.55,1.0,True,0.07938438154985604,0.920615618450144,1371.756457100428,1371.756457100428,1646.1077485205135,108.8960379839391,274.3512914200856,False
15->3,15,3,407,394,1.0,0.85,0.85,0.15000000000000002,0.0,False,1.0,0.0,2358.93277897148,2078.9904830098417,2494.78857961181,1273.0695271125667,415.7980966019684,True
15->4,15,4,407,395,3.0,0.15,0.44999999999999996,2.55,0.0,False,1.0,0.0,1220.42785200039,1196.846848697858,1436.2162184374295,265.5568414774209,239.3693697395716,True
15->5,15,5,407,396,4.0,0.15,0.6,3.4,1.0,True,0.0,1.0,1040.645848697858,1035.287848697858,1242.3454184374295,0.0,207.0575697395716,False
15->6,15,6,407,397,11.0,0.15,1.65,9.35,1.0,True,0.13935722288792296,0.860642777112077,918.0728659174711,887.1517201475049,1064.5820641770058,123.63100000000009,177.430344029501,False
15->7,15,7,407,398,5.0,0.15,0.75,4.25,0.0,False,1.0,0.0,1822.5387721184472,1805.9355999448217,2167.122719933786,902.0569183362012,361.18711998896435,True
15->8,15,8,407,399,5.0,0.15,0.75,4.25,0.0,False,1.0,0.0,1663.5945823653299,1663.5945823653299,1996.3134988383958,471.05753808216696,332.718916473066,True
15->9,15,9,407,401,2.0,0.15,0.3,1.7,0.0,False,1.0,0.0,832.767030557205,695.055786692546,834.0669440310552,308.647393377233,139.0111573385092,True
16->10,16,10,408,402,3.0,0.85,2.55,0.45000000000000007,1.0,True,0.13138700508523216,0.8686129949147678,900.558403038417,900.558403038417,1080.6700836461005,118.32167147955704,180.1116806076834,False
16->11,16,11,408,403,2.0,0.85,1.7,0.30000000000000004,1.0,True,0.13805600536487164,0.8619439946351284,1472.856403038417,1472.856403038417,1767.4276836461004,203.33667147955725,294.57128060768343,False
16->12,16,12,408,404,7.0,0.85,5.95,1.0500000000000003,1.0,True,0.1774493483220814,0.8225506516779186,1549.2869265845497,1549.2869265845497,1859.1443119014596,274.9199554863487,309.85738531691,False
16->13,16,13,408,405,16.0,0.15,2.4,13.6,1.0,True,0.1560861193882305,0.8439138806117695,1646.221951200904,1646.221951200904,1975.4663414410848,256.95239601467006,329.2443902401808,False
16->14,16,14,408,406,9.0,0.15,1.3499999999999999,7.6499999999999995,1.0,True,0.1764761148355911,0.8235238851644089,745.790488737355,745.790488737355,894.9485864848259,131.61420793370507,149.158097747471,False
16->15,16,15,408,407,1.0,0.15,0.15,0.85,1.0,True,0.08509772777151833,0.9149022722284816,378.104886231292,377.601151540438,453.12138184852563,32.13300000000004,75.5202303080876,False
16->17,16,17,408,409,2.0,0.85,1.7,0.30000000000000004,1.0,True,0.17271628355286278,0.8272837164471372,376.40970491328903,376.40970491328903,451.6916458959468,65.01208532585304,75.28194098265782,False
16->18,16,18,408,410,4.0,0.15,0.6,3.4,1.0,True,0.043418612301744854,0.9565813876982552,757.1827349291501,740.0743205859859,888.089184703183,32.13300000000015,148.0148641171972,False
16->19,16,19,408,412,5.0,0.15,0.75,4.25,1.0,True,0.08784594026188863,0.9121540597381114,748.609704913289,740.069320585986,888.0831847031832,65.01208532585304,148.01386411719722,False
16->2,16,2,408,393,1.0,0.85,0.85,0.15000000000000002,0.0,False,1.0,0.0,1543.8934802539331,1301.787785453535,1562.1453425442419,557.9756966047462,260.357557090707,True
16->20,16,20,408,413,5.0,0.15,0.75,4.25,1.0,True,0.1684594149479989,0.8315405850520011,1076.453320585986,1076.453320585986,1291.743984703183,181.3386966047459,215.2906641171972,False
16->21,16,21,408,414,2.0,0.85,1.7,0.30000000000000004,1.0,True,0.14235529553395607,0.8576447044660439,1351.227704913289,1333.565320585986,1600.278384703183,189.8400853258529,266.71306411719723,False
16->26,16,26,408,419,4.0,0.15,0.6,3.4,0.0,False,1.0,0.0,1992.844953440418,1992.844953440418,2391.4139441285015,430.63397001537714,398.56899068808366,True
16->27,16,27,408,420,1.0,0.85,0.85,0.15000000000000002,1.0,True,0.18865217536812454,0.8113478246318755,2930.0600604854317,2808.4777125037117,3370.173255004454,529.8254299367195,561.6955425007424,False
16->28,16,28,408,421,2.0,0.85,1.7,0.30000000000000004,1.0,True,0.08746929165802558,0.9125307083419745,1749.86134333172,1612.32628400963,1934.791540811556,141.0290379839389,322.465256801926,False
16->29,16,29,408,423,1.0,0.15,0.15,0.85,0.0,False,1.0,0.0,1548.464880566384,1321.606541691887,1585.9278500302644,309.28567623083586,264.32130833837743,True
16->3,16,3,408,394,1.0,0.85,0.85,0.15000000000000002,0.0,False,1.0,0.0,2000.2407544763123,1915.6412758109109,2298.769530973093,915.4638688677674,383.1282551621822,True
16->4,16,4,408,395,3.0,0.15,0.44999999999999996,2.55,1.0,True,0.060667411363663805,0.9393325886363362,1078.588704913289,1071.614625785588,1285.9375509427057,65.01208532585292,214.32292515711762,False
16->5,16,5,408,396,1.0,0.15,0.15,0.85,0.0,False,1.0,0.0,986.617704913289,905.365481024463,1086.4385772293556,254.01208532585292,181.0730962048926,True
16->6,16,6,408,397,6.0,0.15,0.8999999999999999,5.1,1.0,True,0.16945078864338808,0.830549211356612,539.967979686179,539.967979686179,647.9615756234148,91.49799999999999,107.9935959372358,False
16->7,16,7,408,398,1.0,0.85,0.85,0.15000000000000002,0.0,False,1.0,0.0,1705.2712084853713,1478.4365839928437,1774.1239007914123,851.9615838135472,295.68731679856876,True
16->8,16,8,408,399,9.0,0.15,1.3499999999999999,7.6499999999999995,1.0,True,0.11629064069485391,0.883709359305146,1285.993430824892,1285.993430824892,1543.1921169898703,149.54899999999998,257.19868616497837,False
16->9,16,9,408,401,4.0,0.85,3.4,0.6000000000000001,1.0,True,0.18538736528169392,0.814612634718306,440.767208463185,440.767208463185,528.9206501558219,81.712671479557,88.153441692637,False
17->10,17,10,409,402,2.0,0.85,1.7,0.30000000000000004,1.0,True,0.1435695658049617,0.8564304341950383,1276.9681079517059,1276.9681079517059,1532.361729542047,183.33375680540985,255.39362159034118,False
17->11,17,11,409,403,2.0,0.85,1.7,0.30000000000000004,1.0,True,0.1451109473382605,0.8548890526617395,1849.2661079517059,1849.2661079517059,2219.119329542047,268.34875680540995,369.8532215903412,False
17->12,17,12,409,404,3.0,0.15,0.44999999999999996,2.55,1.0,True,0.1589139538477967,0.8410860461522033,1769.4616897382473,1769.4616897382473,2123.3540276858967,281.1921532985082,353.8923379476495,False
17->13,17,13,409,405,16.0,0.15,2.4,13.6,1.0,True,0.1310483053351001,0.8689516946648999,1602.0054951650302,1602.0054951650302,1922.4065941980361,209.9401052788951,320.40109903300606,False
17->14,17,14,409,406,10.0,0.15,1.5,8.5,1.0,True,0.07467627598559012,0.9253237240144099,812.667734150406,812.667734150406,975.2012809804871,60.6869999999999,162.5335468300812,False
17->15,17,15,409,407,1.0,0.15,0.15,0.85,1.0,True,0.0,1.0,504.8178486978579,501.199848697858,601.4398184374296,0.0,100.2399697395716,False
17->16,17,16,409,408,4.0,0.85,3.4,0.6000000000000001,1.0,True,0.17271628355286267,0.8272837164471374,376.409704913289,376.409704913289,451.69164589594675,65.01208532585298,75.2819409826578,False
17->18,17,18,409,410,4.0,0.15,0.6,3.4,1.0,True,0.0,1.0,372.75199999999995,372.75199999999995,447.3023999999999,0.0,74.5504,False
17->19,17,19,409,412,10.0,0.15,1.5,8.5,1.0,True,0.0,1.0,372.2,372.2,446.64,0.0,74.44,False
17->2,17,2,409,393,3.0,0.15,0.44999999999999996,2.55,0.0,False,1.0,0.0,979.8187713468452,927.560159667947,1113.0721916015364,277.63977134684524,185.5120319335894,True
17->20,17,20,409,413,5.0,0.15,0.75,4.25,1.0,True,0.0,1.0,708.584,708.584,850.3007999999999,0.0,141.7168,False
17->21,17,21,409,414,1.0,0.15,0.15,0.85,1.0,True,0.16648814014694022,0.8335118598530598,973.222,966.2429999999999,1159.4915999999998,160.86799999999994,193.2486,False
17->22,17,22,409,415,2.0,0.85,1.7,0.30000000000000004,1.0,True,0.19389356770286367,0.8061064322971363,1108.51202852516,1033.289082983144,1239.9468995797727,200.34810676802215,206.6578165966288,False
17->26,17,26,409,419,5.0,0.15,0.75,4.25,1.0,True,0.15341477642512022,0.8465852235748798,1624.9756328544318,1624.9756328544318,1949.970759425318,249.2952734106309,324.9951265708864,False
17->27,17,27,409,420,1.0,0.85,0.85,0.15000000000000002,1.0,True,0.08587828733162639,0.9141217126683736,2483.8794518479217,2432.068007590424,2918.4816091085086,208.86183516590654,486.41360151808476,False
17->28,17,28,409,421,1.0,0.85,0.85,0.15000000000000002,1.0,True,0.08810953734722135,0.9118904626527786,1365.43060840257,1235.916579096341,1483.099894915609,108.8960379839391,247.1833158192682,False
17->29,17,29,409,423,1.0,0.85,0.85,0.15000000000000002,0.0,False,1.0,0.0,945.196836778598,945.196836778598,1134.2362041343176,728.822063212081,189.0393673557196,True
17->3,17,3,409,394,2.0,0.15,0.3,1.7,0.0,False,1.0,0.0,1707.9595809384,1579.5306343119837,1895.4367611743803,782.7615406021081,315.9061268623968,True
17->4,17,4,409,395,3.0,0.15,0.44999999999999996,2.55,1.0,True,0.18914175343102188,0.8108582465689781,810.8020000000001,697.3870000000002,836.8644000000002,131.9050000000001,139.47740000000005,False
17->5,17,5,409,396,5.0,0.15,0.75,4.25,1.0,True,0.0,1.0,535.828,535.828,642.9935999999999,0.0,107.1656,False
17->6,17,6,409,397,9.0,0.15,1.3499999999999999,7.6499999999999995,1.0,True,0.1874835155084462,0.8125164844915538,916.3776845994681,834.793847882601,1001.7526174591211,156.51008532585308,166.9587695765202,False
17->7,17,7,409,398,4.0,0.15,0.6,3.4,0.0,False,1.0,0.0,1315.736923420589,1315.736923420589,1578.8843081047066,773.8249183362009,263.1473846841178,True
17->8,17,8,409,399,7.0,0.85,5.95,1.0500000000000003,1.0,True,0.08207163087642437,0.9179283691235757,1671.5944913983499,1658.059467894256,1989.671361473107,136.079644620178,331.6118935788512,False
17->9,17,9,409,401,2.0,0.15,0.3,1.7,1.0,True,0.17955078564219512,0.8204492143578048,817.176913376474,817.176913376474,980.6122960517687,146.72475680540992,163.43538267529482,False
18->1,18,1,410,392,1.0,0.85,0.85,0.15000000000000002,0.0,False,1.0,0.0,1578.7012089045447,1578.7012089045447,1894.4414506854537,707.9249122621518,315.74024178090895,True
18->10,18,10,410,402,5.0,0.15,0.75,4.25,1.0,True,0.1791886715863951,0.8208113284136049,1297.884499052143,1242.912770420831,1491.4953245049971,222.71588822947479,248.58255408416622,False
18->11,18,11,410,403,8.0,0.15,1.2,6.8,0.0,False,1.0,0.0,1889.6016760862817,1812.004780363046,2174.405736435655,521.4267424370396,362.40095607260923,True
18->12,18,12,410,404,6.0,0.15,0.8999999999999999,5.1,1.0,True,0.17107041602844966,0.8289295839715504,1643.721689738247,1643.721689738247,1972.4660276858963,281.1921532985082,328.74433794764946,False
18->13,18,13,410,405,33.0,0.15,4.95,28.05,1.0,True,0.1422102636459888,0.8577897363540112,1476.26549516503,1476.26549516503,1771.518594198036,209.9401052788951,295.253099033006,False
18->14,18,14,410,406,18.0,0.15,2.6999999999999997,15.299999999999999,1.0,True,0.05855642219348624,0.9414435778065138,804.9989535306901,686.927734150406,824.3132809804871,40.22403041732605,137.3855468300812,False
18->15,18,15,410,407,2.0,0.15,0.3,1.7,1.0,True,1.4995183457980093e-16,0.9999999999999999,379.07784869785803,379.07784869785803,454.8934184374296,5.684341886080802e-14,75.81556973957161,False
18->16,18,16,410,408,4.0,0.15,0.6,3.4,1.0,True,0.04341861230174485,0.9565813876982552,757.1827349291501,740.074320585986,888.0891847031832,32.13300000000015,148.01486411719722,False
18->17,18,17,410,409,4.0,0.15,0.6,3.4,1.0,True,0.0,1.0,372.752,372.752,447.3024,0.0,74.55040000000001,False
18->19,18,19,410,412,13.0,0.15,1.95,11.049999999999999,1.0,True,0.0,1.0,249.971,249.971,299.9652,0.0,49.994200000000006,False
18->2,18,2,410,393,3.0,0.85,2.55,0.45000000000000007,1.0,True,0.09077369497489293,0.909226305025107,1057.199159667947,1048.8831596679468,1258.659791601536,95.21100000000013,209.77663193358936,False
18->20,18,20,410,413,15.0,0.15,2.25,12.75,1.0,True,0.0,1.0,586.355,586.355,703.626,0.0,117.27100000000002,False
18->21,18,21,410,414,5.0,0.15,0.75,4.25,1.0,True,0.11062846782849264,0.8893715321715073,595.5509999999999,593.491,712.1891999999999,65.65699999999993,118.6982,False
18->22,18,22,410,415,5.0,0.85,4.25,0.7500000000000001,1.0,True,0.18986015868556044,0.8101398413144396,720.68502852516,685.094269743252,822.1131236919024,130.07210676802197,137.0188539486504,False
18->23,18,23,410,416,1.0,0.85,0.85,0.15000000000000002,0.0,False,1.0,0.0,1613.7868087558732,1544.8432979987242,1853.811957598469,1077.5293497236432,308.96865959974485,True
18->25,18,25,410,418,3.0,0.15,0.44999999999999996,2.55,0.0,False,1.0,0.0,1450.00687314973,1258.738888771963,1510.4866665263555,264.68502731344665,251.74777775439262,True
18->26,18,26,410,419,14.0,0.15,2.1,11.9,1.0,True,0.14338806290995024,0.8566119370900498,1447.2203210507573,1253.5486328544318,1504.258359425318,179.74391022841337,250.70972657088637,False
18->27,18,27,410,420,3.0,0.85,2.55,0.45000000000000007,1.0,True,0.19690749001857502,0.803092509981425,2195.068807601898,2195.068807601898,2634.082569122277,432.22548932295604,439.0137615203796,False
18->28,18,28,410,421,4.0,0.15,0.6,3.4,1.0,True,0.0,1.0,1136.615804123557,992.6786084025699,1191.214330083084,0.0,198.535721680514,False
18->29,18,29,410,423,9.0,0.15,1.3499999999999999,7.6499999999999995,1.0,True,0.10788003044681188,0.8921199695531881,1142.136100963915,1058.366559980398,1270.0398719764776,114.1766167145729,211.67331199607963,False
18->3,18,3,410,394,2.0,0.15,0.3,1.7,0.0,False,1.0,0.0,2039.2327342732078,1704.6526343119838,2045.5831611743804,385.0745145857088,340.9305268623968,True
18->4,18,4,410,395,4.0,0.15,0.6,3.4,0.0,False,1.0,0.0,843.5701685794829,822.509,987.0108,518.818168579483,164.5018,True
18->5,18,5,410,396,7.0,0.15,1.05,5.95,1.0,True,0.0,1.0,908.58,774.25,929.0999999999999,0.0,154.85000000000002,False
18->6,18,6,410,397,18.0,0.15,2.6999999999999997,15.299999999999999,1.0,True,0.10238203395488729,0.8976179660451127,1297.1507146153288,1207.545847882601,1449.0550174591212,123.63099999999963,241.5091695765202,False
18->7,18,7,410,398,6.0,0.15,0.8999999999999999,5.1,0.0,False,1.0,0.0,1695.266943639235,1670.046425919881,2004.055711103857,780.602938554847,334.0092851839762,True
18->8,18,8,410,399,15.0,0.15,2.25,12.75,0.0,False,1.0,0.0,2026.0677514108777,2026.0677514108777,2431.281301693053,454.86469660474586,405.21355028217556,True
18->9,18,9,410,401,3.0,0.15,0.44999999999999996,2.55,0.0,False,1.0,0.0,1190.0719133764742,1074.1229439827641,1288.9475327793168,273.3187568054102,214.82458879655283,True
19->1,19,1,412,392,2.0,0.85,1.7,0.30000000000000004,0.0,False,1.0,0.0,1482.16818002923,1328.730208904545,1594.4762506854538,451.5031230513839,265.746041780909,True
19->10,19,10,412,402,7.0,0.15,1.05,5.95,1.0,True,0.13250944081231159,0.8674905591876885,1493.1449421566297,1408.793138557996,1690.551766269595,186.67839101054142,281.7586277115992,False
19->11,19,11,412,403,4.0,0.15,0.6,3.4,0.0,False,1.0,0.0,1981.091138557996,1981.091138557996,2377.309366269595,630.5459334597949,396.2182277115992,True
19->12,19,12,412,404,7.0,0.15,1.05,5.95,1.0,True,0.14848879906558415,0.8515112009344159,1893.692689738247,1893.692689738247,2272.4312276858964,281.1921532985082,378.73853794764943,False
19->13,19,13,412,405,11.0,0.15,1.65,9.35,1.0,True,0.12161723255585823,0.8783827674441418,1726.23649516503,1726.23649516503,2071.483794198036,209.9401052788951,345.247299033006,False
19->14,19,14,412,406,18.0,0.15,2.6999999999999997,15.299999999999999,1.0,True,0.06477434304042655,0.9352256569595735,936.8987341504059,936.8987341504059,1124.278480980487,60.686999999999784,187.3797468300812,False
19->15,19,15,412,407,3.0,0.15,0.44999999999999996,2.55,1.0,True,0.0,1.0,629.0488486978579,627.026848697858,752.4322184374296,0.0,125.4053697395716,False
19->16,19,16,412,408,5.0,0.15,0.75,4.25,1.0,True,0.08784594026188863,0.9121540597381114,748.609704913289,740.069320585986,888.0831847031832,65.01208532585304,148.01386411719722,False
19->17,19,17,412,409,7.0,0.15,1.05,5.95,1.0,True,0.0,1.0,372.2,372.2,446.64,0.0,74.44,False
19->18,19,18,412,410,11.0,0.15,1.65,9.35,1.0,True,0.0,1.0,249.971,249.971,299.9652,0.0,49.994200000000006,False
19->2,19,2,412,393,6.0,0.15,0.8999999999999999,5.1,1.0,True,1.4230204953804664e-16,0.9999999999999999,803.2721596679471,798.9121596679471,958.6945916015364,1.1368683772161603e-13,159.78243193358944,False
19->20,19,20,412,413,15.0,0.15,2.25,12.75,1.0,True,0.0,1.0,336.38400000000007,336.38400000000007,403.66080000000005,0.0,67.27680000000002,False
19->21,19,21,412,414,12.0,0.15,1.7999999999999998,10.2,1.0,True,0.0,1.0,599.3349999999999,594.16,712.992,0.0,118.832,False
19->22,19,22,412,415,3.0,0.85,2.55,0.45000000000000007,1.0,True,0.18031660131428143,0.8196833986857186,721.3540285251601,721.3540285251601,865.624834230192,130.07210676802208,144.27080570503202,False
19->23,19,23,412,416,1.0,0.85,0.85,0.15000000000000002,0.0,False,1.0,0.0,1833.721581162355,1614.4558087558732,1937.346970507048,1034.8864882422242,322.89116175117465,True
19->24,19,24,412,417,3.0,0.85,2.55,0.45000000000000007,1.0,True,0.10409801602959012,0.8959019839704099,1249.5157134507601,1249.5157134507601,1499.418856140912,130.07210676802197,249.90314269015204,False
19->25,19,25,412,418,3.0,0.15,0.44999999999999996,2.55,1.0,True,0.09855894270603208,0.901441057293968,1514.2397104573122,1281.629008305802,1537.9548099669623,126.31600000000026,256.3258016611604,False
19->26,19,26,412,419,27.0,0.15,4.05,22.95,1.0,True,0.1307487996515381,0.8692512003484619,1497.2691478814302,1252.775632854432,1503.3307594253183,163.79891022841298,250.5551265708864,False
19->27,19,27,412,420,3.0,0.85,2.55,0.45000000000000007,1.0,True,0.0957392850193567,0.9042607149806433,2092.0722185708037,2082.3635768712093,2498.836292245451,199.3639999999998,416.4727153742419,False
19->28,19,28,412,421,11.0,0.15,1.65,9.35,1.0,True,1.282839982839376e-16,0.9999999999999999,886.6448041235572,886.212148377127,1063.4545780525525,1.1368683772161603e-13,177.24242967542543,False
19->29,19,29,412,423,5.0,0.15,0.75,4.25,1.0,True,0.060019647702851786,0.9399803522971482,879.8504348418581,808.3955599803982,970.0746719764777,48.51961671457309,161.67911199607966,False
19->3,19,3,412,394,7.0,0.15,1.05,5.95,1.0,True,0.17073456315952015,0.8292654368404798,1786.739734273208,1513.931976059271,1816.718371271125,258.48051458570876,302.7863952118542,False
19->30,19,30,412,424,2.0,0.85,1.7,0.30000000000000004,0.0,False,1.0,0.0,1084.7152145077418,1055.2969999999998,1266.3563999999997,586.6119615015139,211.05939999999998,True
19->4,19,4,412,395,8.0,0.15,1.2,6.8,0.0,False,1.0,0.0,593.5991685794829,593.5991685794829,712.3190022953795,518.818168579483,118.71983371589658,True
19->5,19,5,412,396,7.0,0.15,1.05,5.95,1.0,True,0.0,1.0,908.028,773.385,928.0619999999999,0.0,154.67700000000002,False
19->6,19,6,412,397,13.0,0.15,1.95,11.049999999999999,1.0,True,0.17491085569521095,0.8250891443047891,1206.993847882601,1206.993847882601,1448.392617459121,211.116326752001,241.39876957652018,False
19->7,19,7,412,398,4.0,0.15,0.6,3.4,0.0,False,1.0,0.0,1695.574943639235,1669.181425919881,2003.017711103857,1027.7639385548468,333.8362851839762,True
19->8,19,8,412,399,20.0,0.15,3.0,17.0,1.0,True,0.16331562108544143,0.8366843789145586,2026.0627514108776,2026.0627514108776,2431.275301693053,330.88769660474577,405.2125502821755,False
19->9,19,9,412,401,4.0,0.15,0.6,3.4,1.0,True,0.13660022870613578,0.8633997712938642,1189.376913376474,1074.1179439827642,1288.941532779317,146.72475680540992,214.82358879655285,False
2->1,2,1,393,392,3.0,0.85,2.55,0.45000000000000007,0.0,False,1.0,0.0,578.079082254146,529.8180492365981,635.7816590839177,180.70796473693707,105.96360984731962,True
2->10,2,10,393,402,2.0,0.85,1.7,0.30000000000000004,1.0,True,0.1622213144623324,0.8377786855376677,2189.548250549871,2189.548250549871,2627.4579006598456,355.19139528290043,437.9096501099743,False
2->11,2,11,393,403,1.0,0.85,0.85,0.15000000000000002,1.0,True,0.15938845082171274,0.8406115491782873,2761.846250549871,2761.846250549871,3314.215500659845,440.20639528289985,552.3692501099742,False
2->12,2,12,393,404,3.0,0.15,0.44999999999999996,2.55,1.0,True,0.19654022141986927,0.8034597785801307,2692.6048494061934,2692.6048494061934,3231.125819287432,529.205153298507,538.5209698812387,False
2->13,2,13,393,405,5.0,0.15,0.75,4.25,1.0,True,0.181356889386453,0.818643110613547,2525.1486548329767,2525.1486548329767,3030.178385799572,457.9531052788948,505.02973096659537,False
2->14,2,14,393,406,3.0,0.15,0.44999999999999996,2.55,1.0,True,0.17784195334834943,0.8221580466516506,1735.8108938183532,1735.8108938183532,2082.9730725820236,308.7000000000003,347.1621787636707,False
2->16,2,16,393,408,1.0,0.85,0.85,0.15000000000000002,1.0,True,0.13929973735432516,0.8607002626456748,1543.3414802539328,1301.787785453535,1562.1453425442419,181.33869660474602,260.357557090707,False
2->17,2,17,393,409,2.0,0.15,0.3,1.7,0.0,False,1.0,0.0,979.818771346845,927.5601596679469,1113.0721916015361,277.639771346845,185.51203193358938,True
2->18,2,18,393,410,2.0,0.85,1.7,0.30000000000000004,0.0,False,1.0,0.0,1066.172159667947,1048.883159667947,1258.6597916015364,228.16700000000003,209.7766319335894,True
2->19,2,19,393,412,8.0,0.15,1.2,6.8,1.0,True,0.0,1.0,803.272159667947,798.912159667947,958.6945916015363,0.0,159.7824319335894,False
2->20,2,20,393,413,9.0,0.15,1.3499999999999999,7.6499999999999995,1.0,True,0.0,1.0,635.264159667947,635.264159667947,762.3169916015363,0.0,127.0528319335894,False
2->21,2,21,393,414,1.0,0.15,0.15,0.85,1.0,True,0.0,1.0,898.215159667947,898.215159667947,1077.8581916015364,0.0,179.6430319335894,False
2->22,2,22,393,415,1.0,0.15,0.15,0.85,1.0,True,3.5244147712239274e-16,0.9999999999999997,1290.2776216902062,1290.2776216902062,1548.3331460282473,4.547473508864641e-13,258.05552433804127,False
2->26,2,26,393,419,8.0,0.15,1.2,6.8,1.0,True,0.07766757476316846,0.9223324252368316,1556.2127925223788,1556.2127925223788,1867.4553510268545,120.86727341063101,311.24255850447577,False
2->27,2,27,393,420,1.0,0.85,0.85,0.15000000000000002,0.0,False,1.0,0.0,2604.185941051007,2263.139103852999,2715.7669246235987,758.5918576041624,452.62782077059984,True
2->28,2,28,393,421,1.0,0.15,0.15,0.85,1.0,True,0.11393418978587083,0.8860658102141292,1130.977454986735,1130.977454986735,1357.172945984082,128.85699999999986,226.195490997347,False
2->29,2,29,393,423,1.0,0.15,0.15,0.85,1.0,True,0.1465074323554529,0.8534925676445471,849.439712668992,840.257712668992,1008.3092552027904,123.10399999999993,168.0515425337984,False
2->3,2,3,393,394,5.0,0.85,4.25,0.7500000000000001,1.0,True,0.12841273140088327,0.8715872685991167,1039.7152609093787,983.4675746052609,1180.161089526313,126.28975749926349,196.69351492105218,False
2->4,2,4,393,395,5.0,0.15,0.75,4.25,0.0,False,1.0,0.0,277.639771346845,277.639771346845,333.167725616214,277.639771346845,55.527954269369005,True
2->5,2,5,393,396,5.0,0.15,0.75,4.25,1.0,True,0.17242413968574566,0.8275758603142543,595.966835612215,569.335590170867,683.2027082050404,98.16719932768802,113.86711803417342,False
2->6,2,6,393,397,11.0,0.15,1.65,9.35,1.0,True,0.1054679396067489,0.8945320603932511,1030.742532851794,930.777634357108,1116.9331612285296,98.16719932768808,186.1555268714216,False
2->7,2,7,393,398,7.0,0.85,5.95,1.0500000000000003,1.0,True,0.19071771517268785,0.8092822848273121,1363.4634624976347,1355.3041695768218,1626.3650034921861,258.48051458570853,271.06083391536436,False
2->8,2,8,393,399,8.0,0.15,1.2,6.8,1.0,True,0.08878833480822437,0.9112116651917757,1859.4099839905068,1759.4450854958209,2111.334102594985,156.2181993276879,351.8890170991642,False
2->9,2,9,393,401,5.0,0.15,0.75,4.25,1.0,True,0.18417753763888747,0.8158224623611126,1729.7570559746391,1729.7570559746391,2075.708467169567,318.5823952829003,345.95141119492786,False
20->1,20,1,413,392,1.0,0.85,0.85,0.15000000000000002,1.0,True,0.1716579744914585,0.8283420255085415,1209.8280346844201,1061.6911800292298,1274.0294160350757,182.24775749926403,212.33823600584597,False
20->10,20,10,413,402,6.0,0.15,0.8999999999999999,5.1,1.0,True,0.16987737753670204,0.8301226224632979,1866.200748446678,1773.1051385579956,2127.7261662695946,301.210451035083,354.62102771159914,False
20->11,20,11,413,403,8.0,0.15,1.2,6.8,0.0,False,1.0,0.0,2345.4031385579956,2345.4031385579956,2814.4837662695945,630.5459334597949,469.08062771159916,True
20->12,20,12,413,404,8.0,0.15,1.2,6.8,1.0,True,0.1245312530024481,0.875468746997552,2258.0046897382467,2258.0046897382467,2709.605627685896,281.19215329850795,451.60093794764936,False
20->13,20,13,413,405,5.0,0.15,0.75,4.25,1.0,True,0.10042345621947528,0.8995765437805248,2090.54849516503,2090.54849516503,2508.658194198036,209.94010527889532,418.10969903300605,False
20->14,20,14,413,406,16.0,0.15,2.4,13.6,1.0,True,0.04663887132749827,0.9533611286725018,1301.210734150406,1301.210734150406,1561.4528809804872,60.68700000000035,260.24214683008125,False
20->15,20,15,413,407,2.0,0.15,0.3,1.7,1.0,True,0.0,1.0,993.360848697858,991.338848697858,1189.6066184374295,0.0,198.2677697395716,False
20->16,20,16,413,408,5.0,0.15,0.75,4.25,1.0,True,0.05886742569256553,0.9411325743074345,1112.921704913289,1104.381320585986,1325.2575847031833,65.01208532585292,220.87626411719722,False
20->17,20,17,413,409,8.0,0.15,1.2,6.8,1.0,True,0.0,1.0,736.5120000000001,736.5120000000001,883.8144000000001,0.0,147.3024,False
20->18,20,18,413,410,15.0,0.15,2.25,12.75,1.0,True,0.0,1.0,614.283,614.283,737.1396,0.0,122.85660000000001,False
20->19,20,19,413,412,16.0,0.15,2.4,13.6,1.0,True,0.0,1.0,364.312,364.312,437.1744,0.0,72.86240000000001,False
20->2,20,2,413,393,9.0,0.15,1.3499999999999999,7.6499999999999995,1.0,True,1.7142367572399794e-16,0.9999999999999998,663.1921596679471,663.1921596679471,795.8305916015364,1.1368683772161603e-13,132.63843193358943,False
20->21,20,21,413,414,7.0,0.15,1.05,5.95,1.0,True,0.0,1.0,459.255,459.255,551.106,0.0,91.851,False
20->22,20,22,413,415,6.0,0.15,0.8999999999999999,5.1,1.0,True,0.0,1.0,851.3174620222591,851.3174620222591,1021.5809544267108,0.0,170.26349240445182,False
20->23,20,23,413,416,7.0,0.85,5.95,1.0500000000000003,0.0,False,1.0,0.0,1858.7744809576782,1719.1260796220042,2062.951295546405,1158.812278972241,343.8252159244009,True
20->24,20,24,413,417,1.0,0.85,0.85,0.15000000000000002,0.0,False,1.0,0.0,1224.428278441969,1114.188945396201,1337.0267344754411,257.371946810978,222.83778907924022,True
20->25,20,25,413,418,9.0,0.85,7.6499999999999995,1.35,1.0,True,0.19322227754019666,0.8067777224598034,1126.697699980403,1030.047,1236.0564,199.02802731344696,206.00940000000003,False
20->26,20,26,413,419,41.0,0.15,6.1499999999999995,34.85,1.0,True,0.07647286166059093,0.923527138339409,1004.802516771744,926.444632854432,1111.7335594253184,70.84787224447393,185.28892657088642,False
20->27,20,27,413,420,10.0,0.85,8.5,1.5000000000000002,1.0,True,0.17243487200482724,0.8275651279951728,1877.045448023208,1745.979576871209,2095.1754922454506,301.06776486082936,349.19591537424185,False
20->28,20,28,413,421,14.0,0.15,2.1,11.9,1.0,True,0.0,1.0,550.260804123557,549.828148377127,659.7937780525524,0.0,109.96562967542542,False
20->29,20,29,413,423,13.0,0.15,1.95,11.049999999999999,1.0,True,0.10279328056412006,0.8972067194358799,543.466434841858,472.011559980398,566.4138719764776,48.51961671457303,94.4023119960796,False
20->3,20,3,413,394,15.0,0.85,12.75,2.2500000000000004,1.0,True,0.15771936112343207,0.8422806388765679,1646.659734273208,1638.8635659221359,1966.636279106563,258.480514585709,327.7727131844272,False
20->30,20,30,413,424,3.0,0.85,2.55,0.45000000000000007,0.0,False,1.0,0.0,737.819559980398,737.819559980398,885.3834719764776,568.35897962609,147.5639119960796,True
20->4,20,4,413,395,10.0,0.15,1.5,8.5,1.0,True,0.037651155442449874,0.9623488445575501,936.7839999999999,936.7839999999999,1124.1408,35.27099999999996,187.3568,False
20->5,20,5,413,396,10.0,0.15,1.5,8.5,1.0,True,2.0165267508363885e-16,0.9999999999999998,1272.3400000000001,1127.551,1353.0611999999999,2.2737367544323206e-13,225.5102,False
20->6,20,6,413,397,16.0,0.15,2.4,13.6,1.0,True,0.11966447243737463,0.8803355275626253,1562.326697239579,1562.326697239579,1874.7920366874948,186.95500000000015,312.4653394479158,False
20->7,20,7,413,398,11.0,0.15,1.65,9.35,1.0,True,0.19597114379095779,0.8040288562090422,2018.8594538145098,2018.3845202909627,2422.061424349155,395.5451230513836,403.6769040581926,False
20->8,20,8,413,399,24.0,0.15,3.5999999999999996,20.4,1.0,True,0.11203933417768822,0.8879606658223118,2388.152357061079,2388.152357061079,2865.7828284732946,267.567,477.6304714122158,False
20->9,20,9,413,401,3.0,0.15,0.44999999999999996,2.55,0.0,False,1.0,0.0,1652.0359990610648,1438.429943982764,1726.1159327793166,424.9458380961969,287.6859887965528,True
21->10,21,10,414,402,4.0,0.85,3.4,0.6000000000000001,1.0,True,0.1918557768060247,0.8081442231939753,1668.8106195090797,1581.8536942560156,1898.2244331072186,303.48776930496774,316.37073885120316,False
21->11,21,11,414,403,1.0,0.15,0.15,0.85,1.0,True,0.09992771917782606,0.9000722808221739,2425.1996118394286,2150.684532462432,2580.821438954918,214.913,430.1369064924864,False
21->12,21,12,414,404,3.0,0.15,0.44999999999999996,2.55,0.0,False,1.0,0.0,1872.0006697733204,1872.0006697733204,2246.4008037279846,554.2853240899653,374.4001339546641,True
21->13,21,13,414,405,3.0,0.15,0.44999999999999996,2.55,0.0,False,1.0,0.0,1731.8385024465163,1704.5444752001033,2045.4533702401238,444.84171804810535,340.9088950400207,True
21->14,21,14,414,406,8.0,0.15,1.2,6.8,1.0,True,0.10700170129682679,0.8929982987031733,1009.3671286626819,1009.3671286626819,1211.2405543952182,108.00400000000002,201.8734257325364,False
21->15,21,15,414,407,2.0,0.15,0.3,1.7,1.0,True,0.0675088453510577,0.9324911546489423,974.6288486978578,972.5688486978579,1167.0826184374293,65.65699999999993,194.5137697395716,False
21->16,21,16,414,408,1.0,0.85,0.85,0.15000000000000002,0.0,False,1.0,0.0,1343.7867049132888,1333.5653205859858,1600.2783847031828,315.5250853258526,266.7130641171972,True
21->17,21,17,414,409,2.0,0.85,1.7,0.30000000000000004,1.0,True,0.16648814014694033,0.8335118598530596,973.2220000000001,966.2429999999999,1159.4915999999998,160.86800000000005,193.2486,False
21->18,21,18,414,410,3.0,0.15,0.44999999999999996,2.55,1.0,True,0.11062846782849264,0.8893715321715073,595.5509999999999,593.491,712.1891999999999,65.65699999999993,118.6982,False
21->19,21,19,414,412,7.0,0.15,1.05,5.95,1.0,True,0.0,1.0,599.3349999999999,594.1600000000001,712.9920000000001,0.0,118.83200000000002,False
21->2,21,2,414,393,1.0,0.15,0.15,0.85,1.0,True,0.0,1.0,898.2151596679469,898.2151596679469,1077.8581916015362,0.0,179.64303193358938,False
21->20,21,20,414,413,7.0,0.15,1.05,5.95,1.0,True,0.0,1.0,431.327,431.327,517.5924,0.0,86.2654,False
21->22,21,22,414,415,4.0,0.15,0.6,3.4,1.0,True,0.0,1.0,392.06246202225896,392.06246202225896,470.4749544267107,0.0,78.4124924044518,False
21->23,21,23,414,416,1.0,0.85,0.85,0.15000000000000002,0.0,False,1.0,0.0,1611.0469571637468,1353.76644448499,1624.5197333819879,792.2179394964487,270.753288896998,True
21->25,21,25,414,418,2.0,0.15,0.3,1.7,0.0,False,1.0,0.0,727.047679829409,695.8699913378471,835.0439896054164,198.34102731344706,139.17399826756943,True
21->26,21,26,414,419,15.0,0.15,2.25,12.75,1.0,True,0.1763930031973552,0.8236069968026448,712.2107891061961,712.2107891061961,854.6529469274353,125.62900000000013,142.44215782123922,False
21->27,21,27,414,420,5.0,0.85,4.25,0.7500000000000001,1.0,True,0.09902236172078431,0.9009776382792157,2041.3318915482198,1742.552228675893,2091.0626744110714,172.55163710530314,348.5104457351786,False
21->28,21,28,414,421,8.0,0.15,1.2,6.8,1.0,True,1.3695594244053167e-16,0.9999999999999999,981.5878041235571,830.0978818132011,996.1174581758412,1.1368683772161603e-13,166.01957636264024,False
21->29,21,29,414,423,2.0,0.15,0.3,1.7,1.0,True,0.1416379033226108,0.8583620966773892,903.338559980398,903.338559980398,1084.0062719764776,127.94697962609007,180.66771199607962,False
21->3,21,3,414,394,1.0,0.85,0.85,0.15000000000000002,1.0,True,0.08318445753275255,0.9168155424672475,1940.2794205773253,1881.6827342732076,2258.019281127849,156.52675749926334,376.33654685464154,False
21->30,21,30,414,424,1.0,0.85,0.85,0.15000000000000002,0.0,False,1.0,0.0,1154.5999999999997,1154.5999999999997,1385.5199999999995,486.9399999999997,230.91999999999996,True
21->4,21,4,414,395,4.0,0.15,0.6,3.4,1.0,True,0.030099666583319577,0.9699003334166805,1171.8069999999998,1171.8069999999998,1406.1683999999998,35.27099999999996,234.36139999999997,False
21->5,21,5,414,396,1.0,0.15,0.15,0.85,1.0,True,0.1372072269102447,0.8627927730897553,1362.5739999999996,1362.5739999999996,1635.0887999999995,186.9549999999997,272.5147999999999,False
21->6,21,6,414,397,2.0,0.15,0.3,1.7,1.0,True,0.10401704258616494,0.895982957413835,1797.3496972395787,1797.3496972395787,2156.8196366874945,186.95499999999993,359.46993944791575,False
21->7,21,7,414,398,1.0,0.85,0.85,0.15000000000000002,0.0,False,1.0,0.0,2498.42645381451,2253.407520290963,2704.0890243491554,793.1271230513837,450.6815040581926,True
21->8,21,8,414,399,6.0,0.15,0.8999999999999999,5.1,1.0,True,0.14697474848487138,0.8530252515151286,2634.344454976993,2619.5587514108774,3143.470501693053,385.00898862995746,523.9117502821755,False
22->1,22,1,415,392,1.0,0.85,0.85,0.15000000000000002,0.0,False,1.0,0.0,1820.8670411831458,1820.8670411831458,2185.040449419775,459.9119122621519,364.1734082366292,True
22->10,22,10,415,402,4.0,0.85,3.4,0.6000000000000001,1.0,True,0.1447690950593246,0.8552309049406754,1386.8615524756108,1189.7912322337568,1427.749478680508,172.24499999999966,237.95824644675136,False
22->11,22,11,415,403,4.0,0.85,3.4,0.6000000000000001,1.0,True,0.1462849831832311,0.8537150168167689,2069.5871987856844,1758.622070440173,2110.3464845282074,257.25999999999976,351.7244140880346,False
22->12,22,12,415,404,3.0,0.15,0.44999999999999996,2.55,0.0,False,1.0,0.0,1479.938207751061,1479.938207751061,1775.9258493012733,554.2853240899651,295.98764155021223,True
22->13,22,13,415,405,7.0,0.15,1.05,5.95,1.0,True,0.1960080996889334,0.8039919003110666,1528.3493014186172,1312.482013177844,1574.9784158134128,257.25710527889487,262.4964026355688,False
22->14,22,14,415,406,18.0,0.15,2.6999999999999997,15.299999999999999,1.0,True,0.16296908367535126,0.8370309163246488,739.011540403993,662.726926876225,795.27231225147,108.0039999999999,132.545385375245,False
22->15,22,15,415,407,1.0,0.15,0.15,0.85,0.0,False,1.0,0.0,1036.310311704736,1018.4379718454352,1222.1255662145222,211.75889121662703,203.68759436908704,True
22->16,22,16,415,408,1.0,0.85,0.85,0.15000000000000002,1.0,True,0.17770820566559284,0.8222917943344071,1357.185602000645,1357.185602000645,1628.6227224007741,241.18301808671208,271.437120400129,False
22->17,22,17,415,409,1.0,0.85,0.85,0.15000000000000002,1.0,True,0.12392610286774128,0.8760738971322587,1203.864674835234,1049.59410292148,1259.512923505776,130.07210676802197,209.91882058429601,False
22->18,22,18,415,410,2.0,0.85,1.7,0.30000000000000004,1.0,True,0.19010218326752076,0.8098978167324793,720.6850285251599,684.222056434661,821.0664677215932,130.07210676802185,136.8444112869322,False
22->19,22,19,415,412,5.0,0.85,4.25,0.7500000000000001,1.0,True,0.1803166013142813,0.8196833986857187,721.35402852516,721.35402852516,865.6248342301919,130.07210676802197,144.270805705032,False
22->20,22,20,415,413,5.0,0.15,0.75,4.25,1.0,True,0.0,1.0,824.160832278601,824.160832278601,988.9929987343212,0.0,164.8321664557202,False
22->21,22,21,415,414,3.0,0.15,0.44999999999999996,2.55,1.0,True,0.0,1.0,392.833832278601,392.833832278601,471.4005987343212,0.0,78.5667664557202,False
22->23,22,23,415,416,2.0,0.85,1.7,0.30000000000000004,0.0,False,1.0,0.0,1001.812705680529,1001.812705680529,1202.1752468166349,947.457242955621,200.36254113610582,True
22->24,22,24,415,417,1.0,0.85,0.85,0.15000000000000002,1.0,True,0.0,1.0,649.86855868917,601.18298279492,721.4195793539039,0.0,120.236596558984,False
22->25,22,25,415,418,3.0,0.85,2.55,0.45000000000000007,1.0,True,0.06646682240595764,0.9335331775940423,804.8978131261581,804.8978131261581,965.8773757513896,53.499000000000024,160.97956262523164,False
22->26,22,26,415,419,16.0,0.15,2.4,13.6,1.0,True,0.19428162729109355,0.8057183727089064,1049.655773165334,1049.655773165334,1259.586927798401,203.92883170605205,209.93115463306682,False
22->27,22,27,415,420,7.0,0.85,5.95,1.0500000000000003,1.0,True,0.06775147768184421,0.9322485223181558,2217.674593539542,1854.262140081197,2225.1145680974364,125.6289999999999,370.8524280162394,False
22->28,22,28,415,421,9.0,0.85,7.6499999999999995,1.35,1.0,True,0.08376351797380599,0.916236482026194,1229.778039023889,1214.17733305606,1457.012799667272,101.7037648608291,242.835466611212,False
22->29,22,29,415,423,2.0,0.85,1.7,0.30000000000000004,1.0,True,0.07101074014097798,0.928989259859022,1469.510912820858,1292.1799507559451,1550.615940907134,91.75865469851215,258.43599015118906,False
22->3,22,3,415,394,2.0,0.85,1.7,0.30000000000000004,1.0,True,0.11563643938877699,0.884363560611223,2274.516566551809,2235.2860045844304,2682.3432055013163,258.480514585709,447.05720091688613,False
22->4,22,4,415,395,2.0,0.15,0.3,1.7,0.0,False,1.0,0.0,1568.6887632933929,1314.9531971046429,1577.9438365255714,277.639771346845,262.9906394209286,True
22->5,22,5,415,396,1.0,0.85,0.85,0.15000000000000002,0.0,False,1.0,0.0,1718.72002852516,1458.472056434661,1750.166467721593,389.3481067680216,291.6944112869322,True
22->6,22,6,415,397,2.0,0.85,1.7,0.30000000000000004,0.0,False,1.0,0.0,2119.593871838947,1863.7655623352532,2236.518674802304,475.91027719589783,372.75311246705064,True
22->7,22,7,415,398,1.0,0.85,0.85,0.15000000000000002,1.0,True,0.10979228432230398,0.890207715677696,2654.5124544441833,2354.2684823545424,2825.1221788254506,258.480514585709,470.8536964709085,False
22->8,22,8,415,399,4.0,0.85,3.4,0.6000000000000001,1.0,True,0.14782654267237513,0.8521734573276248,2643.1790328255365,2643.1790328255365,3171.8148393906436,390.7320180867114,528.6358065651074,False
23->10,23,10,416,402,2.0,0.85,1.7,0.30000000000000004,0.0,False,1.0,0.0,1887.3987991618956,1886.2684818670787,2263.522178240494,538.3717334136345,377.2536963734158,True
23->11,23,11,416,403,2.0,0.85,1.7,0.30000000000000004,1.0,True,0.17041129098116004,0.82958870901884,1463.1499690398489,1463.1499690398489,1755.7799628478185,249.33727512312498,292.6299938079698,False
23->12,23,12,416,404,9.0,0.85,7.6499999999999995,1.35,1.0,True,0.15074132788454347,0.8492586721154565,1175.273414460154,1175.273414460154,1410.3280973521848,177.16227512312503,235.05468289203083,False
23->13,23,13,416,405,11.0,0.85,9.35,1.6500000000000004,1.0,True,0.13569615154946704,0.864303848450533,929.10980891765,780.495437005102,936.5945244061223,105.91022710351183,156.0990874010204,False
23->14,23,14,416,406,5.0,0.85,4.25,0.7500000000000001,1.0,True,0.16713736945127947,0.8328626305487206,1383.5829530145,1383.5829530145,1660.2995436173999,231.2484151844767,276.7165906029,False
23->19,23,19,416,412,1.0,0.85,0.85,0.15000000000000002,0.0,False,1.0,0.0,1824.833412321627,1610.4681687602583,1932.56180251231,1064.343319401496,322.0936337520517,True
23->20,23,20,416,413,6.0,0.85,5.1,0.9000000000000001,0.0,False,1.0,0.0,2048.159327420089,1714.942328368159,2057.9307940417907,797.2319394964493,342.9884656736318,True
23->21,23,21,416,414,2.0,0.85,1.7,0.30000000000000004,0.0,False,1.0,0.0,1390.658897963515,1337.039553392104,1604.4474640705246,943.4696029600061,267.4079106784208,True
23->22,23,22,416,415,3.0,0.85,2.55,0.45000000000000007,0.0,False,1.0,0.0,997.8250656849141,997.8250656849141,1197.3900788218969,943.4696029600061,199.56501313698283,True
23->24,23,24,416,417,4.0,0.85,3.4,0.6000000000000001,0.0,False,1.0,0.0,1090.838925353126,1089.4216083023218,1307.3059299627862,894.8201797901139,217.88432166046437,True
23->25,23,25,416,418,1.0,0.85,0.85,0.15000000000000002,0.0,False,1.0,0.0,1212.4606635374753,1212.4606635374753,1454.9527962449704,1212.4606635374753,242.49213270749507,True
23->26,23,26,416,419,5.0,0.85,4.25,0.7500000000000001,0.0,False,1.0,0.0,1763.9857307765658,1618.260948630025,1941.91313835603,1030.6821797901137,323.652189726005,True
23->6,23,6,416,397,1.0,0.85,0.85,0.15000000000000002,1.0,True,0.17070065129152767,0.8292993487084723,2670.9062315910423,2670.9062315910423,3205.0874779092505,455.92543327119074,534.1812463182085,False
23->8,23,8,416,399,1.0,0.85,0.85,0.15000000000000002,1.0,True,0.15042045934631607,0.8495795406536839,3416.931682729756,3416.931682729756,4100.318019275707,513.9764332711907,683.3863365459513,False
24->10,24,10,417,402,1.0,0.85,0.85,0.15000000000000002,1.0,True,0.10045077268807583,0.8995492273119242,1915.0232374012112,1714.7205082718765,2057.6646099262516,172.24500000000012,342.94410165437534,False
24->12,24,12,417,404,1.0,0.85,0.85,0.15000000000000002,0.0,False,1.0,0.0,2247.9171574602133,1949.8742416647144,2339.8490899976573,644.9297688544611,389.9748483329429,True
24->13,24,13,417,405,3.0,0.85,2.55,0.45000000000000007,0.0,False,1.0,0.0,1913.664995972764,1703.7106361222104,2044.4527633466523,888.19751330226,340.74212722444213,True
24->14,24,14,417,406,3.0,0.85,2.55,0.45000000000000007,1.0,True,0.09093877481966008,0.9090612251803399,1267.1732253295932,1187.656202914345,1425.187443497214,108.00400000000013,237.531240582869,False
24->15,24,15,417,407,2.0,0.85,1.7,0.30000000000000004,0.0,False,1.0,0.0,1546.599656771035,1546.599656771035,1855.9195881252417,616.525201390439,309.31993135420703,True
24->19,24,19,417,412,3.0,0.85,2.55,0.45000000000000007,1.0,True,0.18898959555155115,0.8110104044484489,1243.4093297865788,1243.4093297865788,1492.0911957438946,234.99142634139082,248.68186595731578,False
24->20,24,20,417,413,1.0,0.85,0.85,0.15000000000000002,0.0,False,1.0,0.0,1183.957138602928,1114.188945396201,1337.0267344754411,244.82880697193696,222.83778907924022,True
24->21,24,21,417,414,1.0,0.85,0.85,0.15000000000000002,0.0,False,1.0,0.0,736.2861704201459,736.2861704201459,883.5434045041751,283.3536530990249,147.2572340840292,True
24->22,24,22,417,415,1.0,0.85,0.85,0.15000000000000002,1.0,True,0.0,1.0,649.86855868917,601.18298279492,721.4195793539039,0.0,120.236596558984,False
24->23,24,23,417,416,2.0,0.85,1.7,0.30000000000000004,0.0,False,1.0,0.0,1095.022676606971,1093.6053595561668,1312.3264314674002,899.0039310439589,218.72107191123337,True
24->25,24,25,417,418,1.0,0.85,0.85,0.15000000000000002,0.0,False,1.0,0.0,584.1520518473441,584.1520518473441,700.9824622168129,584.1520518473441,116.83041036946882,True
24->26,24,26,417,419,5.0,0.85,4.25,0.7500000000000001,1.0,True,0.1366126377539033,0.8633873622460967,1050.951534669208,989.952336939894,1187.9428043278729,135.23999999999978,197.9904673879788,False
24->27,24,27,417,420,1.0,0.85,0.85,0.15000000000000002,0.0,False,1.0,0.0,1551.653278059701,1551.653278059701,1861.9839336716411,1214.0434789477831,310.33065561194024,True
24->28,24,28,417,421,1.0,0.85,0.85,0.15000000000000002,0.0,False,1.0,0.0,1445.9279243267022,1289.6760624836581,1547.6112749803897,443.252446904369,257.93521249673165,True
24->29,24,29,417,423,1.0,0.85,0.85,0.15000000000000002,0.0,False,1.0,0.0,1499.0061714986562,1367.6786801835433,1641.214416220252,564.0144406798131,273.53573603670867,True
24->8,24,8,417,399,1.0,0.85,0.85,0.15000000000000002,1.0,True,0.12320720252467546,0.8767927974753246,3171.340717751138,3171.340717751138,3805.6088613013653,390.7320180867141,634.2681435502277,False
25->10,25,10,418,402,1.0,0.85,0.85,0.15000000000000002,0.0,False,1.0,0.0,2109.041970612979,1994.6890453599146,2393.6268544318973,612.3367693049681,398.93780907198294,True
25->13,25,13,418,405,1.0,0.85,0.85,0.15000000000000002,0.0,False,1.0,0.0,2256.6188976375493,1988.6251005425775,2386.3501206510928,518.5403631641975,397.72502010851554,True
25->14,25,14,418,406,1.0,0.85,0.85,0.15000000000000002,1.0,True,0.11355837322580593,0.886441626774194,1422.2024797665813,1422.2024797665813,1706.6429757198975,161.50300000000016,284.44049595331626,False
25->19,25,19,418,412,1.0,0.85,0.85,0.15000000000000002,0.0,False,1.0,0.0,1503.03415703727,1274.8939546667548,1529.8727456001056,280.17727341063096,254.97879093335098,True
25->2,25,2,418,393,1.0,0.85,0.85,0.15000000000000002,1.0,True,0.15060533468049941,0.8493946653195006,1578.9491143347016,1578.9491143347016,1894.7389372016419,237.79815980785588,315.7898228669403,False
25->20,25,20,418,413,2.0,0.85,1.7,0.30000000000000004,1.0,True,0.12263129740681739,0.8773687025931827,1177.855710457312,1030.047,1236.0564,126.31600000000003,206.00940000000003,False
25->21,25,21,418,414,1.0,0.15,0.15,0.85,0.0,False,1.0,0.0,727.047679829409,680.7339546667549,816.8807456001059,198.34102731344706,136.14679093335099,True
25->22,25,22,418,415,1.0,0.85,0.85,0.15000000000000002,1.0,True,0.0664668224059575,0.9335331775940425,804.897813126158,804.897813126158,965.8773757513895,53.49899999999991,160.9795626252316,False
25->23,25,23,418,416,1.0,0.85,0.85,0.15000000000000002,0.0,False,1.0,0.0,1212.460663537475,1212.460663537475,1454.95279624497,1212.460663537475,242.49213270749502,True
25->24,25,24,418,417,2.0,0.85,1.7,0.30000000000000004,0.0,False,1.0,0.0,584.152051847344,584.152051847344,700.9824622168127,584.152051847344,116.8304103694688,True
25->26,25,26,418,419,13.0,0.15,1.95,11.049999999999999,1.0,True,0.0,1.0,474.77852418283805,474.77852418283805,569.7342290194057,0.0,94.95570483656762,False
25->27,25,27,418,420,3.0,0.85,2.55,0.45000000000000007,0.0,False,1.0,0.0,1186.433386738773,1186.433386738773,1423.7200640865274,848.8235876268549,237.2866773477546,True
25->28,25,28,418,421,3.0,0.15,0.44999999999999996,2.55,1.0,True,0.06963857387915212,0.9303614261208479,1017.3653522460211,1017.3653522460211,1220.8384226952253,70.84787224447416,203.47307044920422,False
25->3,25,3,418,394,5.0,0.85,4.25,0.7500000000000001,1.0,True,0.19367602331643755,0.8063239766835625,2562.4166889399626,2562.4166889399626,3074.900026727955,496.27867439356487,512.4833377879926,False
25->4,25,4,418,395,1.0,0.85,0.85,0.15000000000000002,1.0,True,0.147402495539958,0.852597504460042,1852.5409546667547,1852.5409546667547,2223.0491456001055,273.06915980785584,370.508190933351,False
25->8,25,8,418,399,1.0,0.85,0.85,0.15000000000000002,0.0,False,1.0,0.0,3433.471631854076,3253.7134110603693,3904.456093272443,1381.415180715363,650.7426822120739,True
26->1,26,1,419,392,2.0,0.85,1.7,0.30000000000000004,1.0,True,0.1731576944299966,0.8268423055700034,2003.444029466978,1730.0705855462559,2076.084702655507,299.5750337943439,346.0141171092512,False
26->10,26,10,419,402,6.0,0.85,5.1,0.9000000000000001,1.0,True,0.18385431762094362,0.8161456823790564,2318.542919061096,2239.447005399091,2687.336406478909,411.73200102591545,447.8894010798182,False
26->11,26,11,419,403,3.0,0.85,2.55,0.45000000000000007,0.0,False,1.0,0.0,2900.9493783581293,2767.0920473997908,3320.5104568797487,644.26226921857,553.4184094799582,True
26->12,26,12,419,404,8.0,0.15,1.2,6.8,0.0,False,1.0,0.0,2529.5939809163947,2529.5939809163947,3035.5127770996737,758.2141557960167,505.91879618327897,True
26->13,26,13,419,405,3.0,0.15,0.44999999999999996,2.55,0.0,False,1.0,0.0,2478.9951707796963,2361.2771676491775,2833.532601179013,650.4226107518843,472.2554335298355,True
26->14,26,14,419,406,9.0,0.15,1.3499999999999999,7.6499999999999995,1.0,True,0.18712671534208705,0.812873284657913,1666.9604398057572,1666.9604398057572,2000.3525277669087,311.9328317060522,333.39208796115145,False
26->15,26,15,419,407,1.0,0.15,0.15,0.85,1.0,True,0.11424797742670764,0.8857520225732923,1632.6264815522902,1632.6264815522902,1959.151777862748,186.52427341063117,326.5252963104581,False
26->16,26,16,419,408,1.0,0.15,0.15,0.85,1.0,True,0.1543796450765602,0.8456203549234398,2036.6645068604598,1992.8449534404176,2391.413944128501,307.6546966047458,398.56899068808355,False
26->17,26,17,419,409,3.0,0.15,0.44999999999999996,2.55,1.0,True,0.15341477642512036,0.8465852235748796,1624.975632854432,1624.975632854432,1949.9707594253182,249.29527341063113,324.99512657088644,False
26->18,26,18,419,410,7.0,0.15,1.05,5.95,1.0,True,0.14879699799592158,0.8512030020040784,1253.548632854432,1253.548632854432,1504.2583594253185,186.52427341063117,250.70972657088643,False
26->19,26,19,419,412,15.0,0.15,2.25,12.75,1.0,True,0.1579213181885379,0.8420786818114621,1368.6386133813187,1252.775632854432,1503.3307594253183,197.8399793348517,250.5551265708864,False
26->2,26,2,419,393,8.0,0.15,1.2,6.8,1.0,True,0.07766757476316846,0.9223324252368316,1556.2127925223788,1556.2127925223788,1867.4553510268545,120.86727341063101,311.24255850447577,False
26->20,26,20,419,413,30.0,0.15,4.5,25.5,1.0,True,0.07647286166059093,0.923527138339409,1004.7592691277489,926.4446328544319,1111.7335594253182,70.84787224447393,185.2889265708864,False
26->21,26,21,419,414,15.0,0.15,2.25,12.75,1.0,True,0.1763930031973552,0.8236069968026448,712.2107891061961,712.2107891061961,854.6529469274353,125.62900000000013,142.44215782123922,False
26->22,26,22,419,415,10.0,0.15,1.5,8.5,1.0,True,0.19428162729109355,0.8057183727089064,1049.655773165334,1049.655773165334,1259.586927798401,203.92883170605205,209.93115463306682,False
26->23,26,23,419,416,3.0,0.85,2.55,0.45000000000000007,0.0,False,1.0,0.0,1751.171891083135,1618.2609486300248,1941.9131383560298,1102.932762750011,323.65218972600496,True
26->24,26,24,419,417,5.0,0.85,4.25,0.7500000000000001,1.0,True,0.05404199576453754,0.9459580042354625,1059.19926974585,989.952336939894,1187.9428043278729,53.498999999999796,197.9904673879788,False
26->25,26,25,419,418,9.0,0.15,1.3499999999999999,7.6499999999999995,1.0,True,0.0,1.0,474.77852418283805,474.77852418283805,569.7342290194057,0.0,94.95570483656762,False
26->27,26,27,419,420,34.0,0.85,28.9,5.1000000000000005,1.0,True,0.0,1.0,1112.629972154745,1030.341439569697,1236.4097274836365,0.0,206.06828791393943,False
26->28,26,28,419,421,20.0,0.15,3.0,17.0,1.0,True,0.13057425757527588,0.8694257424247241,542.586828063183,542.586828063183,651.1041936758196,70.84787224447399,108.51736561263661,False
26->29,26,29,419,423,3.0,0.15,0.44999999999999996,2.55,1.0,True,0.15214416504997913,0.8478558349500209,784.56830020287,784.56830020287,941.481960243444,119.36748895904702,156.913660040574,False
26->3,26,3,419,394,6.0,0.85,5.1,0.9000000000000001,1.0,True,0.17314585910030972,0.8268541408996903,2466.314489961695,2466.314489961695,2959.577387954034,427.03214117595985,493.26289799233905,False
26->30,26,30,419,424,1.0,0.85,0.85,0.15000000000000002,0.0,False,1.0,0.0,1470.3270639454897,1331.1815855462557,1597.4179026555069,434.6838722444736,266.23631710925116,True
26->4,26,4,419,395,5.0,0.15,0.75,4.25,1.0,True,0.08533057060144211,0.9146694293985579,1829.804632854432,1829.804632854432,2195.7655594253183,156.13827341063097,365.9609265708864,False
26->5,26,5,419,396,3.0,0.15,0.44999999999999996,2.55,1.0,True,0.15234415271671153,0.8476558472832885,2020.5716328544318,2020.5716328544318,2424.685959425318,307.8222734106307,404.11432657088636,False
26->6,26,6,419,397,6.0,0.85,5.1,0.9000000000000001,1.0,True,0.12536811783726123,0.8746318821627388,2455.347330094011,2455.347330094011,2946.416796112813,307.8222734106307,491.0694660188022,False
26->7,26,7,419,398,2.0,0.85,1.7,0.30000000000000004,1.0,True,0.15003006857527398,0.849969931424726,2846.3103778540694,2846.3103778540694,3415.5724534248834,427.0321411759601,569.2620755708139,False
26->8,26,8,419,399,12.0,0.15,1.7999999999999998,10.2,1.0,True,0.17694771806978804,0.823052281930212,3278.838384265311,3278.838384265311,3934.606061118373,580.1829700153776,655.7676768530623,False
26->9,26,9,419,401,1.0,0.85,0.85,0.15000000000000002,1.0,True,0.12030588884108105,0.8796941111589189,2550.7122105962694,2326.893576837196,2792.2722922046355,279.9390000000012,465.37871536743927,False
27->10,27,10,420,402,1.0,0.85,0.85,0.15000000000000002,0.0,False,1.0,0.0,3463.845489505237,3044.0533723149547,3652.8640467779455,840.2563017916955,608.810674462991,True
27->11,27,11,420,403,1.0,0.85,0.85,0.15000000000000002,0.0,False,1.0,0.0,4037.739525759208,3571.6984143156533,4286.038097178784,1476.7928621798455,714.3396828631307,True
27->12,27,12,420,404,1.0,0.85,0.85,0.15000000000000002,0.0,False,1.0,0.0,3334.2003478322576,3334.2003478322576,4001.040417398709,1429.042851933086,666.8400695664516,True
27->13,27,13,420,405,2.0,0.85,1.7,0.30000000000000004,0.0,False,1.0,0.0,3503.167638329695,2956.126326754933,3547.3515921059193,1335.7921360059672,591.2252653509867,True
27->14,27,14,420,406,4.0,0.85,3.4,0.6000000000000001,1.0,True,0.1930586910753511,0.8069413089246489,2949.0850207174954,2471.5668067216197,2965.8801680659435,477.1574526109612,494.313361344324,False
27->16,27,16,420,408,1.0,0.85,0.85,0.15000000000000002,0.0,False,1.0,0.0,3000.7344057533164,2809.5907684822278,3371.5089221786734,905.4674158999242,561.9181536964455,True
27->17,27,17,420,409,1.0,0.85,0.85,0.15000000000000002,0.0,False,1.0,0.0,2807.760710243429,2433.181063568938,2919.8172762827257,939.5431701913731,486.63621271378764,True
27->18,27,18,420,410,3.0,0.85,2.55,0.45000000000000007,1.0,True,0.19690749001857502,0.803092509981425,2195.068807601898,2195.068807601898,2634.082569122277,432.22548932295604,439.0137615203796,False
27->19,27,19,420,412,3.0,0.85,2.55,0.45000000000000007,1.0,True,0.17378275332890647,0.8262172466710935,2201.0236211925358,2110.248329227214,2532.2979950726567,366.72476486082996,422.04966584544286,False
27->2,27,2,420,393,3.0,0.85,2.55,0.45000000000000007,0.0,False,1.0,0.0,2595.50700479693,2263.139103852999,2715.7669246235987,668.5011183777981,452.62782077059984,True
27->20,27,20,420,413,11.0,0.85,9.35,1.6500000000000004,1.0,True,0.19088062986047882,0.8091193701395212,1772.653128670267,1745.936329227214,2095.123595072657,333.2654262191829,349.1872658454428,False
27->21,27,21,420,414,6.0,0.85,5.1,0.9000000000000001,1.0,True,0.1498243731583675,0.8501756268416325,1827.398840315937,1730.0982816217936,2076.1179379461523,259.210890546354,346.0196563243587,False
27->22,27,22,420,415,4.0,0.85,3.4,0.6000000000000001,1.0,True,0.13979193391448055,0.8602080660855195,2219.4613023381958,1854.262140081197,2225.1145680974364,259.210890546354,370.8524280162394,False
27->25,27,25,420,418,2.0,0.85,1.7,0.30000000000000004,0.0,False,1.0,0.0,1186.433386738773,1186.433386738773,1423.7200640865274,848.8235876268549,237.2866773477546,True
27->26,27,26,420,419,35.0,0.85,29.75,5.250000000000001,1.0,True,0.0,1.0,1112.629972154745,1038.036726453875,1245.6440717446499,0.0,207.60734529077502,False
27->28,27,28,420,421,10.0,0.85,8.5,1.5000000000000002,1.0,True,0.17369877514866056,0.8263012248513395,1313.0797631393602,1202.4370061743462,1442.9244074092153,208.8618351659063,240.48740123486925,False
27->29,27,29,420,423,2.0,0.85,1.7,0.30000000000000004,1.0,True,0.07821334582454971,0.9217866541754502,1534.4142723576151,1526.1780160487651,1831.413619258518,119.36748895904725,305.23560320975304,False
27->3,27,3,420,394,1.0,0.85,0.85,0.15000000000000002,0.0,False,1.0,0.0,3346.9025866934417,2875.4215414585815,3450.505849750298,760.9066134303498,575.0843082917163,True
27->4,27,4,420,395,6.0,0.85,5.1,0.9000000000000001,1.0,True,0.19963453015497581,0.8003654698450242,2716.4482524776768,2496.265966878553,2995.5191602542636,498.3408834396564,499.2531933757107,False
27->5,27,5,420,396,1.0,0.85,0.85,0.15000000000000002,0.0,False,1.0,0.0,2898.5526264888463,2693.1756413341927,3231.810769601031,1019.8909907613036,538.6351282668386,True
27->6,27,6,420,397,4.0,0.85,3.4,0.6000000000000001,0.0,False,1.0,0.0,3415.8013538950872,3054.617685520434,3665.5412226245207,937.0922872514593,610.9235371040868,True
27->8,27,8,420,399,2.0,0.85,1.7,0.30000000000000004,0.0,False,1.0,0.0,4152.253807445,3883.2851366591476,4659.942163990977,1267.514322153028,776.6570273318296,True
28->1,28,1,421,392,3.0,0.85,2.55,0.45000000000000007,0.0,False,1.0,0.0,1408.0883000049141,1251.339150614321,1501.606980737185,1076.7260867164682,250.2678301228642,True
28->10,28,10,421,402,1.0,0.85,0.85,0.15000000000000002,1.0,True,0.16314713626698132,0.8368528637330187,2420.183653484505,2235.591378823401,2682.7096545880813,364.7303313181901,447.1182757646802,False
28->11,28,11,421,403,1.0,0.15,0.15,0.85,0.0,False,1.0,0.0,2895.620695037557,2804.683388765616,3365.6200665187393,630.5459334597945,560.9366777531233,True
28->12,28,12,421,404,4.0,0.85,3.4,0.6000000000000001,1.0,True,0.1479624287546679,0.8520375712453321,2636.400298140816,2636.400298140816,3163.6803577689793,390.0881912824457,527.2800596281633,False
28->13,28,13,421,405,2.0,0.85,1.7,0.30000000000000004,1.0,True,0.1291386640961689,0.8708613359038311,2468.9441035675995,2468.9441035675995,2962.7329242811193,318.83614326283305,493.78882071351995,False
28->14,28,14,421,406,7.0,0.85,5.95,1.0500000000000003,1.0,True,0.10096594284478312,0.8990340571552169,1679.606342552976,1679.606342552976,2015.5276110635712,169.583037983939,335.9212685105952,False
28->15,28,15,421,407,1.0,0.15,0.15,0.85,1.0,True,0.07938438154985604,0.920615618450144,1371.756457100428,1371.756457100428,1646.1077485205135,108.8960379839391,274.3512914200856,False
28->16,28,16,421,408,1.0,0.85,0.85,0.15000000000000002,1.0,True,0.08740894961999325,0.9125910503800068,1749.86134333172,1613.4393399881446,1936.1272079857736,141.0290379839389,322.6878679976289,False
28->17,28,17,421,409,2.0,0.15,0.3,1.7,1.0,True,0.13529244580361374,0.8647075541963862,1367.679206745288,1237.0296350748558,1484.435562089827,167.36076486082902,247.40592701497118,False
28->18,28,18,421,410,6.0,0.15,0.8999999999999999,5.1,1.0,True,0.10969918870234925,0.8903008112976507,992.6786084025699,992.6786084025699,1191.214330083084,108.89603798393898,198.535721680514,False
28->19,28,19,421,412,10.0,0.15,1.5,8.5,1.0,True,0.0,1.0,914.529556479562,914.096900733132,1096.9162808797582,0.0,182.8193801466264,False
28->2,28,2,421,393,3.0,0.15,0.44999999999999996,2.55,1.0,True,0.11382217124153166,0.8861778287584683,1132.09051096525,1132.09051096525,1358.5086131582998,128.85699999999974,226.41810219305,False
28->20,28,20,421,413,17.0,0.15,2.55,14.45,1.0,True,0.0,1.0,550.217556479562,549.784900733132,659.7418808797584,0.0,109.95698014662639,False
28->21,28,21,421,414,6.0,0.85,5.1,0.9000000000000001,1.0,True,0.0,1.0,990.9042226016189,830.097881813201,996.1174581758411,0.0,166.0195763626402,False
28->22,28,22,421,415,5.0,0.85,4.25,0.7500000000000001,1.0,True,0.19225920177020053,0.8077407982297995,1228.562668767547,1214.1773330560602,1457.0127996672722,233.43676486082904,242.83546661121204,False
28->23,28,23,421,416,1.0,0.85,0.85,0.15000000000000002,0.0,False,1.0,0.0,2230.819374448076,1992.661247964605,2391.193497557526,1049.16100781645,398.53224959292106,True
28->24,28,24,421,417,1.0,0.85,0.85,0.15000000000000002,0.0,False,1.0,0.0,1289.6760624836581,1289.6760624836581,1547.6112749803897,486.49148488830815,257.93521249673165,True
28->25,28,25,421,418,3.0,0.15,0.44999999999999996,2.55,1.0,True,0.06963857387915212,0.9303614261208479,1017.3653522460211,1017.3653522460211,1220.8384226952253,70.84787224447416,203.47307044920422,False
28->26,28,26,421,419,22.0,0.15,3.3,18.7,1.0,True,0.13057425757527588,0.8694257424247241,542.586828063183,542.586828063183,651.1041936758196,70.84787224447399,108.51736561263661,False
28->27,28,27,421,420,9.0,0.85,7.6499999999999995,1.35,1.0,True,0.1736987751486604,0.8263012248513396,1313.07976313936,1202.437006174346,1442.924407409215,208.8618351659061,240.4874012348692,False
28->29,28,29,421,423,7.0,0.15,1.05,5.95,1.0,True,0.147017296618666,0.852982703381334,330.026587554683,330.026587554683,396.0319050656196,48.519616714572976,66.00531751093659,False
28->3,28,3,421,394,10.0,0.85,8.5,1.5000000000000002,1.0,True,0.0846085747587438,0.9153914252412562,2041.9817027116965,2041.9817027116965,2450.3780432540357,172.76916154986952,408.3963405423393,False
28->30,28,30,421,424,1.0,0.85,0.85,0.15000000000000002,0.0,False,1.0,0.0,1079.140140555728,906.848798296258,1088.2185579555096,437.51661671457305,181.3697596592516,True
28->4,28,4,421,395,3.0,0.85,2.55,0.45000000000000007,1.0,True,0.11676037608960968,0.8832396239103903,1405.682351297303,1405.682351297303,1686.8188215567636,164.12799999999993,281.1364702594606,False
28->5,28,5,421,396,3.0,0.15,0.44999999999999996,2.55,1.0,True,0.1978214966502794,0.8021785033497206,1596.4493512973029,1596.4493512973029,1915.7392215567634,315.8120000000001,319.2898702594606,False
28->6,28,6,421,397,6.0,0.15,0.8999999999999999,5.1,1.0,True,0.1554785867905103,0.8445214132094897,2031.225048536882,2031.225048536882,2437.4700582442583,315.8120000000001,406.2450097073764,False
28->7,28,7,421,398,5.0,0.85,4.25,0.7500000000000001,1.0,True,0.07133392241947976,0.9286660775805202,2421.9775906040704,2421.9775906040704,2906.3731087248843,172.7691615498693,484.39551812081413,False
28->8,28,8,421,399,6.0,0.15,0.8999999999999999,5.1,1.0,True,0.13875287506807327,0.8612471249319267,2857.0507083583825,2857.0507083583825,3428.4608500300587,396.4240000000009,571.4101416716766,False
29->1,29,1,423,392,1.0,0.85,0.85,0.15000000000000002,0.0,False,1.0,0.0,1172.9765185225328,1013.9050000000001,1216.6860000000001,455.54716154986977,202.78100000000003,True
29->10,29,10,423,402,2.0,0.85,1.7,0.30000000000000004,1.0,True,0.15671518853357516,0.8432848114664249,2352.7405717443494,2222.164944730304,2666.5979336763644,348.2469982661112,444.4329889460608,False
29->14,29,14,423,406,1.0,0.85,0.85,0.15000000000000002,0.0,False,1.0,0.0,1750.5555709290043,1750.5555709290043,2100.666685114805,534.2570632120814,350.1111141858009,True
29->17,29,17,423,409,2.0,0.85,1.7,0.30000000000000004,0.0,False,1.0,0.0,945.196836778598,945.196836778598,1134.2362041343176,728.822063212081,189.0393673557196,True
29->18,29,18,423,410,5.0,0.15,0.75,4.25,1.0,True,0.10734639764635984,0.8926536023536402,1140.979797341405,1063.627836778598,1276.3534041343175,114.1766167145729,212.72556735571962,False
29->19,29,19,423,412,6.0,0.15,0.8999999999999999,5.1,1.0,True,0.15724931425962488,0.8427506857403751,836.323559980398,813.6568367785981,976.3882041343177,127.94697962609007,162.7313673557196,False
29->2,29,2,423,393,2.0,0.15,0.3,1.7,1.0,True,0.1465074323554529,0.8534925676445471,849.439712668992,840.257712668992,1008.3092552027904,123.10399999999993,168.0515425337984,False
29->20,29,20,423,413,12.0,0.15,1.7999999999999998,10.2,1.0,True,0.10279328056412004,0.8972067194358799,542.310131219348,472.01155998039803,566.4138719764776,48.51961671457303,94.40231199607962,False
29->21,29,21,423,414,2.0,0.15,0.3,1.7,1.0,True,0.18740170194238903,0.812598298057611,974.605634634106,908.1004995130861,1089.7205994157032,170.17957914348597,181.62009990261723,False
29->26,29,26,423,419,4.0,0.15,0.6,3.4,1.0,True,0.15236031648141501,0.847639683518585,783.455244224355,783.455244224355,940.146293069226,119.36748895904702,156.69104884487103,False
29->27,29,27,423,420,1.0,0.85,0.85,0.15000000000000002,1.0,True,0.16876753359320704,0.8312324664067929,1553.9481793005318,1525.0649600702498,1830.0779520842996,257.38145188047883,305.01299201405,False
29->28,29,28,423,421,6.0,0.15,0.8999999999999999,5.1,1.0,True,0.14751480877683826,0.8524851912231617,328.913531576168,328.913531576168,394.6962378914016,48.519616714572976,65.7827063152336,False
29->3,29,3,423,394,3.0,0.85,2.55,0.45000000000000007,1.0,True,0.09871683552981772,0.9012831644701823,1750.1489044154387,1750.1489044154387,2100.1786852985265,172.76916154986952,350.02978088308777,False
29->30,29,30,423,424,2.0,0.85,1.7,0.30000000000000004,0.0,False,1.0,0.0,723.952553001045,615.0160000000001,738.0192000000001,363.83599999999996,123.00320000000002,True
29->4,29,4,423,395,6.0,0.15,0.8999999999999999,5.1,1.0,True,0.1473520365095891,0.8526479634904109,1113.8495530010448,1113.8495530010448,1336.6194636012538,164.12799999999947,222.76991060020896,False
29->5,29,5,423,396,3.0,0.15,0.44999999999999996,2.55,0.0,False,1.0,0.0,1304.6165530010448,1304.6165530010448,1565.5398636012537,315.81199999999967,260.923310600209,True
29->6,29,6,423,397,6.0,0.15,0.8999999999999999,5.1,1.0,True,0.1815645665641612,0.8184354334358388,1739.392250240624,1739.392250240624,2087.2707002887487,315.8119999999999,347.8784500481248,False
29->7,29,7,423,398,5.0,0.85,4.25,0.7500000000000001,1.0,True,0.081106768973526,0.918893231026474,2130.1447923078126,2130.1447923078126,2556.173750769375,172.7691615498693,426.0289584615625,False
29->8,29,8,423,399,4.0,0.15,0.6,3.4,1.0,True,0.1545381382396474,0.8454618617603527,2565.2179100621242,2565.2179100621242,3078.261492074549,396.424,513.0435820124248,False
3->1,3,1,394,392,8.0,0.85,6.8,1.2000000000000002,1.0,True,0.06096418988790397,0.939035810112096,1007.726292708472,917.88310650713,1101.459727808556,55.957999999999856,183.57662130142603,False
3->10,3,10,394,402,2.0,0.85,1.7,0.30000000000000004,0.0,False,1.0,0.0,2781.8435497671826,2781.8435497671826,3338.212259720619,1529.0062367071048,556.3687099534366,True
3->11,3,11,394,403,1.0,0.15,0.15,0.85,0.0,False,1.0,0.0,3354.1415497671824,3354.1415497671824,4024.969859720619,1614.0212367071047,670.8283099534365,True
3->12,3,12,394,404,1.0,0.85,0.85,0.15000000000000002,0.0,False,1.0,0.0,3346.5793240502303,3346.5793240502303,4015.895188860276,1468.112787610491,669.3158648100462,True
3->13,3,13,394,405,2.0,0.85,1.7,0.30000000000000004,0.0,False,1.0,0.0,3179.1231294770137,3179.1231294770137,3814.9477553724164,1396.8607395908784,635.8246258954027,True
3->16,3,16,394,408,1.0,0.15,0.15,0.85,0.0,False,1.0,0.0,1989.3068250166068,1915.641275810911,2298.7695309730934,992.7935765809998,383.12825516218226,True
3->17,3,17,394,409,2.0,0.15,0.3,1.7,0.0,False,1.0,0.0,1791.2963644737454,1579.5306343119837,1895.4367611743803,815.6874173218874,315.9061268623968,True
3->18,3,18,394,410,1.0,0.15,0.15,0.85,0.0,False,1.0,0.0,2012.7725807232162,1704.6526343119835,2045.5831611743802,857.7425807232162,340.93052686239673,True
3->19,3,19,394,412,4.0,0.15,0.6,3.4,0.0,False,1.0,0.0,1843.999846923246,1546.8578527790503,1856.2294233348603,1018.633997605337,309.3715705558101,True
3->2,3,2,394,393,8.0,0.15,1.2,6.8,1.0,True,0.14629015214952734,0.8537098478504727,1087.1946505768562,1033.878481420827,1240.6541777049924,151.24624035117506,206.7756962841654,False
3->20,3,20,394,413,7.0,0.15,1.05,5.95,1.0,True,0.15485825370628803,0.845141746293712,1669.1426410887739,1669.1426410887739,2002.9711693065285,258.480514585709,333.8285282177548,False
3->21,3,21,394,414,1.0,0.85,0.85,0.15000000000000002,1.0,True,0.13378260198612837,0.8662173980138717,1932.093641088774,1932.093641088774,2318.5123693065284,258.480514585709,386.4187282177548,False
3->25,3,25,394,418,3.0,0.85,2.55,0.45000000000000007,1.0,True,0.1946049423037201,0.8053950576962798,2627.9636324266207,2627.9636324266207,3153.5563589119447,511.41471106465724,525.5927264853242,False
3->26,3,26,394,419,5.0,0.85,4.25,0.7500000000000001,1.0,True,0.16967768582253215,0.8303223141774678,2516.725396777261,2516.725396777261,3020.070476132713,427.0321411759596,503.3450793554522,False
3->27,3,27,394,420,1.0,0.85,0.85,0.15000000000000002,0.0,False,1.0,0.0,3411.3982134288444,2883.8517150564694,3460.622058067763,788.7589391051715,576.7703430112939,True
3->28,3,28,394,421,5.0,0.85,4.25,0.7500000000000001,1.0,True,0.08308272267142891,0.9169172773285711,2091.2795535487476,2079.48362781908,2495.380353382896,172.76916154986952,415.89672556381606,False
3->29,3,29,394,423,1.0,0.85,0.85,0.15000000000000002,1.0,True,0.09595302553806911,0.9040469744619308,1800.559811231005,1800.559811231005,2160.671773477206,172.76916154986952,360.111962246201,False
3->4,3,4,394,395,12.0,0.15,1.7999999999999998,10.2,0.0,False,1.0,0.0,1122.576726712014,953.2586841995671,1143.9104210394805,725.2677795601561,190.65173683991344,True
3->5,3,5,394,396,3.0,0.15,0.44999999999999996,2.55,0.0,False,1.0,0.0,1059.030634311984,1059.030634311984,1270.8367611743806,688.2136343119839,211.8061268623968,True
3->6,3,6,394,397,21.0,0.15,3.15,17.849999999999998,0.0,False,1.0,0.0,1382.2586812744853,1382.2586812744853,1658.7104175293823,966.4702953330433,276.45173625489707,True
3->7,3,7,394,398,24.0,0.15,3.5999999999999996,20.4,1.0,True,0.0,1.0,623.775887892374,623.775887892374,748.5310654708488,0.0,124.75517757847481,False
3->8,3,8,394,399,12.0,0.15,1.7999999999999998,10.2,0.0,False,1.0,0.0,1654.0968313928433,1654.0968313928433,1984.916197671412,988.1789435004692,330.8193662785687,True
3->9,3,9,394,401,2.0,0.85,1.7,0.30000000000000004,0.0,False,1.0,0.0,2456.451133775417,2322.0523551919505,2786.4628262303404,1357.505231164168,464.41047103839014,True
30->14,30,14,424,406,2.0,0.85,1.7,0.30000000000000004,0.0,False,1.0,0.0,1992.1957341504062,1992.1957341504062,2390.634880980487,795.6400000000003,398.43914683008126,True
30->19,30,19,424,412,1.0,0.85,0.85,0.15000000000000002,0.0,False,1.0,0.0,1102.131559980398,1055.297,1266.3564,568.3589796260899,211.0594,True
30->20,30,20,424,413,2.0,0.85,1.7,0.30000000000000004,0.0,False,1.0,0.0,737.8195599803979,737.8195599803979,885.3834719764775,568.3589796260899,147.56391199607958,True
30->26,30,26,424,419,2.0,0.85,1.7,0.30000000000000004,0.0,False,1.0,0.0,1494.3750079669753,1331.181585546256,1597.417902655507,459.8448722444741,266.2363171092512,True
30->29,30,29,424,423,2.0,0.85,1.7,0.30000000000000004,0.0,False,1.0,0.0,723.952553001045,615.016,738.0192,363.83599999999996,123.00319999999999,True
30->4,30,4,424,395,1.0,0.85,0.85,0.15000000000000002,0.0,False,1.0,0.0,997.519,938.7878523328649,1126.5454227994378,584.302,187.757570466573,True
30->5,30,5,424,396,1.0,0.85,0.85,0.15000000000000002,0.0,False,1.0,0.0,1193.46,1135.6975267885036,1362.8370321462044,584.302,227.13950535770073,True
30->6,30,6,424,397,2.0,0.85,1.7,0.30000000000000004,0.0,False,1.0,0.0,1645.301041145401,1497.1395709747446,1796.5674851696936,647.1981993276881,299.4279141949489,True
30->8,30,8,424,399,1.0,0.85,0.85,0.15000000000000002,0.0,False,1.0,0.0,2471.126700966901,2325.807022113457,2790.9684265361484,727.810199327688,465.1614044226915,True
4->1,4,1,395,392,2.0,0.85,1.7,0.30000000000000004,0.0,False,1.0,0.0,824.275646363318,762.9449122621521,915.5338947145825,459.887528846109,152.58898245243043,True
4->10,4,10,395,402,4.0,0.15,0.6,3.4,1.0,True,0.13254925570812526,0.8674507442918747,1939.0844149376558,1939.0844149376558,2326.901297925187,257.0241959552118,387.8168829875312,False
4->11,4,11,395,403,2.0,0.15,0.3,1.7,1.0,True,0.13619558451981226,0.8638044154801877,2511.3824149376555,2511.3824149376555,3013.6588979251865,342.03919595521165,502.27648298753115,False
4->12,4,12,395,404,3.0,0.15,0.44999999999999996,2.55,0.0,False,1.0,0.0,2641.580920541383,2464.4356897382463,2957.3228276858954,758.7074353008138,492.8871379476493,True
4->13,4,13,395,405,5.0,0.15,0.75,4.25,0.0,False,1.0,0.0,2533.3304510266,2296.9794951650297,2756.3753941980353,548.9367799097727,459.39589903300595,True
4->14,4,14,395,406,8.0,0.15,1.2,6.8,0.0,False,1.0,0.0,1565.114690343832,1507.6417341504061,1809.1700809804872,615.3598178957201,301.52834683008126,True
4->15,4,15,395,407,3.0,0.15,0.44999999999999996,2.55,1.0,True,0.0,1.0,1206.996848697858,1196.846848697858,1436.2162184374295,0.0,239.3693697395716,False
4->16,4,16,395,408,2.0,0.85,1.7,0.30000000000000004,0.0,False,1.0,0.0,1077.5277049132892,1071.614625785588,1285.9375509427057,253.43108532585313,214.32292515711762,True
4->17,4,17,395,409,5.0,0.15,0.75,4.25,0.0,False,1.0,0.0,701.118,697.387,836.8643999999999,188.4190000000001,139.4774,True
4->18,4,18,395,410,6.0,0.15,0.8999999999999999,5.1,0.0,False,1.0,0.0,843.570168579483,822.509,987.0108,518.818168579483,164.5018,True
4->19,4,19,395,412,8.0,0.15,1.2,6.8,0.0,False,1.0,0.0,593.599168579483,593.599168579483,712.3190022953796,518.818168579483,118.71983371589661,True
4->2,4,2,395,393,4.0,0.15,0.6,3.4,0.0,False,1.0,0.0,277.63977134684495,277.63977134684495,333.16772561621394,277.63977134684495,55.52795426936899,True
4->20,4,20,395,413,8.0,0.15,1.2,6.8,1.0,True,0.03880812802028052,0.9611918719797194,908.856,908.856,1090.6272,35.27100000000007,181.77120000000002,False
4->21,4,21,395,414,2.0,0.15,0.3,1.7,1.0,True,0.030099666583319765,0.9699003334166802,1171.807,1171.807,1406.1684,35.271000000000186,234.3614,False
4->22,4,22,395,415,1.0,0.85,0.85,0.15000000000000002,1.0,True,0.15712650492423408,0.8428734950757659,1567.719462022259,1314.953197104643,1577.9438365255717,206.61400000000003,262.99063942092863,False
4->23,4,23,395,416,1.0,0.85,0.85,0.15000000000000002,0.0,False,1.0,0.0,2208.054977335356,2208.054977335356,2649.665972802427,1596.347518303126,441.61099546707123,True
4->24,4,24,395,417,1.0,0.85,0.85,0.15000000000000002,0.0,False,1.0,0.0,1843.114882030243,1843.114882030243,2211.7378584362914,648.8902753475049,368.6229764060486,True
4->26,4,26,395,419,5.0,0.15,0.75,4.25,1.0,True,0.08533057060144211,0.9146694293985579,1829.804632854432,1829.804632854432,2195.7655594253183,156.13827341063097,365.9609265708864,False
4->27,4,27,395,420,3.0,0.85,2.55,0.45000000000000007,0.0,False,1.0,0.0,2674.2932646528516,2496.2659668785536,2995.519160254264,943.1425372327988,499.25319337571074,True
4->28,4,28,395,421,3.0,0.85,2.55,0.45000000000000007,1.0,True,0.11685290326864851,0.8831470967313515,1404.5692953187881,1404.5692953187881,1685.4831543825458,164.12800000000016,280.9138590637576,False
4->29,4,29,395,423,6.0,0.15,0.8999999999999999,5.1,1.0,True,0.1473520365095893,0.8526479634904107,1113.849553001045,1113.849553001045,1336.619463601254,164.1279999999997,222.76991060020902,False
4->3,4,3,395,394,10.0,0.15,1.5,8.5,0.0,False,1.0,0.0,1013.0465195504199,920.332807479788,1104.3993689757456,666.148479214128,184.06656149595761,True
4->30,4,30,395,424,1.0,0.85,0.85,0.15000000000000002,0.0,False,1.0,0.0,997.5189999999999,919.65329476186,1103.583953714232,584.3019999999999,183.93065895237203,True
4->5,4,5,395,396,10.0,0.15,1.5,8.5,1.0,True,0.0,1.0,345.503,298.099674455639,357.7196093467668,0.0,59.6199348911278,False
4->6,4,6,395,397,19.0,0.15,2.85,16.15,1.0,True,0.0,1.0,780.2786972395791,659.54171864188,791.450062370256,0.0,131.90834372837602,False
4->7,4,7,395,398,7.0,0.15,1.05,5.95,0.0,False,1.0,0.0,1100.896049800043,1095.818673336721,1314.9824080040653,805.4651619076691,219.16373466734422,True
4->8,4,8,395,399,14.0,0.15,2.1,11.9,1.0,True,0.039007285520595625,0.9609927144794044,1608.946148378292,1488.209169780593,1785.8510037367114,58.05100000000016,297.6418339561186,False
4->9,4,9,395,401,2.0,0.15,0.3,1.7,1.0,True,0.14900034213718022,0.8509996578628198,1479.293220362424,1479.293220362424,1775.151864434909,220.4151959552123,295.8586440724848,False
5->10,5,10,396,402,1.0,0.15,0.15,0.85,1.0,True,0.14498750561671503,0.855012494383285,1772.7334149376557,1772.7334149376557,2127.2800979251865,257.0241959552118,354.54668298753114,False
5->11,5,11,396,403,2.0,0.15,0.3,1.7,1.0,True,0.14585697819502572,0.8541430218049743,2345.0314149376554,2345.0314149376554,2814.0376979251864,342.0391959552119,469.0062829875311,False
5->12,5,12,396,404,3.0,0.15,0.44999999999999996,2.55,0.0,False,1.0,0.0,2544.660590832402,2304.6646897382466,2765.597627685896,732.1264353008137,460.93293794764935,True
5->13,5,13,396,405,40.0,0.15,6.0,34.0,1.0,True,0.19414400580802968,0.8058559941919703,2448.9849416523093,2137.20849516503,2564.650194198036,414.9262184982899,427.441699033006,False
5->14,5,14,396,406,13.0,0.15,1.95,11.049999999999999,1.0,True,0.13947618811865806,0.860523811881342,1362.2902935450688,1347.870734150406,1617.4448809804871,187.99587207599575,269.5741468300812,False
5->15,5,15,396,407,6.0,0.15,0.8999999999999999,5.1,0.0,False,1.0,0.0,1052.8088520003898,1035.287848697858,1242.3454184374295,264.99784147742093,207.0575697395716,True
5->16,5,16,396,408,4.0,0.15,0.6,3.4,0.0,False,1.0,0.0,986.617704913289,905.365481024463,1086.4385772293556,254.01208532585292,181.0730962048926,True
5->17,5,17,396,409,4.0,0.15,0.6,3.4,1.0,True,0.0,1.0,535.828,535.828,642.9935999999999,0.0,107.1656,False
5->18,5,18,396,410,8.0,0.15,1.2,6.8,1.0,True,0.0,1.0,908.5799999999999,774.25,929.0999999999999,0.0,154.85000000000002,False
5->19,5,19,396,412,8.0,0.15,1.2,6.8,1.0,True,0.0,1.0,908.0279999999999,773.385,928.0619999999999,0.0,154.67700000000002,False
5->2,5,2,396,393,4.0,0.15,0.6,3.4,1.0,True,0.17242413968574566,0.8275758603142543,595.966835612215,569.335590170867,683.2027082050404,98.16719932768802,113.86711803417342,False
5->20,5,20,396,413,7.0,0.15,1.05,5.95,1.0,True,0.17001736049536964,0.8299826395046304,1099.6229999999998,1099.6229999999998,1319.5475999999996,186.9549999999998,219.92459999999997,False
5->21,5,21,396,414,2.0,0.15,0.3,1.7,1.0,True,0.1372072269102447,0.8627927730897553,1362.5739999999996,1362.5739999999996,1635.0887999999995,186.9549999999997,272.5147999999999,False
5->22,5,22,396,415,1.0,0.85,0.85,0.15000000000000002,0.0,False,1.0,0.0,1611.6159728617788,1459.3442697432522,1751.2131236919026,558.2420511046407,291.86885394865044,True
5->26,5,26,396,419,3.0,0.15,0.44999999999999996,2.55,1.0,True,0.15234415271671153,0.8476558472832885,2020.5716328544318,2020.5716328544318,2424.685959425318,307.8222734106307,404.11432657088636,False
5->27,5,27,396,420,1.0,0.85,0.85,0.15000000000000002,0.0,False,1.0,0.0,2859.245781251906,2693.175641334192,3231.81076960103,971.3713740467304,538.6351282668384,True
5->28,5,28,396,421,2.0,0.15,0.3,1.7,1.0,True,0.19795951544930684,0.8020404845506932,1595.3362953187875,1595.3362953187875,1914.4035543825448,315.81199999999944,319.06725906375755,False
5->29,5,29,396,423,1.0,0.15,0.15,0.85,0.0,False,1.0,0.0,1304.6165530010448,1304.6165530010448,1565.5398636012537,315.81199999999967,260.923310600209,True
5->3,5,3,396,394,5.0,0.15,0.75,4.25,0.0,False,1.0,0.0,1059.030634311984,1059.030634311984,1270.8367611743806,688.2136343119839,211.8061268623968,True
5->4,5,4,396,395,10.0,0.15,1.5,8.5,1.0,True,0.0,1.0,345.503,298.09967445563905,357.71960934676684,0.0,59.61993489112781,False
5->6,5,6,396,397,20.0,0.15,3.0,17.0,0.0,False,1.0,0.0,446.38604418624095,446.38604418624095,535.6632530234891,316.470658244799,89.2772088372482,True
5->7,5,7,396,398,15.0,0.15,2.25,12.75,0.0,False,1.0,0.0,1026.1165222043583,920.1669234205891,1104.200308104707,688.2136343119843,184.03338468411783,True
5->8,5,8,396,399,13.0,0.15,1.95,11.049999999999999,1.0,True,0.14567295441742933,0.8543270455825707,1492.7321667653348,1275.0534953249542,1530.064194389945,185.74080970425598,255.01069906499083,False
5->9,5,9,396,401,1.0,0.85,0.85,0.15000000000000002,1.0,True,0.16787882401585713,0.8321211759841429,1312.942220362424,1312.942220362424,1575.5306644349087,220.41519595521208,262.58844407248483,False
6->1,6,1,397,392,4.0,0.85,3.4,0.6000000000000001,0.0,False,1.0,0.0,1554.531007882122,1296.2041876298113,1555.4450251557735,774.2523106425429,259.24083752596226,True
6->10,6,10,397,402,7.0,0.15,1.05,5.95,1.0,True,0.1989310760256437,0.8010689239743563,1405.4375090152898,1405.4375090152898,1686.5250108183477,279.58519595521193,281.087501803058,False
6->11,6,11,397,403,24.0,0.15,3.5999999999999996,20.4,1.0,True,0.1843523536353685,0.8156476463646315,1977.7355090152898,1977.7355090152898,2373.2826108183476,364.60019595521226,395.547101803058,False
6->12,6,12,397,404,5.0,0.85,4.25,0.7500000000000001,1.0,True,0.1753821203849157,0.8246178796150843,2089.254906270729,2089.254906270729,2507.1058875248746,366.4179554863488,417.85098125414584,False
6->13,6,13,397,405,39.0,0.15,5.85,33.15,1.0,True,0.15938706472464648,0.8406129352753535,2186.189930887083,2186.189930887083,2623.4279170644995,348.4503960146699,437.2379861774166,False
6->14,6,14,397,406,35.0,0.15,5.25,29.75,1.0,True,0.17352575418559174,0.8264742458144083,1285.7584684235342,1285.7584684235342,1542.910162108241,223.11220793370512,257.15169368470686,False
6->15,6,15,397,407,13.0,0.15,1.95,11.049999999999999,1.0,True,0.13935722288792282,0.8606427771120772,918.072865917471,887.151720147505,1064.582064177006,123.63099999999997,177.43034402950101,False
6->16,6,16,397,408,15.0,0.15,2.25,12.75,1.0,True,0.16945078864338808,0.830549211356612,539.967979686179,539.967979686179,647.9615756234148,91.49799999999999,107.9935959372358,False
6->17,6,17,397,409,14.0,0.15,2.1,11.9,0.0,False,1.0,0.0,834.793847882601,834.793847882601,1001.7526174591211,211.11632675200087,166.9587695765202,True
6->18,6,18,397,410,23.0,0.15,3.4499999999999997,19.55,1.0,True,0.1748308994827715,0.8251691005172285,1207.545847882601,1207.545847882601,1449.0550174591212,211.1163267520011,241.5091695765202,False
6->19,6,19,397,412,15.0,0.15,2.25,12.75,1.0,True,0.1749108556952111,0.825089144304789,1206.9938478826011,1206.9938478826011,1448.3926174591213,211.1163267520012,241.39876957652024,False
6->2,6,2,397,393,11.0,0.15,1.65,9.35,1.0,True,0.10546793960674866,0.8945320603932514,1030.7425328517938,930.777634357108,1116.9331612285296,98.16719932768785,186.1555268714216,False
6->20,6,20,397,413,10.0,0.15,1.5,8.5,1.0,True,0.12184251742153873,0.8781574825784613,1534.3986972395787,1534.3986972395787,1841.2784366874944,186.9549999999997,306.87973944791577,False
6->21,6,21,397,414,1.0,0.15,0.15,0.85,1.0,True,0.10401704258616494,0.895982957413835,1797.3496972395787,1797.3496972395787,2156.8196366874945,186.95499999999993,359.46993944791575,False
6->22,6,22,397,415,3.0,0.15,0.44999999999999996,2.55,0.0,False,1.0,0.0,1929.8157257647392,1859.7244764483653,2231.669371738038,502.96210676802184,371.94489528967307,True
6->23,6,23,397,416,1.0,0.85,0.85,0.15000000000000002,1.0,True,0.1702145028991489,0.8297854971008511,2669.341421438034,2669.341421438034,3203.209705725641,454.3606231181825,533.8682842876068,False
6->24,6,24,397,417,1.0,0.85,0.85,0.15000000000000002,0.0,False,1.0,0.0,2387.886161373965,2387.886161373965,2865.463393648758,841.851647870463,477.577232274793,True
6->25,6,25,397,418,1.0,0.85,0.85,0.15000000000000002,0.0,False,1.0,0.0,2580.555868046282,2466.284736654564,2959.5416839854765,510.81100000000106,493.2569473309128,True
6->26,6,26,397,419,5.0,0.15,0.75,4.25,1.0,True,0.12536811783726123,0.8746318821627388,2455.347330094011,2455.347330094011,2946.416796112813,307.8222734106307,491.0694660188022,False
6->27,6,27,397,420,2.0,0.85,1.7,0.30000000000000004,0.0,False,1.0,0.0,3292.7494666197235,3054.617685520434,3665.5412226245207,745.369488959047,610.9235371040868,True
6->28,6,28,397,421,4.0,0.15,0.6,3.4,1.0,True,0.15556383153128917,0.8444361684687108,2030.1119925583662,2030.1119925583662,2436.1343910700393,315.81199999999944,406.02239851167326,False
6->29,6,29,397,423,5.0,0.15,0.75,4.25,1.0,True,0.18156456656416098,0.818435433435839,1739.3922502406235,1739.3922502406235,2087.2707002887482,315.81199999999944,347.8784500481247,False
6->3,6,3,397,394,19.0,0.15,2.85,16.15,0.0,False,1.0,0.0,1382.2586812744848,1382.2586812744848,1658.7104175293819,966.4702953330428,276.45173625489696,True
6->30,6,30,397,424,3.0,0.85,2.55,0.45000000000000007,0.0,False,1.0,0.0,1708.035905922366,1478.00501340374,1773.606016084488,606.8629999999998,295.60100268074797,True
6->4,6,4,397,395,26.0,0.15,3.9,22.099999999999998,1.0,True,0.0,1.0,780.2786972395788,659.5417186418799,791.4500623702559,0.0,131.908343728376,False
6->5,6,5,397,396,18.0,0.15,2.6999999999999997,15.299999999999999,0.0,False,1.0,0.0,446.38604418624095,446.38604418624095,535.6632530234891,316.470658244799,89.2772088372482,True
6->7,6,7,397,398,37.0,0.15,5.55,31.45,0.0,False,1.0,0.0,1103.884525459354,1015.977604306665,1219.1731251679978,853.265134433524,203.195520861333,True
6->8,6,8,397,399,55.0,0.15,8.25,46.75,1.0,True,0.0700534332804182,0.9299465667195818,828.667451138713,828.667451138713,994.4009413664555,58.051000000000045,165.7334902277426,False
6->9,6,9,397,401,5.0,0.15,0.75,4.25,1.0,True,0.18316644271185017,0.8168335572881498,980.735188149364,945.6463144400581,1134.7755773280696,173.21067147955716,189.12926288801162,False
7->1,7,1,398,392,2.0,0.85,1.7,0.30000000000000004,0.0,False,1.0,0.0,1439.871584683669,1297.878994399504,1557.4547932794048,549.2227087433998,259.57579887990084,True
7->10,7,10,398,402,5.0,0.15,0.75,4.25,0.0,False,1.0,0.0,2205.877028655974,2205.877028655974,2647.0524343871684,1347.7702020080837,441.1754057311948,True
7->11,7,11,398,403,3.0,0.85,2.55,0.45000000000000007,0.0,False,1.0,0.0,2778.1750286559736,2778.1750286559736,3333.8100343871683,1432.7852020080838,555.6350057311947,True
7->12,7,12,398,404,2.0,0.15,0.3,1.7,0.0,False,1.0,0.0,3028.0836958764658,3028.0836958764658,3633.7004350517586,1346.5677450920857,605.6167391752932,True
7->13,7,13,398,405,7.0,0.15,1.05,5.95,0.0,False,1.0,0.0,2938.3149981989277,2917.1174185856185,3500.540902302742,1117.851915909738,583.4234837171238,True
7->14,7,14,398,406,9.0,0.15,1.3499999999999999,7.6499999999999995,0.0,False,1.0,0.0,2246.883198515525,2127.779657570995,2553.335589085194,1253.7030993212359,425.555931514199,True
7->15,7,15,398,407,4.0,0.15,0.6,3.4,0.0,False,1.0,0.0,1827.3327923370932,1809.371453505329,2171.2457442063946,780.6029385548472,361.87429070106583,True
7->16,7,16,398,408,2.0,0.85,1.7,0.30000000000000004,0.0,False,1.0,0.0,1645.7143791821288,1478.7967692919158,1774.5561231502988,1034.0683944115617,295.7593538583832,True
7->17,7,17,398,409,2.0,0.15,0.3,1.7,0.0,False,1.0,0.0,1315.7369234205892,1315.7369234205892,1578.8843081047069,773.8249183362011,263.14738468411787,True
7->18,7,18,398,410,8.0,0.15,1.2,6.8,0.0,False,1.0,0.0,1695.2669436392353,1670.0464259198807,2004.0557111038568,780.6029385548472,334.00928518397615,True
7->19,7,19,398,412,5.0,0.15,0.75,4.25,0.0,False,1.0,0.0,1694.7149436392351,1669.181425919881,2003.017711103857,780.6029385548471,333.8362851839762,True
7->2,7,2,398,393,5.0,0.85,4.25,0.7500000000000001,1.0,True,0.19071771517268815,0.8092822848273118,1413.8743693132012,1355.304169576822,1626.3650034921864,258.480514585709,271.0608339153644,False
7->20,7,20,398,413,11.0,0.85,9.35,1.6500000000000004,1.0,True,0.19872080551328142,0.8012791944867186,2069.2703606300756,1990.456520290963,2388.5478243491557,395.54512305138337,398.09130405819263,False
7->21,7,21,398,414,1.0,0.15,0.15,0.85,0.0,False,1.0,0.0,2548.837360630075,2253.407520290963,2704.0890243491554,793.127123051383,450.6815040581926,True
7->22,7,22,398,415,1.0,0.85,0.85,0.15000000000000002,1.0,True,0.11003731498972741,0.8899626850102726,2704.151991003407,2349.026006403733,2818.8312076844795,258.480514585709,469.8052012807466,False
7->26,7,26,398,419,3.0,0.15,0.44999999999999996,2.55,1.0,True,0.1474191332925085,0.8525808667074914,2896.721284669634,2896.721284669634,3476.0655416035606,427.03214117595917,579.3442569339268,False
7->27,7,27,398,420,1.0,0.85,0.85,0.15000000000000002,0.0,False,1.0,0.0,3766.7756409488766,3263.847602948844,3916.6171235386123,1804.463784345895,652.7695205897688,True
7->28,7,28,398,421,4.0,0.15,0.6,3.4,0.0,False,1.0,0.0,2622.8956134615905,2459.479515711454,2951.3754188537446,865.0261924457222,491.8959031422908,True
7->29,7,29,398,423,1.0,0.85,0.85,0.15000000000000002,1.0,True,0.07923171218204841,0.9207682878179516,2180.555699123378,2180.555699123378,2616.6668389480533,172.76916154986884,436.1111398246756,False
7->3,7,3,398,394,24.0,0.15,3.5999999999999996,20.4,1.0,True,0.0,1.0,623.775887892374,623.775887892374,748.5310654708488,0.0,124.75517757847481,False
7->30,7,30,398,424,2.0,0.85,1.7,0.30000000000000004,0.0,False,1.0,0.0,1777.0781170334922,1687.2349308321502,2024.6819169985802,523.3439364326462,337.44698616643007,True
7->4,7,4,398,395,9.0,0.15,1.3499999999999999,7.6499999999999995,0.0,False,1.0,0.0,1133.821926519822,1095.8186733367208,1314.982408004065,838.391038627448,219.1637346673442,True
7->5,7,5,398,396,16.0,0.15,2.4,13.6,0.0,False,1.0,0.0,1026.116522204358,920.1669234205891,1104.200308104707,688.213634311984,184.03338468411783,True
7->6,7,6,398,397,29.0,0.15,4.35,24.65,0.0,False,1.0,0.0,1097.1065052407082,1016.3377896057368,1219.605347526884,846.4871142148781,203.2675579211474,True
7->8,7,8,398,399,37.0,0.15,5.55,31.45,0.0,False,1.0,0.0,1030.320943500469,1030.320943500469,1236.3851322005628,988.1789435004689,206.0641887000938,True
7->9,7,9,398,401,2.0,0.85,1.7,0.30000000000000004,0.0,False,1.0,0.0,2073.1547128244006,1746.0858340807417,2095.30300089689,997.1367856944346,349.2171668161484,True
8->1,8,1,399,392,2.0,0.85,1.7,0.30000000000000004,0.0,False,1.0,0.0,2392.355339825806,2124.8716387685236,2549.845966522228,814.660100219797,424.97432775370476,True
8->10,8,10,399,402,38.0,0.15,5.7,32.3,1.0,True,0.15760345364866896,0.842396546351331,1649.6339006603716,1649.6339006603716,1979.560680792446,259.98799999999983,329.9267801320743,False
8->11,8,11,399,403,29.0,0.15,4.35,24.65,1.0,True,0.15527163541666725,0.8447283645833328,2221.9319006603714,2221.9319006603714,2666.3182807924454,345.0029999999997,444.3863801320743,False
8->12,8,12,399,404,14.0,0.85,11.9,2.1000000000000005,1.0,True,0.1999520655608854,0.8000479344391146,2911.328619780316,2612.2362755846193,3134.683530701543,522.3220390362189,522.4472551169239,False
8->13,8,13,399,405,14.0,0.15,2.1,11.9,1.0,True,0.15492947493820117,0.8450705250617988,2927.050361660925,2927.050361660925,3512.4604339931097,453.4863756497989,585.410072332185,False
8->14,8,14,399,406,21.0,0.15,3.15,17.849999999999998,1.0,True,0.16191904047613206,0.838080959523868,2026.618899197376,2026.618899197376,2431.942679036851,328.14818756883415,405.32377983947526,False
8->15,8,15,399,407,4.0,0.15,0.6,3.4,1.0,True,0.15978873444733546,0.8402112655526646,1690.330677938286,1658.4295620004586,1990.1154744005503,264.99836088210213,331.68591240009175,False
8->16,8,16,399,408,8.0,0.15,1.2,6.8,1.0,True,0.15132041408357064,0.8486795859164293,1291.630916265704,1280.828410460021,1536.994092552025,193.81548544081193,256.1656820920042,False
8->17,8,17,399,409,5.0,0.85,4.25,0.7500000000000001,1.0,True,0.15523132104017529,0.8447686789598248,1667.366454976993,1652.894447529385,1983.473337035262,256.5809886299571,330.578889505877,False
8->18,8,18,399,410,11.0,0.15,1.65,9.35,1.0,True,0.18960585422714946,0.8103941457728505,2040.2614549769933,2020.902731046007,2425.083277255208,383.1749886299574,404.1805462092014,False
8->19,8,19,399,412,14.0,0.15,2.1,11.9,1.0,True,0.18698258226273035,0.8130174177372697,2020.8977310460068,2020.8977310460068,2425.077277255208,377.8726762398751,404.17954620920136,False
8->2,8,2,399,393,8.0,0.15,1.2,6.8,1.0,True,0.12831555859511007,0.8716844414048899,1851.403172308423,1759.4450854958204,2111.3341025949844,225.76417896281737,351.8890170991641,False
8->20,8,20,399,413,21.0,0.15,3.15,17.849999999999998,1.0,True,0.13356435429622676,0.8664356457037732,2355.059336696208,2355.059336696208,2826.0712040354497,314.5519796351291,471.01186733924163,False
8->21,8,21,399,414,4.0,0.15,0.6,3.4,0.0,False,1.0,0.0,2614.3937310460074,2614.3937310460074,3137.2724772552087,758.4476762398756,522.8787462092015,True
8->22,8,22,399,415,2.0,0.85,1.7,0.30000000000000004,1.0,True,0.15593175478930496,0.844068245210695,2606.776202307658,2606.776202307658,3128.1314427691896,406.47918756883337,521.3552404615316,False
8->23,8,23,399,416,1.0,0.85,0.85,0.15000000000000002,1.0,True,0.16403621456908274,0.8359637854309172,3410.2018522118756,3410.2018522118756,4092.2422226542503,559.3966027533106,682.0403704423752,False
8->24,8,24,399,417,1.0,0.85,0.85,0.15000000000000002,1.0,True,0.12966100196886898,0.870338998031131,3134.9378872332577,3134.9378872332577,3761.925464679909,406.47918756883337,626.9875774466516,False
8->25,8,25,399,418,1.0,0.85,0.85,0.15000000000000002,0.0,False,1.0,0.0,3342.514668078872,3271.306669525855,3925.5680034310258,1119.08325686424,654.261333905171,True
8->26,8,26,399,419,7.0,0.85,5.95,1.0500000000000003,1.0,True,0.19157926889299137,0.8084207311070086,3273.6733639004387,3273.6733639004387,3928.4080366805265,627.1679496505058,654.7346727800877,False
8->27,8,27,399,420,4.0,0.85,3.4,0.6000000000000001,0.0,False,1.0,0.0,4309.540945400013,3883.285136659146,4659.942163990975,1013.4810288457784,776.6570273318292,True
8->28,8,28,399,421,6.0,0.15,0.8999999999999999,5.1,1.0,True,0.15553993140509292,0.8444600685949071,2850.7726320149955,2850.7726320149955,3420.9271584179946,443.4089796351286,570.1545264029991,False
8->29,8,29,399,423,2.0,0.15,0.3,1.7,1.0,True,0.17320305428829083,0.8267969457117091,2560.052889697253,2560.052889697253,3072.063467636703,443.40897963512907,512.0105779394506,False
8->3,8,3,399,394,12.0,0.15,1.7999999999999998,10.2,0.0,False,1.0,0.0,1653.7366460937708,1653.7366460937708,1984.4839753125248,987.8187582013967,330.7473292187542,True
8->4,8,4,399,395,12.0,0.15,1.7999999999999998,10.2,1.0,True,0.03900728552059548,0.9609927144794045,1608.9461483782918,1488.2091697805927,1785.8510037367112,58.05099999999993,297.64183395611855,False
8->5,8,5,399,396,12.0,0.15,1.7999999999999998,10.2,1.0,True,0.10007186373196872,0.8999281362680313,1434.588336696208,1275.0534953249537,1530.0641943899443,127.59697963512917,255.01069906499075,False
8->6,8,6,399,397,42.0,0.15,6.3,35.699999999999996,1.0,True,0.07005343328041808,0.9299465667195819,828.6674511387129,828.6674511387129,994.4009413664554,58.05099999999993,165.73349022774258,False
8->7,8,7,399,398,35.0,0.15,5.25,29.75,0.0,False,1.0,0.0,1029.960758201397,1029.960758201397,1235.9529098416765,987.818758201397,205.99215164027942,True
8->9,8,9,399,401,25.0,0.15,3.75,21.25,1.0,True,0.18773826057644966,0.8122617394235503,1189.84270608514,1189.84270608514,1427.8112473021679,223.37900000000002,237.96854121702802,False
9->1,9,1,401,392,1.0,0.85,0.85,0.15000000000000002,0.0,False,1.0,0.0,2235.844363805994,2235.844363805994,2683.0132365671925,998.3493393987821,447.1688727611988,True
9->10,9,10,401,402,7.0,0.15,1.05,5.95,1.0,True,0.07962092452383839,0.9203790754761616,459.791194575232,459.791194575232,551.7494334902784,36.60900000000004,91.95823891504641,False
9->11,9,11,401,403,12.0,0.15,1.7999999999999998,10.2,1.0,True,0.11784252818387025,0.8821574718161298,1032.0891945752317,1032.0891945752317,1238.507033490278,121.62399999999968,206.41783891504633,False
9->12,9,12,401,404,2.0,0.15,0.3,1.7,0.0,False,1.0,0.0,1538.5503791970111,1515.9005525220969,1819.0806630265163,392.40843530081315,303.18011050441936,True
9->13,9,13,401,405,4.0,0.85,3.4,0.6000000000000001,1.0,True,0.18218323339269643,0.8178167666073035,2171.32568532216,1858.925550872366,2230.710661046839,338.66506749422706,371.78511017447323,False
9->14,9,14,401,406,4.0,0.85,3.4,0.6000000000000001,1.0,True,0.10245501477756856,0.8975449852224314,984.3344439405598,984.3344439405598,1181.2013327286718,100.8499999999998,196.86688878811196,False
9->15,9,15,401,407,1.0,0.15,0.15,0.85,1.0,True,0.163793574068776,0.836206425931224,818.8720946944769,695.0557866925461,834.0669440310553,113.84567147955693,139.01115733850924,False
9->16,9,16,401,408,6.0,0.85,5.1,0.9000000000000001,1.0,True,0.18538736528169392,0.814612634718306,440.767208463185,440.767208463185,528.9206501558219,81.712671479557,88.153441692637,False
9->17,9,17,401,409,1.0,0.15,0.15,0.85,1.0,True,0.17955078564219523,0.8204492143578048,817.1769133764741,817.1769133764741,980.6122960517689,146.72475680541004,163.43538267529482,False
9->18,9,18,401,410,2.0,0.15,0.3,1.7,0.0,False,1.0,0.0,1214.854999061065,1074.1229439827641,1288.9475327793168,296.517838096197,214.82458879655283,True
9->19,9,19,401,412,2.0,0.15,0.3,1.7,1.0,True,0.13660022870613583,0.8633997712938641,1189.376913376474,1074.1179439827638,1288.9415327793165,146.72475680540992,214.82358879655277,False
9->2,9,2,401,393,4.0,0.85,3.4,0.6000000000000001,1.0,True,0.1841775376388877,0.8158224623611123,1729.7570559746396,1729.7570559746396,2075.7084671695675,318.58239528290073,345.9514111949279,False
9->20,9,20,401,413,1.0,0.15,0.15,0.85,0.0,False,1.0,0.0,1669.912385728192,1410.5019439827636,1692.6023327793162,455.97202793189217,282.10038879655275,True
9->21,9,21,401,414,1.0,0.85,0.85,0.15000000000000002,1.0,True,0.1074475304350488,0.8925524695649512,1835.6187055658738,1667.613943982764,2001.1367327793168,179.1809999999998,333.52278879655285,False
9->26,9,26,401,419,1.0,0.85,0.85,0.15000000000000002,1.0,True,0.09999597846510386,0.9000040215348961,2503.453210596269,2326.893576837196,2792.2722922046355,232.68000000000075,465.37871536743927,False
9->28,9,28,401,421,1.0,0.15,0.15,0.85,0.0,False,1.0,0.0,2184.9779193999134,1960.3300923598904,2352.3961108318686,423.1212956859092,392.0660184719781,True
9->3,9,3,401,394,2.0,0.85,1.7,0.30000000000000004,0.0,False,1.0,0.0,2447.912831300066,2322.0523551919514,2786.4628262303418,1194.7466747290023,464.4104710383903,True
9->4,9,4,401,395,2.0,0.15,0.3,1.7,1.0,True,0.14900034213718033,0.8509996578628196,1479.2932203624243,1479.2932203624243,1775.1518644349092,220.41519595521254,295.8586440724849,False
9->6,9,6,401,397,3.0,0.15,0.44999999999999996,2.55,1.0,True,0.18316644271185017,0.8168335572881498,980.735188149364,945.6463144400582,1134.7755773280699,173.21067147955716,189.12926288801165,False
9->7,9,7,401,398,3.0,0.85,2.55,0.45000000000000007,0.0,False,1.0,0.0,1745.7256487816699,1745.7256487816699,2094.870778538004,1310.801016709012,349.145129756334,True
9->8,9,8,401,399,19.0,0.15,2.85,16.15,1.0,True,0.18773826057644982,0.8122617394235502,1189.8427060851402,1189.8427060851402,1427.811247302168,223.37900000000025,237.96854121702805,False
